time,true_temperature,measured_temperature,lkf_estimate,ekf_estimate,laser_power,lkf_error_cov,ekf_error_cov
0.0,300.8132054789987,301.8873995145955,301.84389379159575,301.58055310530114,100.0,2.8461229362972826,2.8536957285362563
0.1,303.46947326525896,308.70530677429565,306.76760529157553,306.0963399275573,100.0,1.6523144580559905,1.6637947302763751
0.2,306.1187801244512,304.5381153390883,308.6199517883863,307.5066062509988,100.0,1.1624010587656952,1.175624534296795
0.30000000000000004,308.76110248318463,309.24375452522895,311.4838239086687,309.94268214498084,100.0,0.8966367447622826,0.9108201084281985
0.4,311.3964164356856,311.70245728520416,314.3767220734491,312.41516219192795,100.0,0.7305247261843529,0.7452852825497105
0.5,314.0246977506302,311.5757905770603,316.8785093693889,314.495805959857,100.0,0.6173552722882839,0.6324816867684393
0.6000000000000001,316.64592187812997,316.9747954416276,319.880720555329,317.09938963371764,100.0,0.5356594391737874,0.5510255457139224
0.7000000000000001,319.26006395686784,323.30501026890687,323.3099363113831,320.15526008749566,100.0,0.4741880035739744,0.48970853810712933
0.8,321.8670988213834,325.0914028153972,326.54197001716966,323.0207087203956,100.0,0.4264765260300627,0.44209075929509917
0.9,324.46700100950585,323.56439984111574,329.30608223266677,325.4131897425527,100.0,0.3885454309223019,0.4042110877464022
1.0,327.05974476993157,328.39558223972585,332.2858137993234,328.04319780919536,100.0,0.35781038908556606,0.3734985586884998
1.1,329.6453040699458,327.1845087953618,334.92447545869095,330.3297177956245,100.0,0.3325198637738994,0.3482076762369559
1.2000000000000002,332.2236526032853,332.77441743559274,337.8198562041447,332.8986946644072,100.0,0.31144447152290805,0.3271157791111452
1.3,334.79476379814025,333.5638486873309,340.5655413952165,335.3240008804553,100.0,0.2936957621356585,0.30933681100474697
1.4000000000000001,337.3586108252934,341.1331474991227,343.65727782132865,338.12853366458563,100.0,0.27861559698393995,0.2942160758648967
1.5,339.9151666063937,338.57226598002563,346.3614726586905,340.53788123498026,100.0,0.2657059948328161,0.28125624352377776
1.6,342.46440382236256,339.9606561633293,348.9868632388492,342.87777266912815,100.0,0.2545831662574194,0.2700768529968602
1.7000000000000002,345.0062949219302,344.7034110026781,351.7473647521676,345.3753619192754,100.0,0.2449465348700015,0.2603787836271889
1.8,347.54081213029923,352.19428365371164,354.7846248485998,348.182168753484,100.0,0.23655733781434432,0.25192363282376057
1.9000000000000001,350.0679274579335,347.1165045764469,357.34124600794064,350.49137478231717,100.0,0.22922351844355915,0.2445190891438109
2.0,352.58761270946883,352.321145314547,360.045393000107,352.9723332506373,100.0,0.22278885285098815,0.23801146327326483
2.1,355.09983949274414,358.0016946669924,362.9042434489369,355.63316749513467,100.0,0.21712498702282068,0.23227223653535223
2.2,357.60457922794836,356.88612203879023,365.5392814342569,358.0688403689797,100.0,0.21212551377194014,0.2271948147455549
2.3000000000000003,360.10180315688183,359.8655227224434,368.1842917396582,360.529298043179,100.0,0.20770150415018102,0.22269144699242055
2.4000000000000004,362.5914823523287,360.7844702923288,370.7318728809586,362.89915976659194,100.0,0.20377809240557365,0.21868743430457302
2.5,365.07358772753685,362.77932764176546,373.2434613767084,365.24403352184345,100.0,0.20029183507042864,0.2151198485938318
2.6,367.5480900458031,370.0617848623881,375.98156731123004,367.84579928106535,100.0,0.1971886463712866,0.2119348254011103
2.7,370.0149599301597,364.52256454661614,378.3028704377332,370.01276221412684,100.0,0.19442216789582514,0.2090852508587883
2.8000000000000003,372.4741678731592,371.43721026298243,380.8376062272921,372.42218651172414,100.0,0.1919524691302375,0.20653281391063855
2.9000000000000004,374.9256842467547,375.40522877741137,383.4283693182765,374.904651502521,100.0,0.18974500270654787,0.20424214452013095
3.0,377.36947931227115,377.4637651345547,385.9805019945434,377.3580086550081,100.0,0.18776975761975478,0.20218305043515253
3.1,379.80552323046516,372.7160212292819,388.17959359150734,379.44328871503285,100.0,0.18600056769852305,0.20032953380016122
3.2,382.2337860716695,383.38844265115233,390.7606398590045,381.9516907543508,100.0,0.18441454285604003,0.1986599904397131
3.3000000000000003,384.6542378260181,384.5141492743821,393.2600956443304,384.3837233079963,100.0,0.18299159820871513,0.1971528171986268
3.4000000000000004,387.06684841374863,386.570607701101,395.7251485829096,386.78985304727627,100.0,0.18171406178726116,0.19579065314541613
3.5,389.4715876955783,387.28187542833933,398.09681093521226,389.10616854784945,100.0,0.18056634580606953,0.19455801348831292
3.6,391.86842548314957,392.5880146704467,400.58676962065334,391.5603860909495,100.0,0.17953466967591888,0.19344142572330505
3.7,394.2573315495412,395.02789038902114,403.059280667669,394.00593169913134,100.0,0.1786068254082811,0.19242816831910356
3.8000000000000003,396.6382756398414,395.0204406490696,405.40629196401,396.3260491619834,100.0,0.177771977958808,0.19150744146400941
3.9000000000000004,399.0112274817783,399.1315436767338,407.81723945600277,398.7244289977575,100.0,0.17702049453272165,0.19067005109245203
4.0,401.3761567964042,403.5688081515969,410.3024370430943,401.2118249627313,100.0,0.17634379802839134,0.18990709674533848
4.1000000000000005,403.7330333088293,403.75370529750563,412.67051369135163,403.5818272647395,100.0,0.17573424070334795,0.1892105899614338
4.2,406.08182675900053,407.00579455962105,415.06225854722356,405.9856588683887,100.0,0.17518499486607214,0.18857412986423058
4.3,408.42250691252104,409.37158732808217,417.4374185316683,408.3796513287267,100.0,0.17468995796976425,0.18799145420385033
4.4,410.75504357150686,411.29764267035085,419.7775743782637,410.74365297038753,100.0,0.1742436699432666,0.18745711295136983
4.5,413.0794065854752,415.90899677802173,422.2011871892969,413.204746598791,100.0,0.17384124096401468,0.18696629791547204
4.6000000000000005,415.3955658622607,413.12607552660955,424.38287245500715,415.41273119365286,100.0,0.17347828817725283,0.18651422403097975
4.7,417.7034913789548,416.9405045476373,426.6211470123965,417.68823236090935,100.0,0.17315088010937052,0.18609790783603633
4.800000000000001,420.0031531928644,421.14303943856265,428.9296088752168,420.0455226452337,100.0,0.1728554877224413,0.1857134766818168
4.9,422.2945214524835,419.4652717688904,431.0506896530437,422.20763531080377,100.0,0.1725889412207378,0.18535738712205616
5.0,424.57756640847566,426.55625315293855,433.3720005786399,424.5905026069452,100.0,0.1723483918551058,0.1850275173078906
5.1000000000000005,426.85225842466065,426.75971649656987,435.58654197510555,426.8642667084509,100.0,0.1721312780830977,0.18472035248264862
5.2,429.1185679890012,432.2398063881595,437.92661789979593,429.27789858016223,100.0,0.17193529553604026,0.1844340055189359
5.300000000000001,431.3764657245855,430.4089896434873,440.07170997399874,431.48736808228045,100.0,0.1717583703222048,0.1841657966995059
5.4,433.6259224006004,435.9105982515917,442.3463934737694,433.84040673150935,100.0,0.171598635260736,0.18391467957069976
5.5,435.86690894329035,437.2127786823408,444.56393425743727,436.13661896706117,100.0,0.17145440869619932,0.1836783224165085
5.6000000000000005,438.0993964468975,435.6186003549519,446.60315889255503,438.24603860354546,100.0,0.171324175590326,0.18345542731548214
5.7,440.3233561845785,438.8167953737558,448.67825084850983,440.3978003582405,100.0,0.1712065706272195,0.18324536796154273
5.800000000000001,442.5387596192921,447.8499064138289,451.036922349575,442.8566570387162,100.0,0.17110036310212393,0.183046644598863
5.9,444.7455784146541,445.3741411713246,453.1727143529041,445.08059981828194,100.0,0.1710044433928057,0.18285678442187153
6.0,446.9437844457536,445.2298780328629,455.19651369044016,447.1880966978093,100.0,0.17091781083745394,0.18267582214721148
6.1000000000000005,449.13334980992613,448.31853196569347,457.25202573006095,449.3325473172294,100.0,0.17083956286441668,0.18250330879168636
6.2,451.3142468374794,451.4872059154349,459.3410360424865,451.5156348580999,100.0,0.17076888523759062,0.18233818886563224
6.300000000000001,453.48644810236556,456.42350790477906,461.53726759276316,453.81581795559225,100.0,0.17070504329731778,0.18217949765873862
6.4,455.64992643279606,457.720972079943,463.6800711884042,456.06145546504933,100.0,0.17064737409058256,0.18202601399028487
6.5,457.80465492179417,459.4892373737287,465.7921889844987,458.2766561296942,100.0,0.17059527929645285,0.18187738282441984
6.6000000000000005,459.9506069376797,459.32261643871925,467.792643946078,460.3749846238768,100.0,0.17054821886332905,0.1817331817882459
6.7,462.087756134482,461.29752375230913,469.7782930915029,462.45953190382994,100.0,0.17050570528386846,0.18159342333964748
6.800000000000001,464.2160764622754,467.26707274594634,471.92009968992716,464.71214167352286,100.0,0.17046729844162395,0.18145766228995333
6.9,466.3355421774335,467.3500426653357,473.95943822834374,466.85736334648226,100.0,0.17043260097062735,0.18132466237876546
7.0,468.44612785279645,469.1707800111732,475.9754387148671,468.979286434616,100.0,0.17040125407549123,0.1811945630572344
7.1000000000000005,470.5478083877471,470.88720084583707,477.9648108067456,471.0742966139125,100.0,0.17037293376520796,0.18106710978618717
7.2,472.64055901819114,470.00426673282607,479.8181728526855,473.0261018479058,100.0,0.17034734745878685,0.1809420920903813
7.300000000000001,474.7243553264368,473.934068502008,481.74721519499013,475.0594439800443,100.0,0.17032423092527155,0.18081987485786563
7.4,476.79917325096903,477.4026816629716,483.728530137182,477.14929562424385,100.0,0.17030334552458812,0.18069972826870562
7.5,478.86498909611413,476.82425305315667,485.5872256074782,479.1100225673054,100.0,0.17028447571915056,0.18058110416255885
7.6000000000000005,480.9217795415898,481.30035163180446,487.54454175600836,481.1761256423829,100.0,0.1702674268292479,0.18046440276973902
7.7,482.96952165193676,483.04424068513066,489.4792850065455,483.21902137412695,100.0,0.17025202300799788,0.1803488517167211
7.800000000000001,485.00819288582693,483.40990247281,491.3339141658747,485.177710216685,100.0,0.17023810541411835,0.18023437542930038
7.9,487.0377711052438,485.67375499530203,493.193179388957,487.1418543603882,100.0,0.17022553056297102,0.18012121142205564
8.0,489.0582345845316,490.0976140440864,495.1487624038654,489.2083165255518,100.0,0.17021416883830348,0.1800091343727167
8.1,491.0695620193077,487.2114831783753,496.88483719016335,491.0430956704557,100.0,0.17020390314888137,0.1798974509707703
8.200000000000001,493.07173253523547,493.6712445404726,498.80993534853064,493.07789320846865,100.0,0.1701946277157839,0.179787221224832
8.3,495.06472569665226,496.8391484691305,500.77463016448166,495.1546742156832,100.0,0.17018624697755566,0.1796772179212095
8.4,497.0485215150494,499.31793720415726,502.74763959830204,497.2403081297768,100.0,0.17017867460168012,0.17956712443846948
8.5,499.02310045739995,495.99442204164643,504.4817027840843,499.0739548816895,100.0,0.17017183259198426,0.1794568217562949
8.6,500.9884434543303,501.14087414105336,506.3489747376575,501.0480384026109,100.0,0.17016565048261123,0.17934756749834432
8.700000000000001,502.94453190813215,500.12985636552406,508.08091926461077,502.8794860421139,100.0,0.17016006461012154,0.17923845648084177
8.8,504.8913477006108,501.2576801711463,509.775217544728,504.6712166471781,100.0,0.1701550174561136,0.1791301581488942
8.9,506.8288732007667,505.4211732576756,511.56286135513494,506.5610371889868,100.0,0.17015045705350323,0.1790227425650412
9.0,508.757091272306,511.1386807631753,513.5053319661855,508.6134408246959,100.0,0.17014633645027286,0.17891553585594464
9.1,510.67598528097807,512.9201260833422,515.4275437625942,510.6441948871749,100.0,0.17014261322510876,0.17880756865007935
9.200000000000001,512.585539101735,514.8206930478982,517.3355651686657,512.6596360166884,100.0,0.17013924904988953,0.17869895136587904
9.3,514.4857371257112,513.5468873448959,519.0950786032947,514.5187323281442,100.0,0.17013620929448095,0.1785897513621829
9.4,516.3765642670203,512.0549673402237,520.7041530098372,516.2195795708425,100.0,0.17013346266973567,0.17848081197770052
9.5,518.2580059693638,518.1048424081474,522.4910025670121,518.1064235263977,100.0,0.17013098090499604,0.17837292278561093
9.600000000000001,520.1300482124532,518.3922556587595,524.2017430328506,519.912992012284,100.0,0.17012873845675813,0.17826488467561968
9.700000000000001,521.9926775182382,523.8605039549215,526.0604878191957,521.8740244509562,100.0,0.1701267122454803,0.1781570958401194
9.8,523.8458809569413,522.4601607568953,527.7677868945622,523.6759082341607,100.0,0.17012488141781265,0.17804859203558565
9.9,525.6896461528955,520.5256951710214,529.3084129574518,525.3028561011827,100.0,0.1701232271317886,0.17794027696088438
10.0,527.5239612901823,526.1124377870702,531.0104882180365,527.0980280902821,100.0,0.17012173236275716,0.1778330747805759
10.100000000000001,529.3488151180684,530.0657268623331,532.796557487731,528.9802856191475,100.0,0.17012038172805136,0.17772585446837583
10.200000000000001,531.1641969562386,533.4795217840943,534.6395224572985,530.9212015746787,100.0,0.17011916132858174,0.17761804817723498
10.3,532.9700966998234,534.7007220141883,536.443319564496,532.8204330981658,100.0,0.17011805860571935,0.177509299410599
10.4,534.7665048242185,534.9896429990457,538.1702361456223,534.6386652912444,100.0,0.17011706221199094,0.17739987079501712
10.5,536.5534123896949,537.5172419875746,539.919282141171,536.479147242114,100.0,0.17011616189425235,0.17729023751922435
10.600000000000001,538.3308110457991,542.043062200736,541.7743452412317,538.4291936386226,100.0,0.17011534838813525,0.17718022152584118
10.700000000000001,540.09869303554,541.9158647916456,543.5322970322765,540.2772057507308,100.0,0.17011461332267805,0.17706913485664966
10.8,541.857051199362,540.3529566006381,545.1368800730796,541.9647568072153,100.0,0.1701139491341582,0.17695762250191416
10.9,543.6058789789041,542.6792865224775,546.7610796208442,543.6718524822362,100.0,0.17011334898823763,0.17684663372917026
11.0,545.3451704205421,548.6644343908083,548.5595286538827,545.5591008166341,100.0,0.1701128067096184,0.17673594238093804
11.100000000000001,547.074920178714,546.2087596605694,550.1646404613801,547.244593666956,100.0,0.17011231671848454,0.17662435439006371
11.200000000000001,548.7951235190278,549.9320831069936,551.848753371415,549.0111471188226,100.0,0.17011187397307426,0.17651313379081482
11.3,550.5057763211508,549.6783184373315,553.4388246170461,550.6791971369871,100.0,0.1701114739177918,0.17640168469196765
11.4,552.2068750814799,553.2422270040024,555.1018603869032,552.4219217250512,100.0,0.17011111243632385,0.17629058329711889
11.5,553.898416915592,555.5150567749297,556.7793469141149,554.1786062521699,100.0,0.17011078580927783,0.17617927121788474
11.600000000000001,555.5803995604753,555.0632638614993,558.3546980336687,555.8285439005334,100.0,0.17011049067590595,0.17606762001996884
11.700000000000001,557.2528213765406,556.2781240246346,559.9038414702575,557.450391482904,100.0,0.17011022399952064,0.17595627975315384
11.8,558.9156813494126,556.1561944643356,561.3712224243179,558.9867427394515,100.0,0.17010998303624544,0.1758453457133569
11.9,560.5689790915009,558.8636915073813,562.8812110119704,560.5661779011932,100.0,0.17010976530677954,0.17573527539567885
12.0,562.2127148433527,564.2149084835396,564.5441314171811,562.3025323131858,100.0,0.17010956857088516,0.17562566035700286
12.100000000000001,563.8468894747856,564.5051779944016,566.1371948927592,563.9657203493905,100.0,0.17010939080433543,0.17551538880323914
12.200000000000001,565.4715044858013,561.7249535679238,567.5332748654288,565.4247367668479,100.0,0.17010923017808527,0.17540494099231993
12.3,567.0865620072827,563.2233994869842,568.9240690760314,566.8773777295705,100.0,0.17010908503945069,0.17529561686317083
12.4,568.6920648014725,565.9684337324444,570.3628527397659,568.3785097978862,100.0,0.17010895389510317,0.1751873073480313
12.5,570.2880162622359,569.5950270784112,571.8847438010858,569.9642075971684,100.0,0.17010883539570396,0.17507955165664002
12.600000000000001,571.8744204151086,570.2731705237597,573.3602447194099,571.501153762177,100.0,0.1701087283220198,0.17497168930546148
12.700000000000001,573.4512819171298,571.4801033628007,574.8141365836746,573.0148751294793,100.0,0.1701086315723778,0.17486400557723025
12.8,575.0186060564624,573.0366467574756,576.2623555056408,574.5217648019841,100.0,0.17010854415132987,0.17475659154777115
12.9,576.5763987518027,572.2283866592967,577.6046136234478,575.9188588169673,100.0,0.1701084651594102,0.1746494211535204
13.0,578.1246665515788,579.9979480547502,579.210938689014,577.5859669515283,100.0,0.17010839378388026,0.17454316826145244
13.100000000000001,579.6634166329413,580.7948758328841,580.771751456358,579.2052750262402,100.0,0.17010832929036657,0.1744358694985837
13.200000000000001,581.1926568005475,582.1269339265142,582.3120592205196,580.8024602731352,100.0,0.17010827101530443,0.17432789635832333
13.3,582.7123954851406,585.8384631643194,583.9340674820753,582.4822161973041,100.0,0.17010821835911047,0.17421941290033505
13.4,584.2226417419258,584.2482296655991,585.4082693114422,584.009512386343,100.0,0.17010817078001347,0.17410984695574733
13.5,585.7234052487462,586.3634678240423,586.899553799653,585.5532069164037,100.0,0.17010812778848,0.17400030334642957
13.600000000000001,587.2146963040597,592.0665062250282,588.5596549704946,587.2683771444151,100.0,0.17010808894217763,0.1738906185477968
13.700000000000001,588.6965258247199,590.8198291836467,590.0846772315685,588.8443177840282,100.0,0.1701080538414237,0.17377955764645914
13.8,590.1689053435629,589.9529559356093,591.4974497129731,590.3045179870079,100.0,0.170108022125073,0.17366817347302238
13.9,591.6318470068022,591.054797232713,592.8872446521058,591.7402154792067,100.0,0.17010799346680208,0.17355726478631656
14.0,593.0853635712358,591.2672373710246,594.2173743116381,593.114031839547,100.0,0.17010796757175153,0.1734469163424843
14.100000000000001,594.5294684012656,592.2550264733892,595.5237613061117,594.4626544324159,100.0,0.1701079441734923,0.17333747308503455
14.200000000000001,595.9641754657348,594.3115703144725,596.8530301862266,595.8335956434128,100.0,0.17010792303128444,0.17322898949392676
14.3,597.3894993345832,600.1721660270297,598.3658246786163,597.3903114003992,100.0,0.17010790392760014,0.1731211758107256
14.4,598.8054551753261,597.7731886080472,599.7018181566805,598.7660571649145,100.0,0.17010788666588558,0.1730125900367775
14.5,600.2120587493573,597.0535239470671,600.9411662768832,600.0425537124711,100.0,0.1701078710685386,0.1729045679824204
14.600000000000001,601.6093264080811,598.8002693211538,602.1935353124171,601.3313375775821,100.0,0.1701078569750815,0.17279773798613224
14.700000000000001,602.9972750888752,602.6546016459649,603.5479108830395,602.7227282806692,100.0,0.17010784424050965,0.17269186220265245
14.8,604.3759223108891,606.3789446412644,604.9937225831064,604.2058575054615,100.0,0.17010783273379987,0.172586063699911
14.9,605.7452861706794,605.4915549684787,606.3303276224161,605.5771514453754,100.0,0.17010782233656216,0.1724796213585383
15.0,607.1053853376873,606.3470407253195,607.6372434455541,606.9173381052689,100.0,0.17010781294182167,0.1723733781703951
15.100000000000001,608.45623904956,611.3468746203413,609.0921841280625,608.4064286026711,100.0,0.17010780445291795,0.17226750714514874
15.200000000000001,609.7978671073216,609.8639105910395,610.412138944039,609.7577807534082,100.0,0.17010779678251062,0.17216082833315594
15.3,611.1302898703934,610.7974514160626,611.7065470350643,611.082276676873,100.0,0.17010778985168057,0.1720544034432078
15.4,612.4535282514718,614.3273286935638,613.0870854753713,612.4928374452328,100.0,0.17010778358911807,0.17194837210746958
15.5,613.7676037112633,612.6506595103917,614.3280781927051,613.7613594172776,100.0,0.17010777793038906,0.1718420131080625
15.600000000000001,615.0725382530837,613.5269471625588,615.544992601416,615.0046158875408,100.0,0.17010777281727218,0.17173639037914676
15.700000000000001,616.3683544173219,616.7703107277562,616.8396834294572,616.3254092764334,100.0,0.1701077681971597,0.17163159144141651
15.8,617.6550752757744,617.9503762733221,618.1205603133726,617.6312731351777,100.0,0.17010776402251637,0.1715269156891428
15.9,618.9327244258535,618.7668872413774,619.3728452337242,618.9073341308849,100.0,0.17010776025039023,0.1714224296623199
16.0,620.2013259846733,614.7706364933393,620.393279510206,619.9489278699504,100.0,0.17010775684197077,0.17131830856313615
16.1,621.4609045830165,620.9592400426039,621.6264545492893,621.2038749900403,100.0,0.1701077537621896,0.1712162850383639
16.2,621.6331333953898,622.3426356452643,621.8212989156481,621.4198075868425,59.41643453259174,0.17010775097935948,0.1711228747316891
16.3,622.1675879471952,622.8032438033325,622.375350870866,621.9938659461072,73.09504854426645,0.17010774846484852,0.1710340255737439
16.400000000000002,622.4886319774839,625.7469279624221,622.8258080431206,622.4638875358838,65.20737116014666,0.17010774619278557,0.1709509905101479
16.5,622.7176446020144,625.0591884586926,623.1385274212396,622.7949441207448,61.830374218734214,0.17010774413979385,0.170873071335599
16.6,622.8443905607983,618.1070414195001,623.0434432978403,622.7160079902745,58.04338248542222,0.17010774228475065,0.1708009246790928
16.7,623.5699573518776,626.0712617434489,623.8680518605805,623.557209569524,80.61446069694755,0.17010774060856987,0.17073169302793834
16.8,622.4886167426782,620.0743647100657,622.6655690132199,622.3697490923971,12.807065552781783,0.17010773909400564,0.17067670062187054
16.900000000000002,623.7318271135505,621.0773575354555,623.7914445445156,623.5099159526178,100.0,0.170107737725475,0.170618136904182
17.0,622.3115255243887,625.4311828817519,622.495958471654,622.2287372298987,0.09394962778766214,0.17010773648889746,0.17057710168718804
17.1,623.5560077915338,626.8857501736109,623.8772312379746,623.623568082767,100.0,0.17010773537155013,0.17052925171764868
17.2,622.134472245372,620.1147536978568,622.3490143878292,622.1076854689939,0.0,0.1701077343619369,0.17049594833401366
17.3,623.38022536248,623.6172551671833,623.5985517500754,623.3691617291935,100.0,0.17010773344967012,0.1704568709730786
17.400000000000002,622.0583464662727,622.5962647708149,622.2841916528271,622.0661849996634,3.7031126788475,0.1701077326253637,0.17043174305793146
17.5,623.304645759931,621.1007356980002,623.4299134454093,623.2225076853338,100.0,0.1701077318805365,0.17039918593613068
17.6,622.178432833432,618.7796332735351,622.1490784168644,621.9517000839046,11.046608616023931,0.17010773120752518,0.17037923758479087
17.7,623.4238704831745,622.2762526410763,623.3514701901867,623.163774667306,100.0,0.17010773059940532,0.17035263039113505
17.8,622.3254995594552,619.8907653602142,622.1493420136619,621.9707998165427,12.126648546770625,0.17010773004992005,0.17033740182897195
17.900000000000002,623.569881491075,622.2902586621722,623.3523163904047,623.1825349834896,100.0,0.1701077295534159,0.17031468616744014
18.0,622.4287285712991,625.155893132228,622.3339532363398,622.172716706282,10.555995438278789,0.17010772910478444,0.1703032974951194
18.1,623.6723691548481,625.5904500430839,623.6681490185397,623.5149658668288,100.0,0.1701077286994098,0.1702823210208836
18.2,622.2499982303925,617.701073221517,622.0476209940996,621.9018262937273,0.0,0.1701077283331212,0.17027367979763072
18.3,623.4949222147834,626.3900730553472,623.4299761218273,623.2914909694128,100.0,0.17010772800215,0.1702576437066134
18.400000000000002,622.1173479380324,624.4876026988144,622.1516537115119,622.0201072900379,1.6379870373518663,0.17010772770309085,0.1702527560943019
18.5,623.3632239286769,622.4915531151129,623.363074253633,623.2379897701231,100.0,0.17010772743286687,0.17023783007091284
18.6,622.1008089228108,624.3655854201339,622.1926208763882,622.0737952043961,5.936449748423691,0.17010772718869774,0.17023437898839439
18.7,623.3468035804274,623.8967971648322,623.461777067973,623.3488274795266,100.0,0.17010772696807128,0.1702208134689672
18.8,621.9267691071408,622.4077249924866,622.05160977881,621.9442564966954,0.0,0.17010772676871752,0.17021937512599497
18.900000000000002,623.1740120865753,621.0966647548375,623.2086553208563,623.1065385615079,100.0,0.17010772658858533,0.17020825238573442
19.0,622.1296348479698,626.2432194641643,622.3338979909173,622.2369328243058,14.091230305526512,0.17010772642582142,0.17020698295175518
19.1,623.3502132845389,624.4205199507117,623.5941185773174,623.5019575217798,99.05123747335786,0.17010772627875112,0.1701950024989452
19.200000000000003,621.9301543547465,622.9926418221185,622.2022841667249,622.1146972685801,0.0,0.1701077261458613,0.17019488104453473
19.3,623.1773730602018,626.1124698478033,623.5651884476946,623.4819712497198,100.0,0.17010772602578467,0.1701848116946231
19.400000000000002,621.7585534863492,619.3976998928601,622.0219022476625,621.942745382851,0.0,0.17010772591728576,0.1701858256685643
19.5,623.0070023031958,624.5068133629853,623.3254394340707,623.2502010548988,100.0,0.17010772581924827,0.17017795077784328
19.6,621.6449348986906,625.4441597391835,622.1045026679112,622.0330485509636,2.08991114822361,0.1701077257306635,0.17018096967574298
19.700000000000003,622.894197784879,621.6449238618259,623.2822494130647,623.2142857914989,100.0,0.17010772565062002,0.17017286955652494
19.8,621.6130127345735,619.5876132066151,621.8913312895237,621.826687226448,5.103493867274302,0.17010772557829432,0.17017603388200062
19.900000000000002,622.8625042836442,622.4523950050284,623.1139546856235,623.0524754168663,100.0,0.1701077255129422,0.17016999454927645
20.0,621.8069857139983,621.1335371205228,622.0137275826265,621.9552732221193,13.587879743296515,0.1701077254538913,0.17017293055043373
20.1,623.0550874205913,622.1521787981017,623.2175334723646,623.1619361409525,100.0,0.17010772540053407,0.1701662032099993
20.200000000000003,621.871440241005,624.6569456800801,622.1402311903016,622.087423661663,8.817711180418893,0.1701077253523215,0.17016964747876842
20.3,623.1190799170365,622.147653842801,623.3375913845256,623.2873645133541,100.0,0.1701077253087576,0.1701622217127519
20.400000000000002,621.7065988336935,621.1698768719789,621.8866101693029,621.8388555334196,0.22282368810816422,0.1701077252693941,0.17016685609298052
20.5,622.9554199415038,623.4139321052547,623.1503581597168,623.1049479346764,100.0,0.170107725233826,0.17016160848996958
20.6,621.7498796565513,619.8375140831557,621.8496969413928,621.8065013728502,7.966882698738068,0.17010772520168735,0.1701661062866757
20.700000000000003,622.9983906320027,630.5439233120375,623.4184862541965,623.3775043871237,100.0,0.1701077251726475,0.17016117935574865
20.8,621.5808536809743,618.7644688942505,621.8555223929908,621.8165198434081,0.0,0.17010772514640768,0.17016527065249282
20.900000000000002,622.8305755644229,623.4601449439461,623.122772389024,623.0856817149207,100.0,0.1701077251226979,0.17016034740908473
21.0,621.6856614204016,621.8329822340463,621.9657331304144,621.9304744053819,10.214878697277626,0.1701077251012742,0.17016465233318626
21.1,622.9346325404371,622.5985297865021,623.1908933958067,623.1573523394763,100.0,0.17010772508191616,0.17015891384243728
21.200000000000003,621.7240760171181,620.9804081346168,621.9318689201363,621.8999725015088,7.7724914607477835,0.1701077250644246,0.17016331054755243
21.3,622.972771896263,622.3227650994705,623.1469757183503,623.116626927259,100.0,0.17010772504861954,0.1701579356704069
21.400000000000002,621.8367987095082,620.6065314385519,621.9461534072715,621.9172861590794,10.589714686809074,0.1701077250343384,0.17016215938110044
21.5,623.0846867197884,621.972185315828,623.1456450195088,623.1181719097251,100.0,0.1701077250214343,0.170156762588667
21.6,621.9745541808174,621.7484160938023,622.0190510043584,621.9929325257052,11.592419152489072,0.17010772500977434,0.1701608815443344
21.700000000000003,623.2214544903619,621.8438681156299,623.2094822422904,623.1846222966991,100.0,0.17010772499923865,0.17015502708378882
21.8,622.0155627055019,623.1222801811545,622.047084315838,622.0234680858582,8.02542984782312,0.17010772498971882,0.17015953790501945
21.900000000000002,623.2621688953426,623.3335613503368,623.2994819069127,623.2770185885672,100.0,0.17010772498111687,0.1701535785055107
22.0,621.9083324066803,622.1970875039142,621.951407056821,621.930057492758,2.4685176817200905,0.17010772497334434,0.17015866384968525
22.1,623.1557075818507,625.6432202076272,623.3067568217273,623.2864730046753,100.0,0.17010772496632123,0.17015350611272345
22.200000000000003,621.7370433090135,624.4482835433269,621.9910311088598,621.9717829062051,0.0,0.17010772495997525,0.17015903314546502
22.3,622.9856462692017,620.1983042598787,623.1128666313261,623.0945186932104,100.0,0.17010772495424117,0.17015351938045278
22.400000000000002,621.9638118291488,620.1436305352576,622.0038113745575,621.9863464385188,14.888794319502733,0.17010772494905996,0.1701574545525367
22.5,623.2107891777054,623.6655722620823,623.272467417236,623.2558543683937,100.0,0.1701077249443783,0.170151981190289
22.6,621.8429528870936,620.7326652124609,621.8496438384666,621.83383755396,1.9277697309037265,0.17010772494014806,0.1701574933973617
22.700000000000003,623.0907967821698,626.3942501809994,623.2419629119004,623.2269548763322,100.0,0.1701077249363257,0.1701531872545916
22.8,621.6844248122824,622.2293123473095,621.8464388749537,621.8321779665222,0.44511113260794843,0.17010772493287188,0.17015910864381242
22.900000000000002,622.9334047920208,622.8489253246139,623.0881445881713,623.0745651235982,100.0,0.1701077249297511,0.1701546594685865
23.0,621.8459979845471,622.9215226669081,622.0350770778872,622.0221808738684,12.406889178341746,0.17010772492693124,0.17015914736200533
23.1,623.0938200510009,622.9462450425868,623.2715968307581,623.2593191995172,100.0,0.17010772492438322,0.17015323551592013
23.200000000000003,621.7217672173663,623.7715959370585,621.9731952190916,621.9615484097557,1.737524227059616,0.17010772492208093,0.17015863940382317
23.3,622.9704796401065,624.2200174335542,623.2669435159302,623.2558670234599,100.0,0.17010772492000056,0.17015324220806657
23.400000000000002,621.5692140549783,618.6952128233238,621.7239686793138,621.7133992473839,0.6048455132927977,0.17010772491812082,0.17015890446492507
23.5,622.819019299218,624.3319198275286,623.0347954832284,623.0247401507419,100.0,0.17010772491642231,0.17015538657924445
23.6,621.7603501284676,619.925738652751,621.8837905346226,621.8742054848038,13.45758202662346,0.1701077249148876,0.17015996961878505
23.700000000000003,623.0087860699431,621.0236483494681,623.046026470887,623.0368708843534,100.0,0.17010772491350085,0.17015511477742568
23.8,622.0909561815895,618.6300980566073,621.9760087956744,621.9672613598126,18.809249123397162,0.17010772491224782,0.17015853151523558
23.900000000000002,623.3370215291422,625.3097189797932,623.3159596759159,623.307651659787,100.0,0.1701077249111156,0.17015310085281246
24.0,621.9862552743996,621.6949318898683,621.9491812996592,621.9412804321557,2.6042707926465525,0.17010772491009252,0.17015797008225006
24.1,623.2330716660557,623.9720032478385,623.2335693583306,623.2260503798079,100.0,0.17010772490916812,0.17015279307683653
24.200000000000003,621.968518091586,622.3461249693993,621.9806840117376,621.9735414959039,5.820827688422224,0.17010772490833284,0.17015765528588864
24.3,623.2154616894278,626.1952969211421,623.3580647012429,623.3512917998171,100.0,0.17010772490757808,0.17015226090224966
24.400000000000002,621.7963690631944,621.4630004468961,621.9128478339687,621.9064034901979,0.0,0.1701077249068961,0.1701574123164477
24.5,623.0445468634982,622.7284819173199,623.1461487642415,623.1399996956837,100.0,0.1701077249062799,0.17015255690063738
24.6,621.9209895070302,623.9517810083825,622.100055496559,622.0942342936992,11.07634589542213,0.1701077249057231,0.17015702031599986
24.700000000000003,623.1682739285392,624.5265702774963,623.400569651319,623.3950356057754,100.0,0.17010772490521997,0.17015076013197297
24.8,621.7495195798753,622.874121251399,622.0132623380166,622.0080119851078,0.0,0.17010772490476536,0.17015572165881523
24.900000000000002,622.9980331356767,625.2007668390838,623.3467383195872,623.3417525714228,100.0,0.1701077249043546,0.17015024903146778
25.0,621.5804987457467,622.4801034103659,621.9453356001236,621.9406026189068,0.0,0.17010772490398346,0.17015566731136236
25.1,622.8302231712233,619.729519322425,623.0494939353667,623.0449402342415,100.0,0.17010772490364806,0.1701507175950725
25.200000000000003,621.9622809289502,621.1056310969841,622.1312896899898,622.1269485807786,20.638595946522972,0.170107724903345,0.17015412042530717
25.3,623.2092692561597,626.1127781112434,623.4977164431768,623.4936048920379,100.0,0.17010772490307116,0.17014788859568347
25.400000000000002,621.7902210251013,619.642805931159,621.9681890938547,621.9642523079032,0.0,0.17010772490282375,0.1701523729124774
25.5,623.0384428895416,623.522756570117,623.232532486182,623.2287765745417,100.0,0.1701077249026002,0.1701475593095752
25.6,621.8058605488465,618.7086063757308,621.8543868143438,621.8507796149877,6.971548971068543,0.1701077249023982,0.17015266873957363
25.700000000000003,623.0539703200722,624.9106866319217,623.1833800303177,623.179949507827,100.0,0.17010772490221565,0.17014869782222197
25.8,621.8231078826216,620.7670240407264,621.8969618541968,621.8936872669508,7.040465908023254,0.17010772490205073,0.17015405679327839
25.900000000000002,623.0710940299813,624.7467723589529,623.2168797510811,623.2137649619776,100.0,0.17010772490190168,0.17014962261575636
26.0,621.7668947319294,623.5191388784616,621.9754918342996,621.9725501368744,4.285056907159344,0.170107724901767,0.17015519983364502
26.1,623.0152837717955,625.4803720745896,623.3227256211383,623.3199366612652,100.0,0.17010772490164533,0.17015004987530954
26.200000000000003,621.5976257949785,619.8338287278968,621.8099719439492,621.8072958039924,0.0,0.17010772490153542,0.17015565417117934
26.3,622.8472275538643,621.4340835610246,622.993311393888,622.990728135364,100.0,0.17010772490143608,0.17015172912782822
26.400000000000002,621.9888074789976,621.4224636353938,622.1006253877913,622.0981611136115,21.00154883472,0.17010772490134632,0.17015537471701692
26.5,623.2356055663074,621.3145010620342,623.2645119253548,623.2621351407337,100.0,0.17010772490126522,0.17014924308080548
26.6,621.9939803782983,620.9691211011134,621.9735871117259,621.9713155571008,6.684421923520915,0.17010772490119194,0.17015399404480255
26.700000000000003,623.2407413652136,620.5495139476906,623.1112207874136,623.1090173696126,100.0,0.17010772490112572,0.17014896985666703
26.8,622.2226595547876,627.1495222278581,622.3055499251843,622.3035129331089,15.09887713965188,0.17010772490106588,0.17015318946901936
26.900000000000002,623.339513226373,626.1612293736715,623.5421683157693,623.5402501221324,95.17264876675003,0.1701077249010118,0.17014668704403696
27.0,621.9195310430509,618.7161437698439,621.9710355457117,621.9691736519492,0.0,0.17010772490096293,0.17015093029462153
27.1,623.1668259222075,625.3542364396734,623.3131254521074,623.3113594814431,100.0,0.1701077249009188,0.17014621802768815
27.200000000000003,621.7846112654009,624.569674903175,622.037349023067,622.0356993132002,1.3747785949448108,0.17010772490087891,0.17015197487144607
27.3,623.0328733352233,623.4034228648314,623.2931988400863,623.2916169902487,100.0,0.1701077249008429,0.17014665094628467
27.400000000000002,621.642122183512,618.809020407612,621.7642990829888,621.7627605844067,1.017377961618827,0.17010772490081033,0.1701525904345704
27.5,622.891405218577,623.5034366610985,623.0378994479149,623.0364191009944,100.0,0.1701077249007809,0.1701493026431588
27.6,621.8645764403364,622.4317016774365,622.0244063592231,622.0230039862319,14.675411697781371,0.17010772490075432,0.17015413258285378
27.700000000000003,623.1122653231466,621.5509796407476,623.2021172259391,623.2007513609976,100.0,0.17010772490073028,0.17014869806782984
27.8,621.9141403064726,623.1676328674546,622.0487229400397,622.0474379912671,8.288264898532493,0.1701077249007086,0.17015364157461677
27.900000000000002,623.1614738384585,621.748185328918,623.2336183544328,623.2323667754629,100.0,0.17010772490068898,0.17014806674005456
28.0,621.8715386690732,623.2558717424563,621.9945363068297,621.9933616159607,4.846269565580759,0.17010772490067125,0.17015353639858358
28.1,623.1191776394627,620.9376558565438,623.1476409166465,623.146484869893,100.0,0.17010772490065523,0.1701483870420503
28.200000000000003,621.953511663535,622.031032104492,621.9798414872948,621.9787432108169,9.511725681749414,0.17010772490064077,0.17015352423924268
28.3,623.2005628772846,622.3863814991851,623.19528233985,623.1942133774518,100.0,0.1701077249006277,0.17014848832012625
28.400000000000002,621.9133807677757,620.37522878109,621.8385051822045,621.8374712980481,4.960428978624538,0.17010772490061588,0.17015418565528187
28.5,623.1607197457723,623.1143370594484,623.0918902163495,623.090887135573,100.0,0.1701077249006052,0.1701501706095473
28.6,622.0102018192557,623.5517211642268,622.0063591770905,622.005424903945,10.093033558129306,0.17010772490059556,0.17015544168645455
28.700000000000003,623.2568464605869,622.7108327875927,623.2342871380946,623.2333776373603,100.0,0.17010772490058684,0.170150015930361
28.8,621.9003734874949,623.3578385880057,621.9362280174057,621.9353812469549,2.367857122534076,0.170107724900579,0.17015579903387065
28.900000000000002,623.1478057275094,623.6579005823265,623.2078985537912,623.2070811085812,100.0,0.17010772490057188,0.17015087670695925
29.0,621.7632397396068,617.2037350554192,621.6216823784307,621.6208484696324,1.2811551099150869,0.17010772490056544,0.17015700104927764
29.1,623.0116549729428,622.5622110088794,622.8623050623873,622.8614808253861,100.0,0.17010772490055961,0.17015437677867976
29.200000000000003,622.2331474174632,622.7144959238549,622.1089634520456,622.1081869431541,24.053425327453567,0.17010772490055437,0.17015812887147305
29.3,623.4781923610492,622.0158638789809,623.3022646348677,623.301498804246,100.0,0.17010772490054962,0.1701516545751074
29.400000000000002,622.1071639881935,627.7553128674583,622.1753956137502,622.1747389597109,1.8798241900656052,0.17010772490054532,0.17015685907854095
29.5,623.3531130491918,621.0474215096708,623.324228073146,623.3235673990456,100.0,0.17010772490054143,0.17014999589591112
29.6,621.983189369884,620.7475853575937,621.8984553837591,621.8978127523218,1.8876245380435144,0.17010772490053794,0.17015518990233922
29.700000000000003,623.2300277499166,622.7188568509929,623.1320584298992,623.1314242274942,100.0,0.17010772490053477,0.17015061477480017
29.8,622.0513967589849,627.0263313107581,622.1657695465818,622.165227641999,9.053705013899691,0.17010772490053191,0.17015574652316862
29.900000000000002,623.2977459073071,623.797243291719,623.4320193187218,623.4314965695527,100.0,0.17010772490052933,0.17014906373540775
30.0,621.8780632742461,618.0332699605241,621.8372908512711,621.8367471279224,0.0,0.170107724900527,0.17015390989749335
30.1,623.1256554684663,619.3260087101943,622.9296299324484,622.9290527976528,100.0,0.1701077249005249,0.17014992700375578
30.200000000000003,622.4069148708096,620.4998627069298,622.1369960967947,622.1364275081283,26.333540314334627,0.170107724900523,0.17015312224224324
30.3,623.6507121332569,624.7490565638636,623.4451458812772,623.444606480199,100.0,0.17010772490052128,0.17014691385767358
30.400000000000002,622.2284967136045,623.9362473924646,622.1008040634231,622.100311448614,0.0,0.1701077249005197,0.1701518669643297
30.5,623.4735750398294,623.0204709617973,623.3372314333818,623.3367468481101,100.0,0.17010772490051831,0.1701460571221331
30.6,622.0661574666285,618.3025059371556,621.7716360466795,621.7711350682544,0.5090662849095189,0.17010772490051704,0.17015181315665567
30.700000000000003,623.312400725599,623.1631111692838,623.0304007357016,623.0299032484567,100.0,0.1701077249005159,0.1701485360518323
30.8,622.3320308020299,620.9750023399612,622.0028739044496,622.0023886622329,16.53752167269767,0.17010772490051485,0.17015310711531823
30.900000000000002,623.576365836762,622.3670463990685,623.2163539676068,623.215868077942,100.0,0.1701077249005139,0.17014792983283666
31.0,622.359136382974,622.3278698048882,622.0113853744797,622.0109271941615,7.694592153784747,0.17010772490051304,0.17015295373413966
31.1,623.603276777733,623.767938228985,623.2840203334121,623.2835743705525,100.0,0.1701077249005123,0.17014772566695732
31.200000000000003,622.189413453741,621.0717451470694,621.8335231752378,621.833089890256,0.3015152235235412,0.1701077249005116,0.1701537700838798
31.3,623.4347722975651,625.4919339425088,623.1882663765864,623.1878591392378,100.0,0.17010772490051096,0.1701498287464379
31.400000000000002,622.0648895245412,622.4061534925623,621.8403505573812,621.8399705805701,1.9112126658904458,0.1701077249005104,0.17015607166340796
31.5,623.3111418795985,623.4618215938996,623.1084218227618,623.108044220512,100.0,0.17010772490050988,0.17015185555120094
31.6,622.1147180657774,622.4663453338428,621.9328407558364,621.9324886916681,8.40597009079147,0.17010772490050943,0.1701571795522301
31.700000000000003,623.3606129261332,622.7213542702715,623.1648502890398,623.164492792777,100.0,0.17010772490050902,0.17015214629626627
31.8,622.109167634375,621.3860505103995,621.8880079800047,621.8876616422956,6.34859075914353,0.17010772490050866,0.17015743319924656
31.900000000000002,623.3551023193131,622.0977372534261,623.0957131465735,623.095353187002,100.0,0.17010772490050832,0.17015271966375914
32.0,622.2337406133207,624.8359225770158,622.093963110926,622.093656531135,11.24281126138937,0.17010772490050802,0.17015747468894715
32.1,623.4787812989229,624.2851833030987,623.3845129741852,623.3842184478215,100.0,0.17010772490050774,0.17015117511983402
32.2,622.0577999906119,616.1488326664106,621.7119934813923,621.711642478378,0.0,0.1701077249005075,0.17015617937807265
32.300000000000004,623.3041032045303,624.9604935571905,623.050143549067,623.0498077618056,100.0,0.17010772490050724,0.17015293776101828
32.4,622.2195093440806,621.2756325991377,621.9342172701746,621.9338893652537,12.612799803671546,0.17010772490050702,0.1701577386652033
32.5,623.4646521799127,623.6975040810389,623.2076714160777,623.2073478138195,100.0,0.17010772490050685,0.1701526407319867
32.6,622.1946972492826,621.9296385251425,621.9347606236838,621.9344529154483,5.680077141173591,0.17010772490050668,0.17015768957280802
32.7,623.4400181712052,620.5199346883169,623.0730556357805,623.0727155935791,100.0,0.17010772490050655,0.17015259204689634
32.800000000000004,622.458623078491,624.149620675659,622.1783223088872,622.1780240853387,16.533418074923695,0.1701077249005064,0.17015644543736216
32.9,623.7020489229245,624.3339710017525,623.4667769615705,623.4664916831372,100.0,0.17010772490050627,0.1701495969069939
33.0,622.2794648688036,624.2801151715122,622.1359895283643,622.1357431333132,0.0,0.17010772490050616,0.17015412398037635
33.1,623.524177317724,621.8839992420584,623.3223469733535,623.3220854179781,100.0,0.17010772490050605,0.17014782423745023
33.2,622.1118257225446,617.4179273528789,621.7154766775882,621.7151762712632,0.33704091260847235,0.17010772490050594,0.17015355739603552
33.300000000000004,623.3577413356813,621.5453006229901,622.9082168906174,622.907891530284,100.0,0.17010772490050585,0.1701505415064816
33.4,622.583592246516,624.061587564805,622.2164682643321,622.2161807071806,24.310931304608268,0.17010772490050577,0.17015425524853206
33.5,623.7712002682142,620.3149956181372,623.2793483007584,623.27903356745,97.93306269703241,0.1701077249005057,0.1701477513672117
33.6,622.5502307875956,621.8041915669285,622.0467463281187,622.0464441322306,7.60650690601917,0.17010772490050566,0.17015232737888383
33.7,623.7929984553643,625.0731597775434,623.3731404091059,623.3728559979667,100.0,0.17010772490050563,0.1701468869258934
33.800000000000004,622.3697611595168,626.6843309104723,622.1492254885096,622.1490074367421,0.0,0.1701077249005056,0.1701523914091573
33.9,623.613825254847,625.929086449535,623.5069538056089,623.5067588761814,100.0,0.17010772490050557,0.1701461568556154
34.0,622.1918746689145,623.5274454998422,622.1421716393803,622.1420003725909,0.0,0.17010772490050555,0.17015070746048075
34.1,623.437215848636,619.3375139441032,623.2199292882179,623.2197168859657,100.0,0.17010772490050552,0.17014468915964548
34.2,622.2390296463054,619.4832429562972,621.9111498860664,621.9109212185815,8.373691207032959,0.1701077249005055,0.17014985645831432
34.300000000000004,623.4840323666316,622.8453446973584,623.1495045638608,623.1492658592412,100.0,0.17010772490050546,0.17014569503967086
34.4,622.2741411142296,623.5431755570913,622.0059380975724,622.0057287221547,7.945817355913714,0.17010772490050544,0.17015139211720423
34.5,623.5188917829714,622.5794255388827,623.2282985261403,623.2280773262349,100.0,0.1701077249005054,0.17014635458225166
34.6,622.1772304066076,621.9394524726057,621.8862551733936,621.8860454578797,2.99604779342992,0.17010772490050538,0.17015240209202243
34.7,623.4226766857684,620.5358439594324,623.0276244551276,623.0273797137021,100.0,0.17010772490050538,0.1701481861604148
34.800000000000004,622.4438903154012,621.9983887590859,622.0460387059395,622.0458053247854,16.626911751751617,0.17010772490050538,0.17015279188732496
34.9,623.6874219914157,624.0767651911194,623.3300941617023,623.3298654806644,100.0,0.17010772490050538,0.17014731154165563
35.0,622.2649429756384,620.6954565013884,621.8536186315669,621.8533871477555,0.0,0.17010772490050538,0.17015310385049137
35.1,623.509759677184,622.2196153170876,623.068206815239,623.0679575479163,100.0,0.17010772490050538,0.17014907095586726
35.2,622.4870381108752,619.8949011426105,621.9535425899718,621.9532808993922,14.996935516261889,0.17010772490050538,0.17015361590612263
35.300000000000004,623.7302598231437,622.736820209456,623.1851865193963,623.184915866193,100.0,0.17010772490050538,0.17014876667673057
35.4,622.5348104265113,623.2874687074763,622.0445585969646,622.0443162539393,8.555891331553688,0.17010772490050538,0.17015376970937796
35.5,623.7776888999206,627.708096778656,623.4831166054128,623.4829163062582,100.0,0.17010772490050538,0.1701482064953083
35.6,622.3545615786975,622.2984828992585,622.0672487397487,622.0670597366262,0.0,0.17010772490050538,0.17015274194152535
35.7,623.5987348255198,623.4193251083944,623.3222968425458,623.3221041799561,100.0,0.17010772490050538,0.17014710315031994
35.800000000000004,622.2259689391708,622.1254133781055,621.954177066811,621.9539955820464,1.846996210913936,0.17010772490050538,0.17015259551526854
35.9,623.4710654094752,622.6136981122983,623.1805536281356,623.1803581031143,100.0,0.17010772490050538,0.17014783920560994
36.0,622.2679173802785,625.4273360669091,622.1219702025792,622.1218234431205,8.196096384832025,0.17010772490050538,0.17015304041285167
36.1,623.5127127290064,622.4056444501806,623.3312046137586,623.3310430082435,100.0,0.17010772490050538,0.17014695212532802
36.2,622.1391211293956,621.4915369747706,621.9343008828612,621.934141710705,1.7926808792358564,0.17010772490050538,0.17015240184322553
36.300000000000004,623.384840887712,620.9056809892933,623.0890232270483,623.0888314219751,100.0,0.17010772490050538,0.17014781666191586
36.4,622.3714134384696,622.6216411751984,622.0973589748905,622.0971827046451,15.31296556954926,0.17010772490050538,0.17015225787866733
36.5,623.615465668082,622.5344252950945,623.3132866101024,623.3130979487755,100.0,0.17010772490050538,0.17014643437012764
36.6,622.1975957043772,621.8585866653276,621.8910387423058,621.8908587122554,0.15401804088063287,0.17010772490050538,0.17015240780251245
36.7,623.4428958237397,623.3136425441514,623.1503028144234,623.150114484544,100.0,0.17010772490050538,0.17014815436747344
36.800000000000004,622.1953826132473,622.4022294401635,621.9217403979646,621.9215671728168,6.518797281279117,0.17010772490050538,0.1701539010229384
36.9,623.4406986162492,626.2592534824404,623.3047546349837,623.304604008111,100.0,0.17010772490050538,0.17014926781117898
37.0,622.0199905649558,624.9736750332744,622.0114711809312,622.0113643304513,0.0,0.17010772490050538,0.17015506472344205
37.1,623.2665649949993,624.1236019315427,623.2992271841399,623.2991191585006,100.0,0.17010772490050538,0.17014962970676317
37.2,621.8471059597042,617.7426900316672,621.6987053584195,621.6985531282128,0.0,0.17010772490050538,0.17015543367513258
37.300000000000004,623.0949200836391,621.4028549631535,622.8862168261305,622.8860296911339,100.0,0.17010772490050538,0.17015236440237125
37.4,622.3670656405959,624.5620713201479,622.2595126065698,622.2593627502368,25.982239629977048,0.17010772490050538,0.17015572618333744
37.5,623.480691489606,625.269199967521,623.4583657523306,623.4582335068309,95.09017913674435,0.17010772490050538,0.17014933534796495
37.6,622.0596964740439,621.7089867117556,622.0186518946335,622.0185213141652,0.0,0.17010772490050538,0.17015395080711498
37.7,623.305986083101,619.6214064326349,623.1145883860498,623.1144117250296,100.0,0.17010772490050538,0.17014856825269084
37.800000000000004,622.3793171821472,620.5757017341465,622.1174773522064,622.1172915570597,18.556834943103173,0.17010772490050538,0.170152074532687
37.9,623.6233126506828,622.2827043526313,623.3217055866451,623.3215058293273,100.0,0.17010772490050538,0.17014611422007758
38.0,622.27891120532,625.2037946063668,622.1119547914435,622.1117998867744,2.9211379276395277,0.17010772490050538,0.17015148582345924
38.1,623.5236276290841,623.5008977484816,623.3682620411079,623.3681032383415,100.0,0.17010772490050538,0.17014562448117598
38.2,622.1023244862655,619.7774248738948,621.8508587475626,621.8506836439293,0.0,0.17010772490050538,0.17015128699283671
38.300000000000004,623.3483082700376,627.0426011218239,623.2706901420582,623.2705426684146,100.0,0.17010772490050538,0.1701474500629156
38.400000000000006,621.937805921617,622.4790171334176,621.8821703876932,621.8820371823778,0.3591479207317114,0.17010772490050538,0.17015360884206468
38.5,623.1849697603325,619.3281388581275,622.9723815947275,622.9721962176059,100.0,0.17010772490050538,0.17014930730593855
38.6,622.4366371855979,620.8311815959859,622.1636978498711,622.1635056967876,25.235861684864247,0.17010772490050538,0.17015245772755422
38.7,623.6802209618995,624.9927700355045,623.4808921126977,623.480712990882,100.0,0.17010772490050538,0.17014610537674152
38.800000000000004,622.2577936559312,620.5245917381999,621.9896960596377,621.9895079850611,0.0,0.17010772490050538,0.17015086020706757
38.900000000000006,623.5026616805087,626.9596947696314,623.3991387648249,623.3989794933991,100.0,0.17010772490050538,0.17014599854372495
39.0,622.0815090035741,626.0292425821582,622.1460798102272,622.1459719436793,0.0,0.17010772490050538,0.17015138886527076
39.1,623.3276421290414,627.5549546237764,623.5731068069492,623.573031276199,100.0,0.17010772490050538,0.1701452743290351
39.2,621.9077450881974,620.0268335931913,622.0561843168449,622.0560882964784,0.0,0.17010772490050538,0.17014940291503738
39.300000000000004,623.15512447445,621.1092983148872,623.2135410000855,623.2134154162577,100.0,0.17010772490050538,0.17014417043161698
39.400000000000006,622.0400368376016,621.6193324774512,622.0738251546355,622.0737008563766,11.424943159499612,0.17010772490050538,0.17014880894484757
39.5,623.2864674752896,621.8597908408223,623.2622259688408,623.2620808857686,100.0,0.17010772490050538,0.17014349845719237
39.6,622.0264897992909,621.9270101111432,621.9948654983939,621.9947267080405,6.00745503177091,0.17010772490050538,0.17014894263810634
39.7,623.2730176112688,624.8097246861897,623.3126210405953,623.3124874469929,100.0,0.17010772490050538,0.17014422582970057
39.800000000000004,621.875336745213,619.2059604059385,621.7946370688526,621.7944810013613,0.8213625468074319,0.17010772490050538,0.17015027973372873
39.900000000000006,623.1229484865803,626.6427784313435,623.2002443531904,623.2001093480718,100.0,0.17010772490050538,0.17014697132921927
40.0,621.7782917868974,621.9813299351205,621.8557613419584,621.8556344734233,2.7764330668246338,0.17010772490050538,0.17015321832983613
40.1,623.0265991477573,620.9893737866148,623.0179252112855,623.0177626722855,100.0,0.17010772490050538,0.17014915714356754
40.2,622.125873585875,622.9660993808124,622.1502520957137,622.1501070629662,19.45777815208272,0.17010772490050538,0.17015316108968428
40.300000000000004,623.3716884025989,623.7174994964387,623.4138776598264,623.4137309613342,100.0,0.17010772490050538,0.17014684385200646
40.400000000000006,621.9514754333948,620.4971207085259,621.9248259730938,621.9246691764234,0.0,0.17010772490050538,0.17015203987173527
40.5,623.198541249176,625.7624699321865,623.286561005631,623.2864197918949,100.0,0.17010772490050538,0.1701475623315027
40.6,621.8554343310741,619.4427033099851,621.8318611866785,621.8316984414497,2.8551540968369196,0.17010772490050538,0.17015307624294773
40.7,623.1031887521177,622.6482557931113,623.0657536375285,623.0655736722547,100.0,0.17010772490050538,0.1701492124976742
40.800000000000004,622.1522624149844,619.2367160983237,621.9894058949765,621.9892020367294,17.589141921270375,0.17010772490050538,0.17015322932775673
40.900000000000006,623.3978878730751,623.2612457339048,623.241579255656,623.2413695980456,100.0,0.17010772490050538,0.1701481415307674
41.0,622.1687299446173,620.6032496799841,621.9493274450774,621.9491121227366,7.197444011905102,0.17010772490050538,0.17015305210705808
41.1,623.4142372277554,625.3927736241819,623.2941292836413,623.2939296194775,100.0,0.17010772490050538,0.17014828926246264
41.2,622.0665722655494,622.9829314397925,621.9867170935164,621.9865390122429,2.7418363650755317,0.17010772490050538,0.17015369895371768
41.300000000000004,623.3128125487863,620.7055434656781,623.130337191092,623.1301258843283,100.0,0.17010772490050538,0.17014858631600369
41.400000000000006,622.2943472006839,625.2191533043618,622.2417571199692,622.2415912048681,15.103906395776121,0.17010772490050538,0.17015268035534908
41.5,623.5389528039905,621.7128584023319,623.4156082195493,623.4154237670111,100.0,0.17010772490050538,0.170145706455145
41.6,622.1591870497149,624.0190230865235,622.1162666122146,622.1161117764943,1.56740400807821,0.17010772490050538,0.1701506771216925
41.7,623.4047628157767,622.696944529772,623.3381710588709,623.3380048981838,100.0,0.17010772490050538,0.17014486064943396
41.800000000000004,622.0898793707948,622.191298926911,622.0263512720699,622.0261947253172,3.973012864401433,0.17010772490050538,0.17015001077743502
41.900000000000006,623.3359524439392,624.5795666026886,623.3327625082667,623.3326107418816,100.0,0.17010772490050538,0.17014494927787766
42.0,621.9774233817661,624.7171482238208,622.0862123159667,622.0860970205547,2.3118286369318106,0.17010772490050538,0.1701504734061141
42.1,623.2243031142913,624.3289030579438,623.3790045796533,623.3788906925771,100.0,0.17010772490050538,0.17014490716490124
42.2,621.8193207630738,616.0366892042799,621.715608001625,621.7154357715538,0.5334253374901472,0.17010772490050538,0.17015044673905277
42.300000000000004,623.0673340560318,622.6641145178161,622.9559214446691,622.9557301208861,100.0,0.17010772490050538,0.17014772882153972
42.400000000000006,622.3178277788925,619.6433355443941,622.0955969623898,622.0953868274321,25.159921951570666,0.17010772490050538,0.1701511730539472
42.5,623.562264795566,625.8179265182312,623.4512489272163,623.4510592256607,100.0,0.17010772490050538,0.17014546796937527
42.6,622.1471082235305,621.13838784216,621.9937939062107,621.9936029549856,0.241763728311998,0.17010772490050538,0.17015046140894508
42.7,623.3927706679638,619.9537221379059,623.105091532421,623.1048628871681,100.0,0.17010772490050538,0.17014560675824447
42.800000000000004,622.5666431495658,622.723729440058,622.2970103982569,622.2967975973723,22.364178170755128,0.17010772490050538,0.1701486888033246
42.900000000000006,623.8092928770494,625.8971899483623,623.6460770253009,623.6458860073685,100.0,0.17010772490050538,0.17014167556314694
43.0,622.3859385255332,622.840457582742,622.2452023017563,622.245023672775,0.0,0.17010772490050538,0.17014559348181688
43.1,623.6298864414179,620.8907538809905,623.3839215183945,623.383721401462,100.0,0.17010772490050538,0.17013927674038096
43.2,622.3118593422096,621.3741494331613,622.0336213560371,622.0334241256869,3.9155177197656066,0.17010772490050538,0.17014462718679063
43.300000000000004,623.5563392125523,624.3366023630798,623.3293406975713,623.3291468298515,100.0,0.17010772490050538,0.17014002936553868
43.400000000000006,622.2101806329356,622.729174199608,622.0118239551383,622.0116464477313,2.83691152206503,0.17010772490050538,0.170145946324907
43.5,623.4553904263514,622.1066868956314,623.2137893131697,623.21359538027,100.0,0.17010772490050538,0.1701413885424403
43.6,622.266365343511,624.8416235700028,622.1421173947363,622.1419605784267,8.72338087441452,0.17010772490050538,0.17014684895619203
43.7,623.511171834112,622.1724977922822,623.3404408881038,623.3402694826419,100.0,0.17010772490050538,0.17014120310287043
43.800000000000004,622.1722654011602,621.9398288670772,621.9954642196694,621.9953002872682,3.0976450071048873,0.17010772490050538,0.170146868296786
43.900000000000006,623.4177473121396,619.0267039636395,623.0672560416389,623.0670477699487,100.0,0.17010772490050538,0.17014234713437387
44.0,622.5320441275492,620.8892661322188,622.1259556370833,622.1257450621223,20.128784728027007,0.17010772490050538,0.17014649244565727
44.1,623.7749424780512,624.6429821100357,623.4301401470456,623.4299379960529,100.0,0.17010772490050538,0.1701410055595489
44.2,622.3518348848563,623.2478146319038,622.0572631524793,622.05708215626,0.0,0.17010772490050538,0.17014664035173535
44.300000000000004,623.5960277120562,621.5315245237633,623.2325224922026,623.2323211089077,100.0,0.17010772490050538,0.170141666665009
44.400000000000006,622.3999405974126,624.3900770929239,622.134905893796,622.134737514908,8.495602214735335,0.17010772490050538,0.17014700383180045
44.5,623.6437879507376,623.6301371328329,623.3955747904579,623.3954044913535,100.0,0.17010772490050538,0.1701413985367089
44.6,622.2216222466354,621.4052810576444,621.946049114718,621.945880933227,0.0,0.17010772490050538,0.17014725957496243
44.7,623.4667499166393,623.8897701465042,623.2270948805422,623.2269238231602,100.0,0.17010772490050538,0.17014308017130267
44.800000000000004,622.1686679083132,621.2591621639335,621.89769716607,621.8975275940882,4.622077840301699,0.17010772490050538,0.1701491181330975
44.900000000000006,623.4141756366513,623.547282094312,623.1665680753954,623.1663918802843,100.0,0.17010772490050538,0.17014513074689125
45.0,622.1864203975274,621.6516699752967,621.9240704739464,621.9238999167598,7.254633460792512,0.17010772490050538,0.17015089322156743
45.1,623.4318007222674,625.3121099663452,623.2666904246456,623.2665310801862,100.0,0.17010772490050538,0.17014653216989317
45.2,622.0398691271313,622.3811298859499,621.8926261262675,621.8924802296161,1.0806011708709207,0.17010772490050538,0.17015266192889225
45.300000000000004,623.2863009678513,623.655450719849,623.166347784395,623.1661954155812,100.0,0.17010772490050538,0.17014837153733617
45.400000000000006,622.0470996248837,620.9184495367095,621.8807990004199,621.8806425547641,6.789328336418116,0.17010772490050538,0.17015391872670582
45.5,623.2934795986819,624.4928502896583,623.1907173250303,623.1905636176879,100.0,0.17010772490050538,0.17014959801257376
45.6,621.9790959077013,623.4195323076663,621.938132477294,621.9380047990633,3.9617756030775233,0.17010772490050538,0.17015542140227352
45.7,623.2259636452955,623.890631239969,623.2196061940424,623.2194747904565,100.0,0.17010772490050538,0.17015051534958117
45.800000000000004,621.8528924441734,621.8458149136615,621.8418086877698,621.8416837745596,1.7348487232089553,0.17010772490050538,0.17015648660837412
45.900000000000006,623.1006650872079,623.0444150261852,623.0920568551802,623.0919171335021,100.0,0.17010772490050538,0.17015221732877997
46.0,621.9346795571277,621.0419020410017,621.8845057520739,621.8843619682173,9.494703880617624,0.17010772490050538,0.1701574061551013
46.1,623.181865814096,621.7872740334664,623.079180991019,623.0790100174985,100.0,0.17010772490050538,0.17015272056078545
46.2,622.1065220703251,622.161254601094,622.0075280864617,622.0073674943284,12.927924307017179,0.17010772490050538,0.1701572542989025
46.300000000000004,623.3524757370309,625.186017151402,623.3406602617316,623.3405131819623,100.0,0.17010772490050538,0.1701516388061868
46.400000000000006,621.9324005793725,621.9579436377769,621.917352137046,621.9172124170583,0.0,0.17010772490050538,0.17015693260820675
46.5,623.1796031780775,619.9455742466384,623.0320818897457,623.031895222342,100.0,0.17010772490050538,0.1701520404645953
46.6,622.2792530769341,622.8728319504704,622.1611580053561,622.1609893056306,19.51321292121333,0.17010772490050538,0.17015564693613616
46.7,623.523967046345,624.7322793187581,623.4673999457104,623.4672415413349,100.0,0.17010772490050538,0.1701490063212074
46.800000000000004,622.1026614675485,623.747727363568,622.1139408977702,622.1138086851867,0.0,0.17010772490050538,0.1701535845853444
46.900000000000006,623.3486428335441,619.7082688415155,623.208861102531,623.2086862470975,100.0,0.17010772490050538,0.1701475053896322
47.0,622.2121423733723,623.9547948287259,622.1494546151782,622.1493092406877,10.671317926691525,0.17010772490050538,0.17015201349835213
47.1,623.4573380864148,626.6106943564089,623.5361582987808,623.5360387313035,100.0,0.17010772490050538,0.1701458130749674
47.2,622.0365106453074,621.2246490348402,622.0720016437598,622.0718768144416,0.0,0.17010772490050538,0.1701501727933792
47.300000000000004,623.2829665771687,624.0102959665467,623.3519469804237,623.3518208089351,100.0,0.17010772490050538,0.17014474478149189
47.400000000000006,621.8647845157649,620.464884245482,621.8659257878047,621.8657896809499,0.052485246114652995,0.17010772490050538,0.17015060581746813
47.5,623.1124719068937,623.6662185463517,623.1414252063261,623.1412814862769,100.0,0.17010772490050538,0.17014671861615885
47.6,621.9554648298933,622.3587921962784,621.9961459658017,621.9960135420961,9.835793780826318,0.17010772490050538,0.17015198985029548
47.7,623.202502037175,623.2781922390693,623.2487068375309,623.2485653652926,100.0,0.17010772490050538,0.1701469692806921
47.800000000000004,621.871132590081,621.9299912720023,621.9129609838525,621.9128265904062,3.297962355903273,0.17010772490050538,0.1701527388747991
47.900000000000006,623.1187744716954,622.4120804723045,623.1328007384658,623.1326470860702,100.0,0.17010772490050538,0.1701482848506532
48.0,621.9567701760011,624.1967390869878,622.0613515566647,622.0612310252286,9.649424204351444,0.17010772490050538,0.17015350944496005
48.1,623.2037980223848,621.4116861322748,623.2313124414042,623.2311646567148,100.0,0.17010772490050538,0.17014784140483183
48.2,621.9045102882941,622.2410773592193,621.9404928328621,621.9403558620106,4.505706929210611,0.17010772490050538,0.17015341193023453
48.300000000000004,623.1519128679569,623.5886627074036,623.209008078678,623.2088644725816,100.0,0.17010772490050538,0.1701486816204663
48.400000000000006,621.7854488025312,623.0245111055661,621.8876995635541,621.8875770084261,1.9635279432523873,0.17010772490050538,0.17015486377656439
48.5,623.0337048697392,622.0030298736292,623.0913923613836,623.0912447150304,100.0,0.17010772490050538,0.17015039868529896
48.6,621.8828963490516,622.3291403662699,621.9527390106973,621.952603333719,10.047824259140516,0.17010772490050538,0.1701556543307233
48.7,623.130453893338,622.8654027046575,623.1898908811808,623.1897411629805,100.0,0.17010772490050538,0.1701506137149649
48.800000000000004,621.8172007477064,621.3958809200373,621.8512502652791,621.8511021498393,3.9603289381401012,0.17010772490050538,0.17015634579244834
48.900000000000006,623.0652292365143,627.632108300964,623.2961322377307,623.2960214531291,100.0,0.17010772490050538,0.17015201779331915
49.0,621.6472133994099,621.362013948824,621.8496821391598,621.8495702246315,0.0,0.17010772490050538,0.17015761527175768
49.1,622.8964599634223,619.1434174921125,622.933643656218,622.9334721084663,100.0,0.17010772490050538,0.17015317660579748
49.2,622.1130523291927,625.4757064008852,622.2886991359618,622.2885761290563,23.83792275385508,0.17010772490050538,0.17015653780332696
49.300000000000004,623.1422596647864,620.4758683386968,623.1993922300684,623.1992360150864,91.84446252410629,0.17010772490050538,0.1701505140092143
49.400000000000006,622.1131369808331,621.0152818619474,622.1172042220068,622.1170423919178,14.656764925765643,0.17010772490050538,0.17015398527868833
49.5,623.3590431856182,622.6547515900161,623.3372679849576,623.3370942670268,100.0,0.17010772490050538,0.17014784259285892
49.6,621.9781055351174,627.2287424722059,622.175931756624,622.1758262386775,1.4747142524603767,0.17010772490050538,0.1701532255206371
49.7,623.2249803754203,625.1955261764945,623.501143875554,623.5010494878125,100.0,0.17010772490050538,0.1701467044440734
49.800000000000004,621.8058195053923,623.5434548092162,622.1373297296808,622.1372545136362,0.0,0.17010772490050538,0.17015124594718245
49.900000000000006,623.0539295707968,625.335485552629,623.470402047463,623.4703365594727,100.0,0.17010772490050538,0.1701452121741569
50.0,621.6359947014098,623.8541433941027,622.1213201483422,622.1212758584198,0.0,0.17010772490050538,0.17015013247995253
50.1,622.8853216299995,621.9913360495543,623.3129674278181,623.3129000606713,100.0,0.17010772490050538,0.170144328862324
50.2,621.5537636116776,618.517824529167,621.8265707563584,621.8264699838276,3.205322412613903,0.17010772490050538,0.17014987998738268
50.300000000000004,622.8036795039048,621.1972674325824,622.9990186388973,622.9988837621861,100.0,0.17010772490050538,0.17014636460670407
50.400000000000006,621.950625396878,621.2491863387446,622.103537925575,622.1033999190522,21.191751134830398,0.17010772490050538,0.1701504258032501
50.5,623.1976973083348,628.4402509891576,623.5703167691061,623.5702195632258,100.0,0.17010772490050538,0.1701447312291971
50.6,621.7787320370659,625.5619579188252,622.2889240462758,622.2888647518873,0.0,0.17010772490050538,0.17014893368255635
50.7,623.027036242731,622.2996878367566,623.485399668944,623.4853238521963,100.0,0.17010772490050538,0.17014195780182678
50.800000000000004,621.6092940647457,618.8586806648894,621.9231347149763,621.92302981487,0.0,0.17010772490050538,0.17014707714070007
50.900000000000006,622.8588122495312,622.9701220896116,623.1662033642812,623.1660838688384,100.0,0.17010772490050538,0.17014309078552056
51.0,621.7532670947168,616.7855070641892,621.830388320114,621.8302214957897,11.704138682681357,0.17010772490050538,0.17014813810598384
51.1,623.001753795249,624.6241086676237,623.1483805362727,623.1482154405178,100.0,0.17010772490050538,0.1701447619068473
51.2,621.8727846472034,625.1347447762586,622.1469897128497,622.1468657264186,10.861128822617882,0.17010772490050538,0.17014995805245434
51.300000000000004,623.1204146850133,619.3700686741248,623.225893649854,623.225727283119,100.0,0.17010772490050538,0.17014397464814554
51.400000000000006,621.9956121688821,620.5432401735073,622.0302298844123,622.030055798667,11.049955853178709,0.17010772490050538,0.17014861489805916
51.5,623.2423614523448,625.3443646983014,623.3689739109969,623.3688119916835,100.0,0.17010772490050538,0.17014365836575088
51.6,621.8230759636989,620.8688413813375,621.8979500234053,621.8977843107792,0.0,0.17010772490050538,0.17014950496116618
51.7,623.0710623398509,626.8577697288279,623.3075933135682,623.3074520724089,100.0,0.17010772490050538,0.1701454782994175
51.800000000000004,621.6530047044326,619.9728035965181,621.8014978237188,621.8013423111134,0.0,0.17010772490050538,0.17015161868177073
51.900000000000006,622.9022097815105,620.2783572992038,622.9361066708794,622.9359090995147,100.0,0.17010772490050538,0.17014812849657962
52.0,622.2207698814576,622.9436918288155,622.2813841074002,622.2812032694145,27.677032700525956,0.17010772490050538,0.17015116839536887
52.1,623.3991589104319,627.1780046284994,623.6215553713043,623.6214086603088,97.48803984519539,0.17010772490050538,0.17014455443230425
52.2,621.9787488807553,623.9176881197396,622.267704098856,622.2675794997622,0.0,0.17010772490050538,0.1701483821843969
52.300000000000004,623.2256191071441,625.9172033653571,623.6190704894425,623.6189630926402,100.0,0.17010772490050538,0.1701416231068927
52.400000000000006,621.8064536576777,619.209375887004,622.0651119779236,622.0649789060591,0.0,0.17010772490050538,0.17014575214000607
52.5,623.0545591777937,624.5069257438425,623.3665180214866,623.366387322792,100.0,0.17010772490050538,0.17014080345839203
52.6,621.7567614992015,617.8412629159753,621.8823081775834,621.8821429799937,4.521521426810359,0.17010772490050538,0.170146014830037
52.7,623.0052231579808,624.4018091421126,623.1882802006827,623.1881149839323,100.0,0.17010772490050538,0.17014244482397772
52.800000000000004,621.8956674010586,622.3171404122887,622.0837715985958,622.0836169510968,11.592686811296101,0.17010772490050538,0.1701474087656277
52.900000000000006,623.1431333826197,624.5754943906647,623.38717128325,623.3870213879904,100.0,0.17010772490050538,0.17014215714480438
53.0,621.7959851896203,624.8575683924952,622.1535107012116,622.1533955977015,2.688111234504454,0.17010772490050538,0.1701474569160639
53.1,623.0441657412449,622.1300348227487,623.3494651865669,623.3493331082093,100.0,0.17010772490050538,0.17014166456813662
53.2,621.6878557494739,621.2664229257113,621.9554627441738,621.9553295871685,2.3166125486276243,0.17010772490050538,0.17014737641709274
53.300000000000004,622.9368111481031,623.874159928558,623.23537932551,623.2352416163168,100.0,0.17010772490050538,0.17014311319317577
53.400000000000006,621.616569454147,619.9921008713995,621.8267428394938,621.826591943388,3.645090939635079,0.17010772490050538,0.17014928503574941
53.5,622.8660355271851,624.1795263523774,623.1260085356829,623.125854676007,100.0,0.17010772490050538,0.17014582609275544
53.6,621.6801349568105,621.8007317865278,621.9282973459118,621.9281496271218,8.681919743984615,0.17010772490050538,0.1701515383688887
53.7,622.9291456710105,620.1495688475056,623.0511613248824,623.0509732701287,100.0,0.17010772490050538,0.17014708246982913
53.800000000000004,621.9973457469024,619.8663403424587,622.0194906738153,622.0192873143139,18.261998365625082,0.17010772490050538,0.17015127804829294
53.900000000000006,623.2440825968052,624.8211184282333,623.336513497546,623.336319822847,100.0,0.17010772490050538,0.17014614738135134
54.0,621.8521353075438,620.0440107545156,621.8582983261626,621.8580929372414,1.029336965788655,0.17010772490050538,0.17015179111438186
54.1,623.0999133782227,620.4539450907674,622.9975666492311,622.9973248447175,100.0,0.17010772490050538,0.17014784869189678
54.2,622.3126919495251,618.3106443766031,622.04249157091,622.0422190294045,23.749304776408884,0.17010772490050538,0.17015125300942552
54.300000000000004,623.557165841759,626.1638424856945,623.4154793594453,623.4152330713537,100.0,0.17010772490050538,0.1701459486264259
54.400000000000006,622.1356219834012,622.7564616490882,622.0224313350916,622.0222047190279,0.0,0.17010772490050538,0.17015121944576625
54.5,623.3813668504345,621.0542292891616,623.1791145621748,623.1788626898123,100.0,0.17010772490050538,0.17014607202372667
54.6,622.3470708117982,617.6043673188021,621.9495506057447,621.949263038644,14.526634279408096,0.17010772490050538,0.17015015414038387
54.7,623.5912978493471,622.4210104324056,623.167961444268,623.1676634831116,100.0,0.17010772490050538,0.17014566961788596
54.800000000000004,622.5213684401907,622.6778848516662,622.121917459022,622.121640383167,13.242297554140684,0.17010772490050538,0.17015014018761565
54.900000000000006,623.7643434984992,623.9974410249622,623.3988487008546,623.3985784188679,100.0,0.17010772490050538,0.17014433302603302
55.0,622.3816682017782,623.6803033968047,622.0846901823146,622.0844499603899,1.5188132000543533,0.17010772490050538,0.17014957491483626
55.1,623.625646786067,623.9577812314866,623.3617750149607,623.3615387758189,100.0,0.17010772490050538,0.1701441079815168
55.2,622.2882227942602,619.1876274223163,621.9009153107863,621.900660753872,3.184366390441909,0.17010772490050538,0.1701493126785509
55.300000000000004,623.5328723675453,622.4896668806635,623.1246500129382,623.1243831828509,100.0,0.17010772490050538,0.1701452824763669
55.400000000000006,622.5273285018401,623.1041580016253,622.1603415654953,622.160098246201,15.649669437423967,0.17010772490050538,0.17014962675487383
55.5,623.770260735782,621.0414526303368,623.3096643309542,623.3094001101178,100.0,0.17010772490050538,0.17014357363062366
55.6,622.4906311181862,625.6750762734356,622.1838060461216,622.1835920045181,5.398562569903831,0.17010772490050538,0.17014877371900436
55.7,623.7338270170505,625.939026852106,623.5402477292091,623.5400549753734,100.0,0.17010772490050538,0.17014262234315541
55.800000000000004,622.3110147411311,622.3405983481789,622.1233468272077,622.1231640266411,0.0,0.17010772490050538,0.17014725889165103
55.900000000000006,623.55550067568,625.3175233837611,623.4563464649112,623.4561766320344,100.0,0.17010772490050538,0.1701417179146252
56.0,622.1339687694591,623.0394688235618,622.073313744885,622.0731611167123,0.0,0.17010772490050538,0.17014708334449286
56.1,623.379725499305,626.4995816195698,623.4590559021881,623.4589241413794,100.0,0.17010772490050538,0.17014194342660255
56.2,621.959454877684,619.994315576706,621.9463882279144,621.9462416865325,0.0,0.17010772490050538,0.17014726610308828
56.300000000000004,623.2064634714031,623.0406818337108,623.1913081105826,623.191150125744,100.0,0.17010772490050538,0.1701430832998369
56.400000000000006,621.9905894741885,621.9147166445707,621.9687591615851,621.9686083883182,7.645702758573886,0.17010772490050538,0.17014877344202492
56.5,623.237374780979,622.0019211569647,623.1683979115895,623.1682267995238,100.0,0.17010772490050538,0.17014427352360348
56.6,622.0649246981702,622.7336908505323,622.0237498920893,622.0235950145737,9.28830709002224,0.17010772490050538,0.170149686818049
56.7,623.3111768008962,628.9451174785025,623.5159432002557,623.5158332143903,100.0,0.17010772490050538,0.1701446765290216
56.800000000000004,621.8913978477503,619.1438551897442,621.9642960311303,621.9641592654663,0.0,0.17010772490050538,0.1701493003977183
56.900000000000006,623.1388944405445,624.164749860875,623.2561338679101,623.255995868927,100.0,0.17010772490050538,0.17014478382462175
57.0,621.7434131228018,621.4758739383329,621.8386641856356,621.8385287565127,0.867953431189008,0.17010772490050538,0.170151206309176
57.1,622.9919704376747,626.3164329914881,623.2282166734806,623.2280994591663,100.0,0.17010772490050538,0.17014747046314613
57.2,621.5744794803426,619.2586649795585,621.6956747661551,621.6955338126911,0.0,0.17010772490050538,0.17015402549248224
57.300000000000004,622.824247015019,625.2042956018313,623.0449996451845,623.0448648775671,100.0,0.17010772490050538,0.17015111517900539
57.400000000000006,621.7123164079348,620.1232133910797,621.8507444555771,621.8505942782638,11.454503679220608,0.17010772490050538,0.17015636750096041
57.5,622.9610965486339,623.4451128428519,623.117591363074,623.1174322468398,100.0,0.17010772490050538,0.17015204130699646
57.6,621.8301823888509,622.9134322007059,622.021107882373,622.0209680520637,10.776961762400834,0.17010772490050538,0.1701567885509367
57.7,623.0781178260899,622.5746785821117,623.2425165722217,623.2423608714321,100.0,0.17010772490050538,0.17015111351827028
57.800000000000004,621.7687090126138,625.7833742078888,622.0911948248671,622.0910936147618,4.0908917520499735,0.17010772490050538,0.1701563682429917
57.900000000000006,623.0170850503314,624.9273773963564,623.4091920726954,623.4090993145835,100.0,0.17010772490050538,0.17015019507832752
58.0,621.5994141683847,624.032020967523,622.0707004617643,622.0706357502545,0.0,0.17010772490050538,0.17015510350446614
58.1,622.8490031182454,621.2363797639987,623.2327439742359,623.2326469286098,100.0,0.17010772490050538,0.17014920947936926
58.2,621.5389386170457,621.1051493042064,621.8807473618363,621.8806455117402,4.004437995870287,0.17010772490050538,0.1701547397690683
58.300000000000004,622.7889606725986,621.9200407046718,623.0812545427432,623.0811255744915,100.0,0.17010772490050538,0.17015033985199857
58.400000000000006,621.678937419825,622.589608586939,621.9916853674956,621.9915701585869,11.516774208275773,0.17010772490050538,0.17015537680026255
58.5,622.9279567136397,623.307647496924,623.2457193750143,623.2455945264377,100.0,0.17010772490050538,0.17015006370736407
58.6,621.5307481568788,624.5359656162619,621.9557887480125,621.9557025409549,0.7460678726290553,0.17010772490050538,0.1701560818555942
58.7,622.7808288628465,622.3325087946333,623.1701275227446,623.1700190914637,100.0,0.17010772490050538,0.17015097620946945
58.800000000000004,621.486943247522,620.7815123897715,621.8225402793447,621.8224238939558,4.594954423218432,0.17010772490050538,0.1701566938069117
58.900000000000006,622.737337604543,626.4792674015716,623.2198146438197,623.2197211269704,100.0,0.17010772490050538,0.17015255238631785
59.0,621.321669995544,625.758693430228,621.9641143243051,621.9640758601251,0.0,0.17010772490050538,0.17015868165879067
59.1,622.5732473135782,622.2246314789573,623.1734538621293,623.1733892291498,100.0,0.17010772490050538,0.17015326097865613
59.2,621.2658061217219,621.0580458252297,621.8230088848422,621.822937229814,4.02887741783033,0.17010772490050538,0.17015884884626511
59.300000000000004,622.517783139421,621.8358441253001,623.0227895431256,623.0226859156365,100.0,0.17010772490050538,0.1701544956582291
59.400000000000006,621.4731092462534,622.6266707376462,621.9986160415639,621.9985257671752,13.90311501718287,0.17010772490050538,0.17015908875560054
59.5,622.7236026474037,622.5220715880988,623.2188993228217,623.2187893792975,100.0,0.17010772490050538,0.17015336424497612
59.6,621.3892091876825,620.7471518458293,621.8281217225505,621.8280027442127,3.0550320573913723,0.17010772490050538,0.17015879503435716
59.7,622.6403031679388,622.4706444600228,623.0546457557739,623.0545046813517,100.0,0.17010772490050538,0.1701544081527992
59.800000000000004,621.5566287251407,624.1116177702049,622.0554143324714,622.055307685889,12.468343786091076,0.17010772490050538,0.17015906107941786
59.900000000000006,622.806524099369,623.7387852087804,623.3246330854882,623.3245222902386,100.0,0.17010772490050538,0.1701529031018342
60.0,621.3903612248484,622.1845750186086,621.9117551453088,621.9116530594638,0.0,0.17010772490050538,0.17015819732251283
60.1,622.6414469596872,623.3734625488278,623.1725391357793,623.1724261788976,100.0,0.17010772490050538,0.17015322589345463
60.2,621.3826413617163,623.7426704388389,621.983511744679,621.9834276636692,5.877631385013771,0.17010772490050538,0.17015844480603487
60.300000000000004,622.6337823489191,621.2745326876786,623.1514876529673,623.1513693442452,100.0,0.17010772490050538,0.17015289835496336
60.400000000000006,621.4549938922509,618.5712223990174,621.8204119010993,621.8202570513567,8.886992058927792,0.17010772490050538,0.17015769169854358
60.5,622.705616982627,623.2768109473712,623.0816008291241,623.08143486203,100.0,0.17010772490050538,0.1701534706762325
60.6,621.5952749832984,617.9404579365621,621.7934205933454,621.7932119863702,11.482315023179648,0.17010772490050538,0.17015821056136685
60.7,622.8448935794909,621.7246258000011,622.9899340711845,622.9896984697225,100.0,0.17010772490050538,0.17015414708699558
60.800000000000004,621.978072192047,620.8055276811009,622.0630895635659,622.0628489166519,20.68473621301274,0.17010772490050538,0.17015763259175046
60.900000000000006,623.2249472714777,624.5894271889339,623.3681041113853,623.3678752288685,100.0,0.17010772490050538,0.17015155445958932
61.0,621.8376544718898,623.6024251599621,622.0439965611567,622.0437982346662,1.199344928490703,0.17010772490050538,0.17015640076222188
61.1,623.0855363478347,623.3649017217263,623.2978795943945,623.297677214437,100.0,0.17010772490050538,0.1701505877731941
61.2,621.7255023008958,621.8714674385293,621.9288641711925,621.9286708154876,2.1876159549064944,0.17010772490050538,0.17015586110374126
61.300000000000004,622.974187960006,621.826934783049,623.1230333569196,623.1228171152692,100.0,0.17010772490050538,0.17015098431661574
61.400000000000006,621.8763333915289,621.6913356970358,622.006166585686,622.0059570966832,12.024688606619488,0.17010772490050538,0.17015553589861376
61.5,623.1239379877186,625.7352761792138,623.3627243628817,623.3625358549815,100.0,0.17010772490050538,0.17015009696892147
61.6,621.7055014226178,619.6706687861472,621.8410547962753,621.8408480679258,0.0,0.17010772490050538,0.17015537097097602
61.7,622.954330393419,621.7944184238813,623.0381817101353,623.037950622079,100.0,0.17010772490050538,0.17015121569603964
61.800000000000004,622.0235305089808,621.8367955531462,622.0920845155536,622.0918615450882,18.306429436492568,0.17010772490050538,0.17015510337095427
61.900000000000006,623.2700795476482,625.2535684547879,623.423909689345,623.4237041154488,100.0,0.17010772490050538,0.17014904630121488
62.0,621.8505953107574,622.7695005710742,622.0309994464786,622.0308120551709,0.0,0.17010772490050538,0.17015395374827796
62.1,623.0983844210846,621.797983426773,623.2188887200238,623.2186805205715,100.0,0.17010772490050538,0.17014847650952347
62.2,621.9145868129802,618.9910767112394,621.9007211342526,621.900488628449,8.823731264167293,0.17010772490050538,0.17015319420751038
62.300000000000004,623.1619171434382,622.8332182715885,623.139075621216,623.1388326944598,100.0,0.17010772490050538,0.17014879099919925
62.400000000000006,622.0497308085264,618.6780225085048,621.8807905567876,621.8805213331854,11.53596713412573,0.17010772490050538,0.1701535319013321
62.5,623.2960919075923,622.974750785185,623.1261491855597,623.1258723945099,100.0,0.17010772490050538,0.1701492494226616
62.6,622.2087085405493,619.1945835222668,621.9152294639665,621.9149335881893,12.505652960072009,0.17010772490050538,0.1701538460343432
62.7,623.4539288998318,624.0536521170095,623.2047680886409,623.2044778408964,100.0,0.17010772490050538,0.1701492690587713
62.800000000000004,622.2122360425253,619.8321824687911,621.8698861661079,621.8695853750602,6.740827217489155,0.17010772490050538,0.17015444693441384
62.900000000000006,623.4574310832559,621.7909925747147,623.0654422112624,623.0651226015322,100.0,0.17010772490050538,0.1701501601671569
63.0,622.4896394650902,622.1737182486884,622.100248233216,622.0999452314021,17.050093409073817,0.17010772490050538,0.1701541998867514
63.1,623.7328424883644,626.8560115577222,623.4998168498297,623.4995511050382,100.0,0.17010772490050538,0.17014816785407688
63.2,622.3100372834418,622.952430436339,622.1109338479706,622.1106896367038,0.0,0.17010772490050538,0.17015257976046838
63.300000000000004,623.554530236081,623.3178873762233,623.3595086948875,623.3592632382275,100.0,0.17010772490050538,0.17014662144060322
63.400000000000006,622.2021346741649,623.06095790358,622.0486047040195,622.0483824892444,2.6016930847334443,0.17010772490050538,0.17015172099152404
63.5,623.4474022163799,623.3693882281837,623.3024507471955,623.3022257050882,100.0,0.17010772490050538,0.17014632413261083
63.6,622.0697831593335,619.9550992598478,621.8373079271865,621.8370719316173,1.6234677062132299,0.17010772490050538,0.17015208951411684
63.7,623.3160004077363,623.0985486279926,623.0900807099041,623.0898358967465,100.0,0.17010772490050538,0.17014827967818769
63.800000000000004,622.2302688836088,618.9440762860061,621.8720151713675,621.8717476295268,12.57319669597058,0.17010772490050538,0.170153231545349
63.900000000000006,623.4753344893035,621.888870026204,623.0716284042468,623.0713418259388,100.0,0.17010772490050538,0.17014904538840067
64.0,622.4895162200222,621.9992145025708,622.0815087973825,622.0812353354305,16.376495068365614,0.17010772490050538,0.1701532834149556
64.10000000000001,623.7327201287337,626.4172181471976,623.4633431952243,623.4631002804698,100.0,0.17010772490050538,0.17014748350679032
64.2,622.3099158026101,624.9484891239354,622.161149391346,622.1609497123723,0.0,0.17010772490050538,0.17015224023582293
64.3,623.5544096274731,623.8657848748821,623.4305424078822,623.4303452626135,100.0,0.17010772490050538,0.17014592850187124
64.4,622.1328855524805,617.4075971990951,621.8092790038546,621.8090408318105,0.0,0.17010772490050538,0.17015108567146423
64.5,623.3786500550286,621.8579398123579,623.0106780125118,623.0104181553611,100.0,0.17010772490050538,0.17014758779879288
64.60000000000001,622.5489557149793,621.6069665268993,622.1562464937354,622.1559930121823,22.226123886793975,0.17010772490050538,0.1701512301902605
64.7,623.7917325452231,621.1436037010325,623.3101158562913,623.309841993058,100.0,0.17010772490050538,0.17014505396043036
64.8,622.5333550541017,621.1026427713449,622.0103536782834,622.0100830440988,6.204198472820064,0.17010772490050538,0.17014994244260517
64.9,623.776243985035,625.8528999417358,623.3717066588713,623.3714580481935,100.0,0.17010772490050538,0.17014501127614678
65.0,622.3531270429112,623.5330026697321,622.0138462913378,622.0136264354339,0.0,0.17010772490050538,0.1701507072359679
65.10000000000001,623.5973105911522,620.0021287411712,623.1262112823637,623.1259559234018,100.0,0.17010772490050538,0.17014567509713255
65.2,622.5997335566317,626.0443800473159,622.2949646032173,622.2947631558764,15.966923404911437,0.17010772490050538,0.17014990428954346
65.3,623.7678882199783,625.0643238941184,623.5373569069313,623.537170894657,97.20529165653548,0.17010772490050538,0.17014336640653446
65.4,622.344831297898,624.0929958077871,622.1951229888547,622.1949643156713,0.0,0.17010772490050538,0.17014795330115615
65.5,623.5890744169867,624.0560301810608,623.4709271885625,623.4707706739096,100.0,0.17010772490050538,0.17014179366468338
65.60000000000001,622.1673015138051,618.8058169935182,621.9071295012899,621.9069476585012,0.0,0.17010772490050538,0.17014704015511153
65.7,623.4128190479712,626.5195747766052,623.3019366426191,623.3017751332294,100.0,0.17010772490050538,0.1701431808407188
65.8,622.0369585124854,621.7021894822456,621.9125689797091,621.912412899732,1.6803110180800722,0.17010772490050538,0.17014924095535777
65.9,623.2834112317112,621.86941193113,623.1093500839467,623.1091713283996,100.0,0.17010772490050538,0.17014512744182264
66.0,622.2820832061537,622.2989689112063,622.1138858551001,622.1137179405347,15.740930799213274,0.17010772490050538,0.1701495843029065
66.10000000000001,623.5267768574847,619.7160685900138,623.2091404800706,623.2089350594722,100.0,0.17010772490050538,0.17014389162031962
66.2,622.4297652969127,621.7193699343946,622.0938290357108,622.0936297499845,12.20561488480788,0.17010772490050538,0.1701484308479884
66.3,623.6733984337927,623.7278981161415,623.3606858976905,623.3604865238481,100.0,0.17010772490050538,0.1701430037352972
66.4,622.2911428033082,622.3312644943735,621.9908189396061,621.990632532854,1.510024459928239,0.17010772490050538,0.1701486669056595
66.5,623.5357714125979,620.7854743467807,623.1376354918609,623.1374199711099,100.0,0.17010772490050538,0.17014400813098216
66.60000000000001,622.5009757447204,621.6110861469181,622.0811005806784,622.0808906972412,14.5495546322271,0.17010772490050538,0.17014860159312278
66.7,623.7440973224386,624.1537139742685,623.3666952709941,623.3664894191521,100.0,0.17010772490050538,0.1701432558733
66.8,622.3504583547353,622.457040317,621.9914295003059,621.9912382755749,1.1007197350317348,0.17010772490050538,0.17014893291452415
66.9,623.5946610667228,625.8557568291839,623.3538394260506,623.3536654823233,100.0,0.17010772490050538,0.17014424383384888
67.0,622.172848059097,621.3290833293593,621.9031363364198,621.9029641379472,0.0,0.17010772490050538,0.17015014982763685
67.10000000000001,623.4183257886096,622.4658850786851,623.1257498828863,623.1255610367207,100.0,0.17010772490050538,0.17014602120859026
67.2,622.3678199770375,622.9808726303733,622.1121486765961,622.1119788944283,13.9265618813215,0.17010772490050538,0.17015063939067165
67.3,623.6118980127385,622.9966700392702,623.3470030851151,623.3468254355631,100.0,0.17010772490050538,0.17014485830894305
67.4,622.2877620547612,619.0288365419475,621.8927946234594,621.8925936802422,3.680748474152292,0.17010772490050538,0.17015000124143098
67.5,623.5324149358732,623.5252911960184,623.1609726673998,623.1607664237723,100.0,0.17010772490050538,0.17014596656995856
67.60000000000001,622.4052128471875,620.414034005227,621.9635583654743,621.9633448464929,11.070911944466804,0.17010772490050538,0.17015090748867198
67.7,623.649022334081,623.3862800262381,623.2223267330554,623.2221086094265,100.0,0.17010772490050538,0.17014624218113417
67.8,622.4100079945578,623.9188743406984,622.0642911880575,622.0641050064304,6.894350993379398,0.17010772490050538,0.1701515454262832
67.9,623.6537830410758,624.0343552558758,623.3456408318539,623.3454566680207,100.0,0.17010772490050538,0.1701460447303829
68.0,622.2535352787846,620.2984495900132,621.8726437635916,621.8724501858761,0.8275863076999634,0.17010772490050538,0.17015166992655653
68.10000000000001,623.4984338725002,624.0916340376097,623.1659027178328,623.1657088740872,100.0,0.17010772490050538,0.17014762897479982
68.2,622.2979719873799,622.5288502320714,621.9875497736059,621.9873719016084,8.304584003361875,0.17010772490050538,0.17015294019884397
68.3,623.5425515662112,621.9392720405219,623.1835954008088,623.1833971354049,100.0,0.17010772490050538,0.17014789434112662
68.4,622.358809588493,619.2544230439491,621.881487482626,621.8812680105023,8.9457616353222,0.17010772490050538,0.17015291297454335
68.5,623.6029523300084,624.7301130889837,623.2014618332774,623.2012503464387,100.0,0.17010772490050538,0.17014868445172257
68.60000000000001,622.2925190049544,626.2934313478826,622.0764940899585,622.076344493526,4.194032060357749,0.17010772490050538,0.1701544664824836
68.7,623.5371377338303,622.6801860026843,623.2996518633138,623.2994892907238,100.0,0.17010772490050538,0.17014859004248362
68.8,622.167529959577,618.7256568053367,621.7906800478753,621.7904881398658,1.9492105334222494,0.17010772490050538,0.17015409104040097
68.9,623.4130458543224,624.2595762304657,623.0951326576028,623.0949411667187,100.0,0.17010772490050538,0.17015044574101382
69.0,622.2735095695459,623.5678056833343,622.0224174357521,622.022254678548,10.574459797635395,0.17010772490050538,0.17015556039967783
69.10000000000001,623.5182647721704,622.8269933472575,623.2544915650775,623.2543169533095,100.0,0.17010772490050538,0.1701499939343122
69.2,622.1680496055479,621.1539823979123,621.869525959446,621.869350914608,2.6739554505626124,0.17010772490050538,0.17015555618332365
69.3,623.4135617710953,622.8401160909247,623.1097158137766,623.1095267890665,100.0,0.17010772490050538,0.17015116424170695
69.4,622.2568186675751,622.4526400704647,621.9723242754892,621.972150660527,9.927018173535199,0.17010772490050538,0.1701562310970472
69.5,623.5016936912324,624.7614536037024,623.2891412431421,623.2889762806191,100.0,0.17010772490050538,0.170150984748259
69.60000000000001,622.0835886224669,619.111299224133,621.7502425692586,621.7500517780791,0.11443558071680116,0.17010772490050538,0.17015671216124484
69.7,623.3297068280876,621.2855920578995,622.9302196438327,622.9299953996334,100.0,0.17010772490050538,0.17015312442650457
69.8,622.5562644933323,621.3047868300963,622.1206308154522,622.120406708075,24.329954120722498,0.17010772490050538,0.17015641611930893
69.9,623.7989888032782,625.1963828479238,623.4486129744542,623.4484065887497,100.0,0.17010772490050538,0.1701500131336227
70.0,622.3757084748042,621.1541992814325,621.9857878043014,621.9855803718684,0.0,0.17010772490050538,0.17015463843309045
70.10000000000001,623.6197298596189,625.7481308032603,623.3438996029389,623.3437124283525,100.0,0.17010772490050538,0.17014944255126682
70.2,622.2422176852831,620.7783737512983,621.9130105330802,621.9128182832559,1.674041905955228,0.17010772490050538,0.17015457970115844
70.3,623.4871975211721,626.4873171507955,623.3061551483531,623.3059892038931,100.0,0.17010772490050538,0.17014994821200927
70.4,622.1348256061782,623.4432661080422,622.0137052110043,622.0135648781335,2.584394150672498,0.17010772490050538,0.17015513811622862
70.5,623.3805761877095,623.6723010854172,623.2821583427108,623.2820138037268,100.0,0.17010772490050538,0.1701496791201644
70.60000000000001,622.053308779611,624.4409179281629,622.0567099642254,622.0566017249714,3.500410401842842,0.17010772490050538,0.17015489014931726
70.7,623.2996442119139,620.8904528058229,623.2047338360146,623.2045916586313,100.0,0.17010772490050538,0.17014912450557912
70.8,622.1050806382658,622.197102168268,622.0146501170012,622.014517136239,8.472875919060716,0.17010772490050538,0.17015395960425012
70.9,623.3510446470897,625.2898192202617,623.351844623063,623.3517235115174,100.0,0.17010772490050538,0.1701486069552287
71.0,621.9309797542078,622.2720520360733,621.9413417048736,621.9412301000577,0.0,0.17010772490050538,0.17015410725987581
71.10000000000001,623.1781925410784,621.9159551360243,623.1386798698251,623.1385430666472,100.0,0.17010772490050538,0.17014930317894597
71.2,622.0409091288249,621.6524431526511,621.9829032108576,621.9827691608525,10.595830797333072,0.17010772490050538,0.17015419008988605
71.3,623.2873335093236,622.6329175787796,623.2086771407263,623.2085272398665,100.0,0.17010772490050538,0.1701490590368182
71.4,622.0134151049865,621.8549220747174,621.927508016575,621.9273646001215,5.4830289383896975,0.17010772490050538,0.17015448456363289
71.5,623.2600366987908,622.164508278189,623.13610020387,623.1359353725861,100.0,0.17010772490050538,0.17014975056099388
71.60000000000001,622.0919327169521,621.082286482217,621.9271520164428,621.9269849373188,9.457990763496827,0.17010772490050538,0.1701548480561161
71.7,623.3379910583157,622.481180305223,623.1492288908729,623.1490448287885,100.0,0.17010772490050538,0.17015008191315933
71.8,622.1461294285097,623.3238397285513,622.0126662879418,622.0125075887973,8.584918208547037,0.17010772490050538,0.170155226562985
71.9,623.3917988966763,625.7856226181665,623.3710438546533,623.3709040607891,100.0,0.17010772490050538,0.17014976715712357
72.0,621.9714416660937,621.4557979270396,621.9248791072933,621.9247398505676,0.0,0.17010772490050538,0.170155008952302
72.10000000000001,623.2183642973989,623.7417141735322,623.2006749721563,623.2005306862895,100.0,0.17010772490050538,0.17015024453081687
72.2,621.9033058735707,621.6283379955696,621.8702578942025,621.8701176663183,3.9161080732866047,0.17010772490050538,0.17015593877679996
72.3,623.1507170887821,621.4510460385071,623.0513386813142,623.0511675406101,100.0,0.17010772490050538,0.1701515040519866
72.4,622.1308464019407,621.6002447411579,622.010294589692,622.0101266317704,15.007247290167534,0.17010772490050538,0.170155940797378
72.5,623.3766255364833,623.1763239070384,623.2578239261712,623.2576478520626,100.0,0.17010772490050538,0.17015043079409525
72.60000000000001,622.0036943321214,618.2360394265562,621.7257974362852,621.7255858423646,1.780784091641987,0.17010772490050538,0.17015610891094157
72.7,623.2503856481,621.9343742526454,622.9345735862223,622.9343364760922,100.0,0.17010772490050538,0.17015276709698268
72.8,622.4177537189402,624.1896682457192,622.190030761331,622.1898302967378,22.080911953019683,0.17010772490050538,0.17015652229284536
72.9,623.6517117470898,620.248452130981,623.2947820539384,623.2945471435814,99.63262620718922,0.17010772490050538,0.17014965145208083
73.0,622.3606863391681,626.0177581349233,622.1724638252757,622.1722872169627,4.937630347229739,0.17010772490050538,0.17015447402507072
73.10000000000001,623.6048156034409,625.2143639825804,623.4986484833375,623.4984871723017,100.0,0.17010772490050538,0.1701478597241054
73.2,622.1829296982667,623.2363581838738,622.1218978113789,622.1217559974995,0.0,0.17010772490050538,0.17015230947149335
73.3,623.4283350751863,622.2156215910625,623.323054711903,623.3228961337793,100.0,0.17010772490050538,0.1701462921999658
73.4,622.0472513118067,624.7637851763727,622.057931283261,622.0578114198685,1.4879242459310902,0.17010772490050538,0.17015193043113216
73.5,623.2936301974871,625.1932672814755,623.388880278699,623.3887703401961,100.0,0.17010772490050538,0.17014644094707712
73.60000000000001,621.8739770794808,623.5274489201347,622.0299348094525,622.0298468847042,0.0,0.17010772490050538,0.1701518667072162
73.7,623.1215985685526,620.2553575318043,623.1522735642611,623.152145603164,100.0,0.17010772490050538,0.17014659816484776
73.8,621.9930577087295,620.8429673033052,621.9694113327187,621.9692768004454,10.909582751470438,0.17010772490050538,0.17015157729806038
73.9,623.2398253131437,622.6068352223799,623.1947429837827,623.194592461847,100.0,0.17010772490050538,0.17014680184134698
74.0,621.9712545531946,616.2850368017781,621.682203750497,621.6819975309355,5.671463710595553,0.17010772490050538,0.17015251278514515
74.10000000000001,623.2181785263941,620.8933278590782,622.848862293325,622.8486190411259,100.0,0.17010772490050538,0.1701498521996395
74.2,622.5795275756174,624.9134457231025,622.3255152841497,622.3253135976352,29.372720556686417,0.17010772490050538,0.17015304547022697
74.3,623.5836086149787,619.7196816830071,623.1813031745436,623.1810676172514,91.02484305888083,0.17010772490050538,0.17014724540348752
74.4,622.7118058939701,622.5030261394825,622.3174956816331,622.3172738037008,20.69677087202484,0.17010772490050538,0.17014992894742345
74.5,623.9097863799392,625.4452084584659,623.6044067867807,623.6042045413036,98.358118915603,0.17010772490050538,0.1701429776851145
74.60000000000001,622.4857099594882,624.8771865468599,622.2922077182063,622.2920395736901,0.0,0.17010772490050538,0.1701470890944907
74.7,623.7289412135736,623.3616754164377,623.5336840968091,623.5335140133351,100.0,0.17010772490050538,0.17014026672559715
74.8,622.306164027814,619.8100175909027,622.0094898111772,622.0093048676339,0.0,0.17010772490050538,0.1701451803802521
74.9,623.5506847899746,623.6462730168093,623.277044422536,623.2768562689706,100.0,0.17010772490050538,0.17014071444893752
75.0,622.2419868680565,622.3018302542856,621.9798969656628,621.9797211964035,4.2452211912831075,0.17010772490050538,0.17014667598710714
75.10000000000001,623.4869683608101,620.8930315338787,623.1318274845694,623.1316238486119,100.0,0.17010772490050538,0.1701422930096963
75.2,622.4328367747366,621.6467988532343,622.0581812720822,622.0579834547566,13.808653181372584,0.17010772490050538,0.17014724839930387
75.3,623.6764478494241,623.9131637873651,623.3346790369427,623.3344819711662,100.0,0.17010772490050538,0.1701422091477313
75.4,622.3034993296798,624.5232871091133,622.0682821081625,622.0681202440368,1.8611234809800408,0.17010772490050538,0.17014807565979234
75.5,623.5480392238459,624.1093108320889,623.3526221054269,623.3524612151327,100.0,0.17010772490050538,0.17014287876070858
75.60000000000001,622.1497924049461,621.6453876011246,621.9377543530838,621.9375977959455,0.8743214569164195,0.17010772490050538,0.17014874594160137
75.7,623.3954355878457,623.6135091146058,623.2074616075128,623.2072991411404,100.0,0.17010772490050538,0.1701444867960834
75.8,622.1465417251037,623.578379891565,622.0244378268615,622.0243005727457,6.454017834794222,0.17010772490050538,0.17015016295804722
75.9,623.3922082346747,624.182561391668,623.3140602342197,623.3139231133879,100.0,0.17010772490050538,0.17014510132976868
76.0,622.0037569929129,623.0030101754732,621.9671724238345,621.9670534606737,1.2008939181999665,0.17010772490050538,0.17015098191790715
76.10000000000001,623.2504478594648,623.2008989498178,623.2178784548029,623.2177484970823,100.0,0.17010772490050538,0.17014628095363551
76.2,621.9609054157285,624.0128852760051,622.0127583673932,622.0126579163837,4.8850611606887995,0.17010772490050538,0.17015202655716477
76.3,623.207903607204,627.0632083992379,623.4254631851252,623.4253894432585,100.0,0.17010772490050538,0.17014687461762015
76.4,621.7888651667132,620.6020901783334,621.9403028379237,621.9402163725061,0.0,0.17010772490050538,0.17015197849945865
76.5,623.0370967487182,618.6611754047929,622.9992765618437,622.9991319743931,100.0,0.17010772490050538,0.17014738750147926
76.60000000000001,622.2159397318222,621.4579054900757,622.1449178653662,622.1447723759965,22.4551775859565,0.17010772490050538,0.17015108849092908
76.7,623.4611081890906,618.7173316824438,623.1961653157457,623.195971349022,100.0,0.17010772490050538,0.1701450121420979
76.80000000000001,622.3783432659391,622.4519744410044,622.125887526907,622.1257066763864,12.724044044264708,0.17010772490050538,0.17014943600367685
76.9,623.6223457287792,622.6593245900953,623.3457165367329,623.3455256592894,100.0,0.17010772490050538,0.17014366551768811
77.0,622.2584305162246,623.0128881581908,622.0228483910611,622.0226772257673,2.186472667952767,0.17010772490050538,0.17014924035961798
77.10000000000001,623.5032939690055,620.2562190342055,623.1455740752127,623.1453686221977,100.0,0.17010772490050538,0.17014428017715796
77.2,622.440785448564,620.4781438845122,622.0136120805504,622.0134002362518,13.49779751504068,0.17010772490050538,0.17014900274754566
77.30000000000001,623.6843394274481,622.1181532743906,623.2159766787618,623.215749448142,100.0,0.17010772490050538,0.17014413673071505
77.4,622.4492238488547,623.8793586736184,622.0605647286279,622.0603685955231,7.050628843742178,0.17010772490050538,0.1701496594450513
77.5,623.6927172124932,622.1020786717348,623.2599247835013,623.2597130939367,100.0,0.17010772490050538,0.1701443693427655
77.60000000000001,622.3410284170832,622.4443258383749,621.9293525029777,621.9291568786508,2.665634739805597,0.17010772490050538,0.17015043416149886
77.7,623.5852988436798,621.71150094396,623.1185885027962,623.1183706678688,100.0,0.17010772490050538,0.1701460770174883
77.80000000000001,622.4286011654469,618.4632691774019,621.8123311487661,621.8120857433008,9.975132171103613,0.17010772490050538,0.17015155669469162
77.9,623.6722426641343,624.9432765006286,623.144789186471,623.1445534571478,100.0,0.17010772490050538,0.1701479900283423
78.0,622.4010789675609,623.5444105479611,621.943928763702,621.9437240126078,5.690679578140063,0.17010772490050538,0.17015396512265504
78.10000000000001,623.6449181449249,624.0709448343199,623.2327841451456,623.2325812140505,100.0,0.17010772490050538,0.1701491555997042
78.2,622.2452313278309,626.9842381203053,622.0501696815791,622.0500380455369,0.8463019929995248,0.17010772490050538,0.17015534017768486
78.30000000000001,623.4901895309075,619.8372965872644,623.1537293472729,623.153553529491,100.0,0.17010772490050538,0.17014958154849702
78.4,622.2950514735765,621.6454088139538,621.9434670195426,621.9432962343776,8.502719639998901,0.17010772490050538,0.17015475683074915
78.5,623.5396520205192,624.256970168381,623.2402563122803,623.2400877778116,100.0,0.17010772490050538,0.17014987423922118
78.60000000000001,622.1248567949261,622.1081519693935,621.8346633260767,621.8345064787102,0.24925458046774907,0.17010772490050538,0.17015605476605009
78.7,623.3706789075053,625.1452796295896,623.1746080239348,623.1744609969905,100.0,0.17010772490050538,0.17015188222692978
78.80000000000001,621.9951863249617,623.8348233157175,621.8822918428283,621.8821777482909,1.68278099005747,0.17010772490050538,0.170158076549107
78.9,623.2419386626486,624.4011164928771,623.1882352171326,623.1881220237823,100.0,0.17010772490050538,0.17015334307092214
79.0,621.8485523430442,621.8685680097577,621.793544920169,621.7934383192074,0.9746005325302178,0.17010772490050538,0.17015943757370522
79.10000000000001,623.0963560985357,623.3082375168831,623.0573983989178,623.0572782170908,100.0,0.17010772490050538,0.17015525403282267
79.2,621.9413766573559,619.126925157234,621.7806687052328,621.780517912623,9.907755192061078,0.17010772490050538,0.17016033020234084
79.30000000000001,623.1885148910663,622.1545153683891,622.9960944121362,622.9959180476235,100.0,0.17010772490050538,0.17015615974492582
79.4,622.2275722232988,623.2987604465484,622.0868995550089,622.0867482036165,17.235212050170446,0.17010772490050538,0.1701601125705337
79.5,623.4726571854291,621.0785910643933,623.2414320528289,623.2412487738071,100.0,0.17010772490050538,0.17015361165228785
79.60000000000001,622.1977865660205,621.0387076097752,621.9242954747289,621.9241094532778,5.497236918928319,0.17010772490050538,0.1701583451956208
79.7,623.4430853155388,623.5329905067551,623.1912438124027,623.1910531125402,100.0,0.17010772490050538,0.1701532638622516
79.80000000000001,622.136637133493,617.7360942345276,621.7055905584631,621.7053564751394,4.300824261392702,0.17010772490050538,0.1701586605432649
79.9,623.3823747161754,625.7478444703477,623.0775407503555,623.0773264541793,100.0,0.17010772490050538,0.17015522789385115
80.0,622.1931538948534,622.4622127628943,621.9107231016894,621.9105269234866,8.696291550042432,0.17010772490050538,0.1701604021051545
80.10000000000001,623.4384858935314,623.3875021520093,623.1721551688628,623.1719530224924,100.0,0.17010772490050538,0.1701552266889276
80.2,622.188603635344,621.567856043196,621.9047223318738,621.9045255642059,6.4284467319491085,0.17010772490050538,0.17016014322827286
80.30000000000001,623.4339682911893,622.0691501846251,623.110385562652,623.1101671438473,100.0,0.17010772490050538,0.1701550388575945
80.4,622.3153300172715,622.8159357580278,622.025167355607,622.0249703934331,11.366611688479143,0.17010772490050538,0.17015943159187805
80.5,623.5597849681034,621.3362052211959,623.1937069081613,623.1934823870351,100.0,0.17010772490050538,0.17015347090693284
80.60000000000001,622.336691801348,626.4230493953326,622.158264219823,622.1581069596956,7.469429392885161,0.17010772490050538,0.17015817818778994
80.7,623.5809933676301,623.4438009888195,623.4098541750141,623.4096933291659,100.0,0.17010772490050538,0.17015131557818497
80.80000000000001,622.1592784738807,623.0038830758242,622.0276062859622,622.0274649207676,0.0,0.17010772490050538,0.17015611145681847
80.9,623.4048535838635,623.1203740754361,623.2719005046893,623.2717493948512,100.0,0.17010772490050538,0.17015045182619035
81.0,622.0438084871038,621.9562654831194,621.9090042049805,621.9088609841514,2.235740187624522,0.17010772490050538,0.1701559266470523
81.10000000000001,623.2902120695591,622.7663671341288,623.1441062736094,623.143947458354,100.0,0.17010772490050538,0.17015119564192324
81.2,622.0921293176144,622.5499467604818,621.9685781864487,621.9684346001739,8.337884764693033,0.17010772490050538,0.17015632267214384
81.30000000000001,623.3381862484563,621.5965801359135,623.1509879726004,623.1508172165535,100.0,0.17010772490050538,0.17015109602873998
81.4,622.1625950626975,621.618579088174,621.9574548919395,621.957288306874,9.197310562016689,0.17010772490050538,0.17015600356866006
81.5,623.4081463720055,623.6714876988326,623.2286539704489,623.2284836310575,100.0,0.17010772490050538,0.17015089329551022
81.60000000000001,622.0389198293487,619.7966450893603,621.7682143568492,621.7680271443993,1.9287200515128298,0.17010772490050538,0.17015671943768296
81.7,623.2853584796222,623.549954714516,623.0435994539745,623.0434046883107,100.0,0.17010772490050538,0.17015299305211218
81.80000000000001,622.1999049964458,624.8525863971599,622.0791582512144,622.0790092745615,12.575385834868165,0.17010772490050538,0.17015784528490055
81.9,623.4451885415936,628.3800246923219,623.5445809790315,623.5444810966877,100.0,0.17010772490050538,0.17015162249655555
82.0,622.0244482753227,620.815500590705,622.0626081505483,622.0624958354913,0.0,0.17010772490050538,0.17015535762452405
82.10000000000001,623.2709907309683,622.9870979154595,623.2995043485222,623.2993800589455,100.0,0.17010772490050538,0.17014950161872225
82.2,621.9022173632601,623.6886838403786,622.0005690495402,622.000471442541,1.9087491548373485,0.17010772490050538,0.17015492389972794
82.30000000000001,623.1496363829648,623.8983806117961,623.2792859898799,623.2791842002091,100.0,0.17010772490050538,0.17014958612449438
82.4,621.7808729910874,622.5734248528361,621.9330950716752,621.9330060463393,1.8763787631639133,0.17010772490050538,0.17015516134550368
82.5,623.0291618528473,622.0285258071398,623.1356281652628,623.1355135488839,100.0,0.17010772490050538,0.17015031875615574
82.60000000000001,621.8875622467939,622.6122064806505,622.0156438336259,622.0155422724298,10.39317580052088,0.17010772490050538,0.17015517258462995
82.7,623.1350863391484,621.6228050968863,623.1968423613581,623.1967132076838,100.0,0.17010772490050538,0.17014969507701863
82.80000000000001,621.9042649563777,621.5129287700889,621.9420779804592,621.9419499087948,7.063895521730046,0.17010772490050538,0.17015482490622452
82.9,623.1516692950519,620.0018924987855,623.0579805400697,623.0578076885027,100.0,0.17010772490050538,0.17014994608741552
83.0,622.1813200339941,620.2183616416143,622.0054336532353,622.0052476076185,16.87124629893994,0.17010772490050538,0.17015409916727425
83.10000000000001,623.4267369631106,622.0089820949661,623.203559808136,623.2033545033154,100.0,0.17010772490050538,0.1701488042508217
83.2,622.1989831740234,620.16043963443,621.8959042201716,621.8956880953137,7.2580808343655825,0.17010772490050538,0.1701539292586939
83.30000000000001,623.4442733352764,624.9834052359312,623.2259376675763,623.2257326142528,100.0,0.17010772490050538,0.1701494920191333
83.4,622.0652853790382,623.1631361171721,621.899667987186,621.899488780402,1.5711041134081007,0.17010772490050538,0.17015554769278923
83.5,623.3115348942802,625.2409427665497,623.2404676667948,623.2403012186059,100.0,0.17010772490050538,0.1701509251920255
83.60000000000001,621.909610997594,622.7493318124667,621.8729272744652,621.87278021514,0.6720718392806333,0.17010772490050538,0.17015691597063654
83.7,623.1569770052193,621.4771190197293,623.0549849139861,623.0548072618666,100.0,0.17010772490050538,0.17015236656554728
83.80000000000001,622.1302814517094,624.1607890658604,622.1161376616785,622.1159948550924,14.752082894023061,0.17010772490050538,0.17015674475895914
83.9,623.3760646400534,626.8586542551297,623.5150332258224,623.5149219222284,100.0,0.17010772490050538,0.170150343972402
84.0,621.9558202790312,619.6631705130764,621.9855159251376,621.9853802125369,0.0,0.17010772490050538,0.17015442851601803
84.10000000000001,623.2028549373201,625.782361040881,623.3450968701311,623.3449781039378,100.0,0.17010772490050538,0.17014925441641615
84.2,621.7838526911958,620.3877460839424,621.8547937538564,621.8546623946211,0.0,0.17010772490050538,0.1701547438976719
84.30000000000001,623.0321201976916,623.0525353273098,623.104745381462,623.1045999052244,100.0,0.17010772490050538,0.17015054305171334
84.4,621.9332305117431,623.9750014774695,622.0853042784851,622.0851894351222,12.001360350540711,0.17010772490050538,0.17015528131027471
84.5,623.1804271593139,625.0412953040781,623.4084372838829,623.4083322891639,100.0,0.17010772490050538,0.17014925833534952
84.60000000000001,621.7615856923444,621.1512425435097,621.9474723173821,621.9473620408239,0.0,0.17010772490050538,0.170154262919626
84.7,623.0100127792872,625.9962311797444,623.318029055653,623.3179361063405,100.0,0.17010772490050538,0.1701493967413127
84.80000000000001,621.5923925656557,621.2966522016673,621.8677169300041,621.8676211783634,0.0,0.17010772490050538,0.17015507928660323
84.9,622.8420318065105,624.7884537991978,623.1908530310964,623.1907603301744,100.0,0.17010772490050538,0.1701507466152874
85.0,621.5731277561405,620.9469052320902,621.8737012583955,621.8736014072139,5.551625468131114,0.17010772490050538,0.1701561312587274
85.10000000000001,622.8229049715679,623.0329164629582,623.1218839295984,623.1217685479112,100.0,0.17010772490050538,0.17015165122634215
85.2,621.6985190126269,620.8243207706954,621.941666386729,621.9415425114072,10.985386316795626,0.17010772490050538,0.17015636008190843
85.30000000000001,622.9473980119594,621.624972203373,623.1266138910048,623.1264616079153,100.0,0.17010772490050538,0.17015133633635587
85.4,621.8684539091246,622.7259737153836,622.0715570224922,622.0714204565312,12.729156751544473,0.17010772490050538,0.1701556813541121
85.5,623.1161149943955,625.3072199165239,623.4066785330772,623.4065556723946,100.0,0.17010772490050538,0.17014972556916805
85.60000000000001,621.6977344965787,620.3575758992569,621.9120482974707,621.9119116587684,0.0,0.17010772490050538,0.17015469870595024
85.7,622.9466191168448,620.1178273464667,623.0343656226452,623.0341852006771,100.0,0.17010772490050538,0.1701500627009851
85.80000000000001,622.0849894035669,623.5951948053931,622.2296502613837,622.2294949406132,20.907568171793173,0.17010772490050538,0.17015355567970633
85.9,623.3310975594788,624.6051652815777,623.5271007568776,623.5269539373711,100.0,0.17010772490050538,0.17014659032000723
86.0,621.9111757357824,624.6085414608344,622.2072983902113,622.2071842283141,0.0,0.17010772490050538,0.17015094462922775
86.10000000000001,623.1585305241213,623.0681195488269,623.4404879340553,623.4403652360868,100.0,0.17010772490050538,0.17014440257310137
86.2,621.7426904659882,621.4012608487068,621.991304450444,621.9911803581576,0.10705066090866566,0.17010772490050538,0.17014960818601754
86.30000000000001,622.9912529593827,622.1920094391756,623.1979126243099,623.1977688841087,100.0,0.17010772490050538,0.17014485442619717
86.4,621.8543839684982,619.9661985758528,621.9666075176867,621.9664489201209,10.560986085607627,0.17010772490050538,0.17014972425731759
86.5,623.1021459192813,626.0963485696194,623.3404760596603,623.3403355103109,100.0,0.17010772490050538,0.17014514922484705
86.60000000000001,621.6936450603741,620.6729397011464,621.8719270859045,621.8717795065872,0.3680515889397107,0.17010772490050538,0.17015099428889208
86.7,622.9425589805583,622.6885357364878,623.1055520016447,623.1053879372749,100.0,0.17010772490050538,0.17014702364233464
86.80000000000001,621.927173298062,622.008175015935,622.0820516247677,622.0818948048212,15.119869429416276,0.17010772490050538,0.17015145430979847
86.9,623.1744133792531,622.8127657959491,623.310572892592,623.3104052527649,100.0,0.17010772490050538,0.1701458257458309
87.0,621.8189376783425,624.5558745964415,622.0600819892251,622.0599508050816,2.383145084435931,0.17010772490050538,0.17015142056854937
87.10000000000001,623.0669537171841,622.657471227002,623.283085047632,623.2829399170495,100.0,0.17010772490050538,0.17014596382476502
87.2,621.6688550980632,621.1532193150513,621.8475511690002,621.8474049595487,0.7500474459440234,0.17010772490050538,0.17015209078939084
87.30000000000001,622.9179466241006,624.8483196638871,623.1742300054148,623.174088464693,100.0,0.17010772490050538,0.1701482015125344
87.4,621.5747441030843,620.4289547348498,621.765000994612,621.7648501177051,2.7758779172151407,0.17010772490050538,0.1701545289886459
87.5,622.8245097425855,619.3376116720898,622.8614069101905,622.8612007420622,100.0,0.17010772490050538,0.17015103821992142
87.60000000000001,622.1673480613974,621.6501638048655,622.1781612033287,622.1779578269346,28.56977762975689,0.17010772490050538,0.1701541859363818
87.7,623.3982130663118,623.0962127470825,623.3999060602753,623.3996982895068,99.44856023700947,0.17010772490050538,0.17014766966130496
87.80000000000001,622.0171602883304,622.9095254412132,622.0519498815158,622.0517616838686,1.4809568252244958,0.17010772490050538,0.17015258914898693
87.9,623.2637550192121,623.2304995146604,623.299724056783,623.2995300526901,100.0,0.17010772490050538,0.1701470826046468
88.0,621.8984996976263,619.6754685217144,621.8334388649004,621.8332288384688,2.0391979723507845,0.17010772490050538,0.17015271010220898
88.10000000000001,623.1459453723443,621.8908217452562,623.0350419830888,623.0348093524346,100.0,0.17010772490050538,0.17014886991884834
88.2,622.1950764922365,622.8947284304046,622.1161263176597,622.1159142655503,17.602846554021326,0.17010772490050538,0.17015315234431494
88.30000000000001,623.4403946922987,626.0393848176338,623.4801814275323,623.4799934023051,100.0,0.17010772490050538,0.17014709866066072
88.4,622.0196888216257,621.8449882775034,622.0451729175229,622.0449905848021,0.0,0.17010772490050538,0.17015176325294848
88.5,623.266265416005,623.1529869993687,623.2899857188778,623.2897964400598,100.0,0.17010772490050538,0.17014638837161816
88.60000000000001,621.8996894522637,623.5210095645464,621.9864692347443,621.9863068876516,1.9901731332090478,0.17010772490050538,0.1701521672857974
88.7,623.1471265966858,621.847742629134,623.1786758096206,623.1784916034096,100.0,0.17010772490050538,0.1701472041485587
88.80000000000001,621.9291091502657,620.927220389878,621.9122875560718,621.9121009021602,7.54902042463041,0.17010772490050538,0.17015261377160926
88.9,623.1763353504089,620.3901179973336,623.0461727401174,623.0459489682977,100.0,0.17010772490050538,0.17014817738406934
89.0,622.2140040401803,622.8978908004666,622.1160363391664,622.1158326482204,17.179661880970713,0.17010772490050538,0.17015252830323607
89.10000000000001,623.4591863910391,626.384079916504,623.494754721574,623.4945776110377,100.0,0.17010772490050538,0.17014653543402186
89.2,622.0383456877452,619.8234113650958,621.9730543694623,621.9728602263611,0.0,0.17010772490050538,0.17015114274188978
89.30000000000001,623.284788456471,622.9496959160612,623.2127867528961,623.2125830111597,100.0,0.17010772490050538,0.1701463816763155
89.4,622.0213341783863,620.7545066627844,621.894654850428,621.8944479686418,5.876159702832034,0.17010772490050538,0.17015195349286524
89.5,623.2678989709708,622.598226453868,623.1233157220287,623.1230947684475,100.0,0.17010772490050538,0.17014771631458459
89.60000000000001,622.1344418980335,627.7309687483751,622.2310947086011,622.2309494576291,10.764052214636983,0.17010772490050538,0.17015283978108242
89.7,623.3467852278435,621.4804409146758,623.3634842831876,623.3633172143846,98.74260504629288,0.17010772490050538,0.17014619184593874
89.80000000000001,621.9827914138366,619.9416281542656,621.9071507282879,621.9069689598747,2.109086943950068,0.17010772490050538,0.17015140300312134
89.9,623.2296326479553,620.4372289945625,623.0432933195744,623.0430752853938,100.0,0.17010772490050538,0.17014712278264615
90.0,622.3116576509026,621.4079488170678,622.0929270398534,622.0927118644248,18.86340822381521,0.17010772490050538,0.17015125130101005
90.10000000000001,623.5561389693835,619.6497555333942,623.1863975996984,623.1861447787942,100.0,0.17010772490050538,0.17014555921938684
90.2,622.4684391189339,624.3057216080138,622.1913504524399,622.1911334759471,12.563998959674421,0.17010772490050538,0.17015003842648052
90.30000000000001,623.7117944476803,622.4991538420877,623.4011319612874,623.4009062594928,100.0,0.17010772490050538,0.170143707119027
90.4,622.2962115354271,623.2748282943318,622.037632516845,622.037430635245,0.266123300932005,0.17010772490050538,0.17014924889516048
90.5,623.5408037536188,621.6997308668554,623.2210155279149,623.2207943713117,100.0,0.17010772490050538,0.17014417457495212
90.60000000000001,622.3155164666271,623.2611282912065,622.0475167878423,622.0473197709501,7.381724144046839,0.17010772490050538,0.17014958703517513
90.7,623.5599700787407,623.8939067496107,623.3237227714337,623.3235264394299,100.0,0.17010772490050538,0.17014440414644644
90.80000000000001,622.1559719196293,622.5631633180341,621.9438694378412,621.9436893517645,0.6610920861388969,0.17010772490050538,0.17015038937072266
90.9,623.4015707580064,619.3551531030151,623.0321796012219,623.0319543721696,100.0,0.17010772490050538,0.17014592496077008
91.0,622.5309634220299,619.7660099081886,622.0592388024285,622.058999302501,20.69254855700626,0.17010772490050538,0.17014987807185294
91.10000000000001,623.7738695378322,622.2972898165575,623.2669661307528,623.2667149305646,100.0,0.17010772490050538,0.17014457740224442
91.2,622.4781492904932,624.2644872946885,622.0677934616356,622.0675788413733,4.793963324029381,0.17010772490050538,0.17015013144320096
91.30000000000001,623.7214348617439,622.4954452019284,623.2835248607702,623.283299246523,100.0,0.17010772490050538,0.17014474043446728
91.4,622.3216482703006,621.9721630059109,621.8856861657006,621.8854724701167,0.86322669326319,0.17010772490050538,0.1701509593213354
91.5,623.566057855196,621.9120422417274,623.0856090640415,623.0853748464777,100.0,0.17010772490050538,0.17014688692623184
91.60000000000001,622.4525057312811,624.90023377847,622.0960531636595,622.0958630465262,11.59372389651724,0.17010772490050538,0.17015220838643508
91.7,623.6959755198213,625.691458603512,623.4463042854616,623.446132972717,100.0,0.17010772490050538,0.1701463997892623
91.80000000000001,622.2734350804245,617.6442913487033,621.8343276240065,621.8341159608367,0.0,0.17010772490050538,0.17015139076978825
91.9,623.5181908178084,626.9956893045511,623.252981161107,623.2527983316974,100.0,0.17010772490050538,0.17014767100773728
92.0,622.096926694281,621.5577232257684,621.8169869999342,621.8168099500363,0.0,0.17010772490050538,0.17015401789938558
92.10000000000001,623.3429492058012,622.6450786342227,623.0514795893264,623.0512855736173,100.0,0.17010772490050538,0.17015017762537377
92.2,622.3102083795736,617.5808512551293,621.8284542189648,621.8282174366868,14.574786963419623,0.17010772490050538,0.17015483018178462
92.30000000000001,623.5547001037542,623.7618606222882,623.1098732773212,623.1096346856277,100.0,0.17010772490050538,0.17015082401292345
92.4,622.4466441907291,617.6661227307216,621.8166764862049,621.8163978549068,11.797505165663111,0.17010772490050538,0.17015553856167998
92.5,623.690156084916,621.3296595332685,622.995243687118,622.9949385429635,100.0,0.17010772490050538,0.17015155480386115
92.60000000000001,622.8728526075028,626.3982698320906,622.3593918618124,622.3591511826311,22.776687367533423,0.17010772490050538,0.17015482007947125
92.7,623.9087001565528,627.9166851857744,623.5946499574374,623.5944595264261,92.2997367917365,0.17010772490050538,0.17014832579867437
92.80000000000001,622.4846315422003,621.6486196257822,622.1456321401628,622.1454430170078,0.0,0.17010772490050538,0.17015199625576108
92.9,623.7278705439101,623.8008968239909,623.4130327080209,623.4128447448882,100.0,0.17010772490050538,0.1701458272015774
93.0,622.3567679837795,617.4293605172003,621.8432084257837,621.8429793694665,1.9444958382348752,0.17010772490050538,0.17015072847533116
93.10000000000001,623.6009253862815,619.2916224156405,622.9337926487939,622.9335171723081,100.0,0.17010772490050538,0.17014700454625054
93.2,623.0400701215299,623.4374494634133,622.4208761791456,622.4206247711815,32.404073408620945,0.17010772490050538,0.17014919894923716
93.30000000000001,624.0571399072201,623.0200127418285,623.4279661919222,623.4277171118166,91.63829383107542,0.17010772490050538,0.17014291097350506
93.4,622.7850353022595,623.0330652806697,622.1931160782905,622.1928870473319,5.7593806587754806,0.17010772490050538,0.17014719554360236
93.5,624.0261150162394,624.6000549947282,623.4921551884331,623.4919362041363,100.0,0.17010772490050538,0.17014112495460212
93.60000000000001,622.6012024362356,619.4542812040125,621.9548853621699,621.9546506372644,0.0,0.17010772490050538,0.17014627398486326
93.7,623.8436037967125,624.5472415260434,623.2634545791697,623.2632259319224,100.0,0.17010772490050538,0.17014212229134626
93.80000000000001,622.5217167630534,623.4159592330552,622.0037073170903,622.0035047233939,3.828027028732304,0.17010772490050538,0.17014813807279244
93.9,623.7646893186089,625.7759264207168,623.362115389646,623.3619296242404,100.0,0.17010772490050538,0.1701434314442349
94.0,622.3416553740041,619.2248469703427,621.8215164918006,621.8213111504316,0.0,0.17010772490050538,0.17014935254270566
94.10000000000001,623.585921298609,623.1416370877126,623.0769022888171,623.076686673598,100.0,0.17010772490050538,0.17014592762299394
94.2,622.5649513926791,624.0556442434487,622.1409607404279,622.1407772015575,15.08344727659334,0.17010772490050538,0.17015069100451846
94.30000000000001,623.8076132775437,623.930742635096,623.41411416646,623.4139325261167,100.0,0.17010772490050538,0.17014468368883293
94.4,622.3842709922171,624.3188244661089,622.0875761217112,622.0874273084329,0.0,0.17010772490050538,0.1701500863791216
94.5,623.6282308839653,622.2723956096573,623.2928440196171,623.292679272474,100.0,0.17010772490050538,0.17014454724567946
94.60000000000001,622.2929557746191,618.8459081064345,621.8229421481492,621.8227522713582,3.2659382957026537,0.17010772490050538,0.17015021951650372
94.7,623.5375713677056,624.5104576167762,623.1364692093332,623.1362816765193,100.0,0.17010772490050538,0.17014669992934586
94.80000000000001,622.3335881094918,620.8622413241629,621.8855816805215,621.885391493603,8.182631566072022,0.17010772490050538,0.17015235080040347
94.9,623.577911961989,620.8731304793063,623.0413280146521,623.0411052584886,100.0,0.17010772490050538,0.17014814483588545
95.0,622.6472466411741,623.7449462744643,622.1806527375397,622.180459046913,18.479919284626902,0.17010772490050538,0.1701522687280054
95.10000000000001,623.8893170502101,622.4719041619826,623.389804205208,623.389599740235,100.0,0.17010772490050538,0.17014580433460927
95.2,622.5072000429643,620.2455077896092,621.9314207696237,621.9312066946562,1.5736182609936336,0.17010772490050538,0.17015096182527567
95.30000000000001,623.7502769008318,622.3226123243944,623.1465432235665,623.1463136503833,100.0,0.17010772490050538,0.1701465380548651
95.4,622.6590661289035,623.2843011525155,622.1079947624884,622.1077899061539,12.48435580792486,0.17010772490050538,0.17015124401578718
95.5,623.9010515746845,620.1209309831501,623.220758148151,623.2205199281378,100.0,0.17010772490050538,0.1701454368021011
95.60000000000001,622.7389846142096,622.2356377064997,622.0668983913249,622.0666737622561,9.858447649737585,0.17010772490050538,0.1701502208107307
95.7,623.9803954830306,622.2994855445692,623.2743404722561,623.2741034931728,100.0,0.17010772490050538,0.17014482813534287
95.80000000000001,622.6226260086967,623.994158284111,622.0051084806553,622.0049053894902,2.514583240940695,0.17010772490050538,0.17015076972059276
95.9,623.8648733897061,624.3806098188879,623.3041087584312,623.3039107560139,100.0,0.17010772490050538,0.17014579853433626
96.0,622.4411197102495,624.5124059238005,621.9912408713304,621.9910814784301,0.0,0.17010772490050538,0.1701519351282203
96.10000000000001,623.6846712880775,621.9085469058328,623.1857973963469,623.1856167661197,100.0,0.17010772490050538,0.17014695771340496
96.2,622.421364724278,619.1212051767689,621.8024404291364,621.8022372585422,5.989744262427035,0.17010772490050538,0.17015265689535067
96.30000000000001,623.6650582006451,625.6381426912689,623.1649379066472,623.1647497929612,100.0,0.17010772490050538,0.1701490597216997
96.4,622.3174910207222,620.5100424745276,621.760571521729,621.7603771500125,2.813276780239754,0.17010772490050538,0.17015536819332702
96.5,623.5619304553593,625.157701448003,623.1047069504199,623.1045227843246,100.0,0.17010772490050538,0.17015183082385063
96.60000000000001,622.3254286857228,623.3710144485776,621.9310001300493,621.9308437527096,6.965373969335008,0.17010772490050538,0.17015748001093273
96.7,623.569811126238,626.9263507775972,623.3419262454148,623.3418016970763,100.0,0.17010772490050538,0.17015243040882375
96.80000000000001,622.1481765010241,622.4594194042614,621.9398817666894,621.9397697075798,0.0,0.17010772490050538,0.17015763805735148
96.9,623.3938312795799,625.0899227308194,623.2722712001896,623.2721684496486,100.0,0.17010772490050538,0.17015250467379311
97.0,621.9734594692701,618.3654550569403,621.699566134585,621.699424312218,0.0,0.17010772490050538,0.1701582375969143
97.10000000000001,623.2203676296928,621.517662004265,622.8919174439806,622.8917405974902,100.0,0.17010772490050538,0.1701548912512807
97.2,622.4865582206428,623.7231833209087,622.224398920245,622.2242496972184,25.79200522572423,0.17010772490050538,0.1701580048490475
97.30000000000001,623.6704823249923,623.2373743633342,623.4069568089946,623.4068028091511,97.76817855401039,0.17010772490050538,0.17015111134269753
97.4,622.3226307622466,621.3790353945913,622.0273468291699,622.0271915894198,2.804039977934437,0.17010772490050538,0.17015537287066526
97.5,623.5670332926246,623.6749412880804,623.2952379149473,623.2950794697249,100.0,0.17010772490050538,0.17014978657264346
97.60000000000001,622.2157535784675,623.9289956835382,622.0255844011492,622.0254570646362,2.6470661514743306,0.17010772490050538,0.17015506261692745
97.7,623.4609233718713,622.550010242202,623.2457227411659,623.2455790108535,100.0,0.17010772490050538,0.17014951956376695
97.80000000000001,622.1410474942245,621.8554839444815,621.9197815508111,621.9196440247335,3.800289394235019,0.17010772490050538,0.1701549630063528
97.9,623.3867534294537,624.080428307138,623.2102338682014,623.2100947318924,100.0,0.17010772490050538,0.17015024214272098
98.0,622.0318186430131,621.1994991002962,621.8239496342139,621.8238094365657,2.46081479386028,0.17010772490050538,0.17015616236603057
98.10000000000001,623.2783082311905,621.9049117167586,623.0266210225567,623.0264537784826,100.0,0.17010772490050538,0.17015206156084423
98.2,622.2705356547813,623.9612546547911,622.0997102207698,622.0995747869192,15.497011170182763,0.17010772490050538,0.17015653298676406
98.30000000000001,623.5153122071172,621.4562267591364,623.2696691553857,623.2695070946065,100.0,0.17010772490050538,0.17015027877670674
98.4,622.1628866738738,621.8177332164992,621.9100362274737,621.9098808522141,2.5899704523144074,0.17010772490050538,0.17015571466551702
98.5,623.4084358904936,623.9455010485684,623.1952322285674,623.1950746542686,100.0,0.17010772490050538,0.1701509962735175
98.60000000000001,622.0499103583576,623.8261407793585,621.918091617156,621.917966351068,2.331531483547071,0.17010772490050538,0.17015698519173758
98.7,623.296270169421,625.5614551557541,623.2716109974352,623.2715003260091,100.0,0.17010772490050538,0.17015208218806271
98.80000000000001,621.8765981193902,622.5324014401774,621.8761460089016,621.876049223887,0.0,0.17010772490050538,0.17015786094019283
98.9,623.1242008176832,623.8924965591135,623.160763136052,623.1606604513493,100.0,0.17010772490050538,0.1701531953058256
99.0,621.8028832105892,621.914389094946,621.8378205449884,621.8377239604736,3.655136354707899,0.17010772490050538,0.17015896357091315
99.10000000000001,623.0510143217666,623.8344301593474,623.121862771513,623.1217591077034,100.0,0.17010772490050538,0.17015448581379705
99.2,621.7940465649486,619.6964031670663,621.7678498246548,621.7677230390428,6.057196443459869,0.17010772490050538,0.1701599338252464
99.30000000000001,623.0422410111403,624.7968276627857,623.0962786212708,623.0961566905148,100.0,0.17010772490050538,0.17015589979185705
99.4,621.8216425705834,620.9286472520573,621.8308214168221,621.8306929008695,7.42358683500245,0.17010772490050538,0.1701611266504306
99.5,623.069639221158,621.6611726264722,623.0227876471145,623.0226273713419,100.0,0.17010772490050538,0.1701564942601681
99.60000000000001,622.0948375736848,620.8689241806959,621.9948030830088,621.9946350753914,16.68153823028513,0.17010772490050538,0.1701603242803117
99.7,623.3408750739068,618.7604525749216,623.0553047314584,623.0550766293603,100.0,0.17010772490050538,0.17015451048981522
99.80000000000001,622.4608155144656,625.9238063824039,622.3335913684529,622.3334211303558,20.320411138438118,0.17010772490050538,0.17015753552515112
99.9,623.5178694307833,625.8403149863005,623.499355700142,623.499212266294,92.98640878113942,0.17010772490050538,0.1701508353225712
100.0,622.0966076137861,617.9127108132659,621.8961716837993,621.8959847204841,0.0,0.17010772490050538,0.1701549926976344
100.10000000000001,623.3426324146029,620.7577944983705,623.0464896528554,623.0462676296794,100.0,0.17010772490050538,0.1701504506233488
100.2,622.4814222184713,618.9506971135597,622.0467920389525,622.0465436267087,21.03028534163713,0.17010772490050538,0.17015378850865123
100.30000000000001,623.7246842766095,624.2688957448943,623.3389809791812,623.338740141035,100.0,0.17010772490050538,0.17014820637274825
100.4,622.3126334849877,624.2238251334012,622.0223947329048,622.0221918387809,0.4025393543869953,0.17010772490050538,0.1701537618894884
100.5,623.5571077969968,621.3801503346505,623.1929401911754,623.1927129051841,100.0,0.17010772490050538,0.17014836936353053
100.60000000000001,622.3683592297386,624.5421263655336,622.1105296222026,622.1103424932952,8.76127135685708,0.17010772490050538,0.1701533088583996
100.7,623.61243339287,626.5650840731848,623.4972177612118,623.4970586660345,100.0,0.17010772490050538,0.1701472828857555
100.80000000000001,622.1904927993181,623.8556796533013,622.1468756535302,622.1467426490054,0.0,0.17010772490050538,0.1701517991644394
100.9,623.4358438967143,626.4156603431201,623.5254126210054,623.5253027865178,100.0,0.17010772490050538,0.17014563913375746
101.0,622.015170677218,619.8527359763717,622.0034438886694,622.0033140055191,0.0,0.17010772490050538,0.1701500977631582
101.10000000000001,623.2617796789447,622.2715669762617,623.2128353298045,623.2126869596076,100.0,0.17010772490050538,0.17014520360372778
101.2,621.9904531846879,621.438707090753,621.9160748095085,621.9159283403637,5.573677521027719,0.17010772490050538,0.17015095030800667
101.30000000000001,623.2372394689534,624.1093799034016,623.2079415792241,623.2077933328119,100.0,0.17010772490050538,0.1701466449565963
101.4,621.8879695859395,621.6861543101842,621.8468796431702,621.8467367909698,2.633653885392796,0.17010772490050538,0.17015289398787337
101.5,623.1354907578699,622.1541632447145,623.0590174693658,623.058851670658,100.0,0.17010772490050538,0.17014893238242446
101.60000000000001,622.0675748045145,624.5482410823269,622.0966903933977,622.0965622696792,13.194951617161713,0.17010772490050538,0.17015393059048475
101.7,623.3138078956009,620.4444482043579,623.2237707655958,623.2236065355272,100.0,0.17010772490050538,0.1701479505200944
101.80000000000001,622.0542231536289,622.3400804025714,621.9764438436824,621.976291991815,6.029624256577687,0.17010772490050538,0.17015325529116318
101.9,623.300552026571,628.179973081309,623.4384363176168,623.4383257169563,100.0,0.17010772490050538,0.17014826413408582
102.0,621.880849269703,620.5356259599464,621.9498081697743,621.9496852758839,0.0,0.17010772490050538,0.17015313513198363
102.10000000000001,623.128421490258,625.4729950679078,623.2979978172156,623.2978868769119,100.0,0.17010772490050538,0.17014835987926302
102.2,621.7099527912771,620.0625257878497,621.7961922566029,621.7960654590162,0.0,0.17010772490050538,0.17015429566043214
102.30000000000001,622.9587498676732,621.7775060708193,622.9948175626103,622.994661530819,100.0,0.17010772490050538,0.17015058782223336
102.4,622.0259722259898,620.7021938925666,622.0007427749722,622.0005781805133,18.233188951392435,0.17010772490050538,0.1701548822802273
102.5,623.2725037504841,622.1175995547698,623.203719974264,623.2035358847195,100.0,0.17010772490050538,0.1701495476991831
102.60000000000001,622.0527427067758,621.301849823324,621.9512141573477,621.9510311968419,7.517240174450219,0.17010772490050538,0.17015454641844963
102.7,623.2990821998528,621.9223247325995,623.1483351915617,623.1481307035882,100.0,0.17010772490050538,0.17014962472423778
102.80000000000001,622.1500900497449,623.8269107120533,622.0741368036679,622.0739638290306,10.187808188872555,0.17010772490050538,0.1701544911360171
102.9,623.3957310967514,623.8363614260833,623.346579693935,623.346406678848,100.0,0.17010772490050538,0.17014863060622346
103.0,621.9753456576104,623.9281679424049,622.0067665563384,622.0066249349309,0.0,0.17010772490050538,0.17015416928957816
103.10000000000001,623.222240290949,621.8053943107583,623.1961688601424,623.196003697155,100.0,0.17010772490050538,0.1701488570321309
103.2,621.9935664269974,621.5015843449687,621.9436194592402,621.9434570902109,7.1682378067155454,0.17010772490050538,0.17015405162984193
103.30000000000001,623.2403303828247,623.6021085877535,623.2125519632536,623.2123844663851,100.0,0.17010772490050538,0.1701492358136503
103.4,621.9069502975207,618.9502340415809,621.7502019563583,621.7500080762245,3.232500511801902,0.17010772490050538,0.1701550770460976
103.5,623.1543353824204,622.4894333715457,622.9813767152405,622.9811633869186,100.0,0.17010772490050538,0.17015164732729626
103.60000000000001,622.2220820303879,618.6432420054123,621.9022570387053,621.9020128993643,18.3057085560956,0.17010772490050538,0.170155928021387
103.7,623.467206400177,623.2499023390204,623.1582558982863,623.1580062798191,100.0,0.17010772490050538,0.17015124946221558
103.80000000000001,622.3013220407736,621.9646985963934,621.9893002672688,621.9890626799101,9.59747770206252,0.17010772490050538,0.1701560050137919
103.9,623.5458775673129,624.6202015377366,623.299271069292,623.2990439440255,100.0,0.17010772490050538,0.17015065059071713
104.0,622.1782534928348,619.4041607789861,621.8211392354835,621.8208926464447,2.02622836234821,0.17010772490050538,0.17015594056540698
104.10000000000001,623.4236924296474,624.8238269087631,623.148082051673,623.1478458908475,100.0,0.17010772490050538,0.17015188353882482
104.2,622.2290962166877,622.2391784708403,621.9634120804079,621.9631911355472,8.50514793851924,0.17010772490050538,0.17015688008983387
104.30000000000001,623.4741702397241,624.0470313998081,623.2502874072999,623.2500697078023,100.0,0.17010772490050538,0.1701516399535595
104.4,622.1209103130907,622.0730444277033,621.9013846228002,621.9011797806088,2.547455113478396,0.17010772490050538,0.17015710200862882
104.5,623.3667607429106,623.7649211558647,623.1793287770113,623.1791222645842,100.0,0.17010772490050538,0.17015231662606575
104.60000000000001,622.0871292257243,619.8464300056545,621.8092530628332,621.809031142466,5.2894600640858265,0.17010772490050538,0.17015769278364906
104.7,623.333222029687,622.5474062353323,623.0399742449459,623.0397359394943,100.0,0.17010772490050538,0.17015355782367347
104.80000000000001,622.3149950840491,622.2471708799275,622.0298414983388,622.029617675354,15.11839142682199,0.17010772490050538,0.17015786121434442
104.9,623.5594524397206,622.5999116552728,623.2518915576181,623.2516562751101,100.0,0.17010772490050538,0.17015201629170765
105.0,622.2302151153,617.9280531647266,621.7503078093727,621.7500346207217,3.4745865500649806,0.17010772490050538,0.17015723951058587
105.10000000000001,623.4752811069416,624.0116998959362,623.0462146595706,623.0459431517406,100.0,0.17010772490050538,0.17015360105290478
105.2,622.4110074558591,623.0854889587291,622.028157089056,622.0279128113636,13.423796264855099,0.17010772490050538,0.17015820096870315
105.30000000000001,623.6547753238356,626.6335728519074,623.4218296435072,623.421619823082,100.0,0.17010772490050538,0.17015233637287355
105.4,622.232530729971,624.4885469622101,622.102127988075,622.1019583275817,0.0,0.17010772490050538,0.17015694263344383
105.5,623.4775801001554,621.9963546421443,623.2949373901603,623.2947484559816,100.0,0.17010772490050538,0.17015063060168892
105.60000000000001,622.0904883753947,620.6221623798742,621.8496397086094,621.8494443582563,1.2751130461526756,0.17010772490050538,0.17015610963118394
105.7,623.3365570792319,622.2508145408198,623.065751383653,623.0655361202729,100.0,0.17010772490050538,0.17015181713310157
105.80000000000001,622.2615140739938,621.5682341186628,621.9708984589664,621.9706886224744,12.981012308339082,0.17010772490050538,0.17015653010787843
105.9,623.506355390854,624.7260756803504,623.2862813923554,623.2860816965635,100.0,0.17010772490050538,0.17015126614914203
106.0,622.1066024775179,622.7740741177522,621.9209578078154,621.9207787062707,0.806379845725882,0.17010772490050538,0.17015684646295887
106.10000000000001,623.3525555673092,622.8646677805175,623.1596494167559,623.1594577284192,100.0,0.17010772490050538,0.1701519352446058
106.2,622.145767615961,620.5956899247453,621.8923092584158,621.8921103861851,8.027097788916194,0.17010772490050538,0.17015693620926622
106.30000000000001,623.3914396804515,623.803475603917,623.172341623861,623.1721410320567,100.0,0.17010772490050538,0.1701522364483213
106.4,622.13117949261,620.6019156702454,621.8535242778664,621.8533173243471,6.025165972034024,0.17010772490050538,0.17015752260754474
106.5,623.376956237056,624.5411797232197,623.1668461354177,623.1666456144035,100.0,0.17010772490050538,0.17015306411300488
106.60000000000001,622.0934821416637,621.7625179417183,621.8752506723152,621.8750585682202,5.147597412142456,0.17010772490050538,0.17015849276161257
106.7,623.3395293665739,621.5793060659496,623.0615391642825,623.0613193340408,100.0,0.17010772490050538,0.17015377379979693
106.80000000000001,622.3115771446521,625.8568291905082,622.1945463752601,622.1943853627943,14.75408300139095,0.17010772490050538,0.1701579661193879
106.9,623.5560590411653,623.6429225071518,623.4528108762058,623.4526490607764,100.0,0.17010772490050538,0.17015084518438298
107.0,622.1345231271471,618.6321095565859,621.882521461201,621.882326125422,0.0,0.17010772490050538,0.1701553578285648
107.10000000000001,623.3802758791479,621.1649376315593,623.0508287292573,623.0506026162669,100.0,0.17010772490050538,0.17015088540399467
107.2,622.4351289563535,621.3245625661332,622.0714726524558,622.0712484213783,17.881481814990213,0.17010772490050538,0.1701547954461554
107.30000000000001,623.6787235663222,622.2009445747062,623.2744979757504,623.2742593882839,100.0,0.17010772490050538,0.17014892642589702
107.4,622.3684848774159,621.9636463941588,621.9624973778225,621.9622704161775,4.221835651906392,0.17010772490050538,0.1701541211104231
107.5,623.6125581382246,620.3228202691181,623.0910386492126,623.0907761236557,100.0,0.17010772490050538,0.17014915412763246
107.60000000000001,622.6025216040414,624.0158406642499,622.1633956427441,622.1631681535677,15.502129320037948,0.17010772490050538,0.17015341267032613
107.7,623.8449134834788,627.2705550404984,623.5774720503751,623.5772820246368,100.0,0.17010772490050538,0.1701469708091197
107.80000000000001,622.4213032182486,618.5435914100622,621.9972560414291,621.9970342909257,0.0,0.17010772490050538,0.17015090333588714
107.9,623.6649971363938,625.7219036906147,623.353685589289,623.3534825874895,100.0,0.17010772490050538,0.1701459797129842
108.0,622.2426791468454,623.5028973150252,621.9954357419047,621.9952595985595,0.0,0.17010772490050538,0.17015171979353214
108.10000000000001,623.4876556702421,623.967030051298,623.2773258793322,623.2771495505,100.0,0.17010772490050538,0.17014673105901895
108.2,622.0874479269986,622.5178483414254,621.9009824718225,621.9008219314007,0.7842116722469896,0.17010772490050538,0.1701528213313152
108.30000000000001,623.3335384444599,624.3334853783907,623.2031257965481,623.2029665866754,100.0,0.17010772490050538,0.1701484515238214
108.4,621.9794198051376,619.7005133857888,621.7538630849219,621.7536865842678,2.4771633779726834,0.17010772490050538,0.17015459547186568
108.5,623.2262852198137,623.2377998370685,623.0166825979386,623.0164940633189,100.0,0.17010772490050538,0.1701511839637668
108.60000000000001,622.199657743425,619.5710682236495,621.8850851213106,621.8848765489564,14.7733567567053,0.17010772490050538,0.17015596484713552
108.7,623.4449430631595,626.6277882453207,623.2855839361472,623.2854046970448,100.0,0.17010772490050538,0.17015141430170744
108.80000000000001,622.0242045581963,623.2829562432299,621.921347036786,621.9211940128454,0.0,0.17010772490050538,0.17015715112131855
108.9,623.270748761996,620.6484649476591,623.0657711001007,623.0655795414399,100.0,0.17010772490050538,0.170152207332429
109.0,622.3064609822775,618.1036498207623,621.9295525115091,621.9293220847328,17.131525217982606,0.17010772490050538,0.17015602948495473
109.10000000000001,623.550979612353,625.5929945243929,623.2838466351517,623.2836359849999,100.0,0.17010772490050538,0.17015113145820296
109.2,622.1979455965899,624.5269577066462,622.0383892086685,622.0382203750877,2.5767055342474094,0.17010772490050538,0.17015637983931942
109.30000000000001,623.4432432047199,624.3607114367653,623.3348981530147,623.3347343970443,100.0,0.17010772490050538,0.17015061171248175
109.4,622.0644053766155,623.52409848683,622.0187301728672,622.0185929723127,1.576476010956231,0.17010772490050538,0.1701557248760558
109.5,623.3106612048902,624.9699001821525,623.3421178207168,623.3419901617847,100.0,0.17010772490050538,0.17015017067186425
109.60000000000001,621.9079946183227,620.5386607117001,621.874819964074,621.874681521851,0.6438848761903628,0.17010772490050538,0.17015546242888185
109.7,623.1553722154416,619.8862954689457,622.9891312013734,622.988945098782,100.0,0.17010772490050538,0.17015103860567143
109.80000000000001,622.3981054057851,621.9570122072049,622.2187083951943,622.218528024519,24.891626515014657,0.17010772490050538,0.17015396470171393
109.9,623.6419659396901,622.8305021537491,623.4412287867603,623.4410407033761,100.0,0.17010772490050538,0.17014704417624238
110.0,622.2751369454957,622.8648070112846,622.1046773412066,622.1045062492054,2.0821140136740333,0.17010772490050538,0.17015158416199241
110.10000000000001,623.5198804651083,622.5183657132379,623.3195602538619,623.3193766114914,100.0,0.17010772490050538,0.1701457693689667
110.2,622.202771882024,623.5207094032897,622.0638518724213,622.0636934226131,3.9203624588461743,0.17010772490050538,0.17015098521326402
110.30000000000001,623.4480348508226,623.8963445783581,623.3393540616573,623.3391948567507,100.0,0.17010772490050538,0.1701455417086616
110.4,622.0714194253619,624.0554507418301,622.0477311948141,622.0476021674712,1.6614103090186667,0.17010772490050538,0.17015109199361075
110.5,623.3176249351545,624.509654689622,623.3501124502443,623.3499868092067,100.0,0.17010772490050538,0.17014576179172905
110.60000000000001,621.9129314728473,621.7580261753394,621.9323756042087,621.9322537072829,0.5694830155647743,0.17010772490050538,0.1701514326330259
110.7,623.1602736723518,622.8575496047262,623.1702001001762,623.1700633254771,100.0,0.17010772490050538,0.17014695541891722
110.80000000000001,621.9987676801926,620.501747930451,621.9405303536868,621.9403836978101,9.679377134782502,0.17010772490050538,0.17015201581916617
110.9,623.2454943316573,622.374434440243,623.1574063427829,623.1572413561084,100.0,0.17010772490050538,0.17014741993725813
111.0,622.1069356849151,621.7402842206349,622.003678090102,622.0035181910556,10.566005136305908,0.17010772490050538,0.1701523514743809
111.10000000000001,623.3528863839716,624.847122699367,623.3225884354121,623.3224364789204,100.0,0.17010772490050538,0.170147238393382
111.2,621.9546819152761,625.395248833409,622.0673704974406,622.0672649743965,0.8232148349060857,0.17010772490050538,0.17015292547567945
111.30000000000001,623.2017247369748,625.3329916023035,623.4037949449466,623.4037005611411,100.0,0.17010772490050538,0.17014726740682293
111.4,621.7827305932719,623.6047156016265,622.0473981362276,622.0473258557115,0.0,0.17010772490050538,0.1701524993182936
111.5,623.0310061417764,623.0260633523292,623.2867032684759,623.2866173700685,100.0,0.17010772490050538,0.17014703551003799
111.60000000000001,621.6438776976554,622.484914095299,621.9179173407118,621.9178421613276,1.1532146323374128,0.17010772490050538,0.1701529482626344
111.7,622.8931481571229,621.4873802086457,623.0981874306552,623.0980807227136,100.0,0.17010772490050538,0.17014843553592865
111.80000000000001,621.7991644217259,621.9427460007817,621.9964020295613,621.9962999254932,12.14851023718208,0.17010772490050538,0.17015339656926007
111.9,623.0473221868654,623.6995636946539,623.2668698785866,623.2667615098414,100.0,0.17010772490050538,0.1701482381323886
112.0,621.6962703377349,617.6039111364646,621.7262692351113,621.726116352679,2.5153534885236475,0.17010772490050538,0.17015390703104738
112.10000000000001,622.9451654484268,622.9354883797025,622.9775963749547,622.977426381131,100.0,0.17010772490050538,0.1701507734791061
112.2,622.0560241785145,624.6467400676213,622.1939597742676,622.1938280068331,19.871778404169785,0.17010772490050538,0.17015484516811993
112.30000000000001,623.3023401315502,621.1430102016757,623.3459396730964,623.345780320529,100.0,0.17010772490050538,0.17014802954007585
112.4,621.9119052787833,621.8808408582311,621.9472280742418,621.9470753504582,1.1019803287546246,0.17010772490050538,0.1701534045877114
112.5,623.159254836225,626.0654307411061,623.3207397308043,623.3206065938974,100.0,0.17010772490050538,0.1701486233894063
112.60000000000001,621.7405651369911,618.2291172440509,621.7398407642439,621.7396711133073,0.0,0.17010772490050538,0.17015436005442244
112.7,622.9891428603095,625.3685969605436,623.0939696843277,623.0938104310344,100.0,0.17010772490050538,0.17015107880243263
112.80000000000001,621.815226723441,619.063015268206,621.7937792036464,621.793593059022,9.166149918661453,0.17010772490050538,0.17015643037591635
112.9,623.0632693615643,621.3165691644498,622.9729215583643,622.9727032779564,100.0,0.17010772490050538,0.17015253565128785
113.0,622.2447281345233,621.8620031537138,622.1397446235413,622.1395332648672,22.560688154949496,0.17010772490050538,0.1701559209495346
113.10000000000001,623.489689949685,627.5526246945863,623.5669856933046,623.5668159827547,100.0,0.17010772490050538,0.17014941876847928
113.2,622.0686303612688,621.9427608551521,622.1318442859302,622.1316786438765,0.0,0.17010772490050538,0.17015319541537197
113.30000000000001,623.3148558798317,620.3000860021333,623.2510476670493,623.2508475586901,100.0,0.17010772490050538,0.1701470164600048
113.4,622.1370149648279,620.2596875902475,621.99245632963,621.9922461562347,9.106341787474086,0.17010772490050538,0.1701515707378938
113.5,623.3827498363224,622.3950215971965,623.2076410484622,623.2074170119266,100.0,0.17010772490050538,0.17014661952124746
113.60000000000001,622.1645786731931,622.3570062034154,622.0021017817811,622.0018928719132,7.60684368709499,0.17010772490050538,0.17015185238847
113.7,623.4101157474838,621.7043443981904,623.1874373297059,623.1872078807475,100.0,0.17010772490050538,0.17014679992320314
113.80000000000001,622.2115423987926,622.3479836377074,622.0015337628928,622.0013196485459,8.351800741200794,0.17010772490050538,0.1701520169262016
113.9,623.456742418157,622.3816137510701,623.2156995760339,623.2154717524642,100.0,0.17010772490050538,0.17014695299482763
114.0,622.1675402014101,621.1061954290473,621.8888237207887,621.8885979324778,4.953566721981964,0.17010772490050538,0.17015263716283505
114.10000000000001,623.4130560226558,626.6033818521979,623.2880998020439,623.2879013755494,100.0,0.17010772490050538,0.1701483789654106
114.2,621.9925462945587,623.1370369148632,621.9175330384161,621.9173590541362,0.0,0.17010772490050538,0.17015438925347742
114.30000000000001,623.2393175668888,623.6149480552741,623.1883010564889,623.1881222175818,100.0,0.17010772490050538,0.17014974126703789
114.4,621.9277097462997,624.1677961182321,621.9699511376405,621.9698085695688,4.051626387443488,0.17010772490050538,0.17015555106316316
114.5,623.1749459808925,622.8929160977875,623.2074222470509,623.2072665967783,100.0,0.17010772490050538,0.1701503882848406
114.60000000000001,621.8265351833834,620.538218076531,621.797964101309,621.7978001376348,2.649176157618605,0.17010772490050538,0.1701562773629466
114.7,623.0744967639761,623.5360914342474,623.0712890611792,623.071116798313,100.0,0.17010772490050538,0.1701523651040591
114.80000000000001,621.9155670980523,622.1284804182008,621.9175732244737,621.9174121536537,9.753190496019485,0.17010772490050538,0.17015764565466024
114.9,623.1628903996819,619.7994231126233,623.0260766892654,623.0258675694388,100.0,0.17010772490050538,0.17015268321019558
115.0,622.2304999987024,621.790335341604,622.07851092946,622.0783082933925,18.30286049772304,0.17010772490050538,0.17015652261220282
115.10000000000001,623.4755639454612,621.6966622147016,623.2597427589238,623.2595189989512,100.0,0.17010772490050538,0.1701504327781259
115.2,622.1520780373123,620.8304444530794,621.8861487601895,621.885922693625,3.668379916964927,0.17010772490050538,0.17015570869175162
115.30000000000001,623.3977048185036,623.8461809872733,623.1683017772027,623.1680755047819,100.0,0.17010772490050538,0.17015117481820222
115.4,622.113011333725,621.2566726140697,621.8540936306288,621.8538708895338,5.107308571825602,0.17010772490050538,0.1701567829086925
115.5,623.358918440037,621.3148013527115,623.0301793731503,623.0299275867084,100.0,0.17010772490050538,0.17015239150026792
115.60000000000001,622.3752899126799,621.7269352612825,622.0318304578182,622.0315870563277,16.427449673589148,0.17010772490050538,0.17015661336270652
115.7,623.6193143034179,625.4151406427146,623.3735052493791,623.3732819505349,100.0,0.17010772490050538,0.17015087366389758
115.80000000000001,622.1973243103367,624.2907638300957,622.0477812315711,622.0475966442444,0.0,0.17010772490050538,0.17015599062023082
115.9,623.4426263775357,624.8748970241576,623.3656926492506,623.3655194121325,100.0,0.17010772490050538,0.17015018801141862
116.0,622.0219044947178,622.2769360170681,621.9547129030807,621.954551689705,0.0,0.17010772490050538,0.1701554304213437
116.10000000000001,623.2684651965287,620.9070681646224,623.1084852428032,623.1082904126056,100.0,0.17010772490050538,0.17015039643850652
116.2,622.2299946637928,620.4462015253976,621.998477110454,621.9982728774397,14.33903199368271,0.17010772490050538,0.17015464025417876
116.30000000000001,623.4750622378261,623.046774483283,623.2410812632221,623.2408691805134,100.0,0.17010772490050538,0.1701493467199046
116.4,622.1687911501394,623.4246538792811,621.995272151051,621.9950880013574,4.316126138078946,0.17010772490050538,0.17015473688253757
116.5,623.4142979940395,621.5014181717162,623.1723154681891,623.1721062924137,100.0,0.17010772490050538,0.17014945848888485
116.60000000000001,622.2168122487246,621.7005714607782,621.9607008905516,621.9604988724609,8.393862472669714,0.17010772490050538,0.17015452610095172
116.7,623.461974443399,625.5330299043213,623.3109051918267,623.3107205287703,100.0,0.17010772490050538,0.17014953366395663
116.80000000000001,622.0411137347635,619.9134989659694,621.8021239469231,621.8019246654414,0.0,0.17010772490050538,0.1701552581844274
116.9,623.2875366475638,624.4249586968273,623.1130440763293,623.1128479220646,100.0,0.17010772490050538,0.1701514125540349
117.0,622.1039888286225,621.8984828172777,621.9252951663248,621.9251083516682,8.884185579278256,0.17010772490050538,0.1701566442923614
117.10000000000001,623.3499606710278,623.5147410314764,623.1914179935636,623.1912262193833,100.0,0.17010772490050538,0.17015171932733672
117.2,622.0742693773334,621.9784084583637,621.9150816149698,621.9149001177764,5.433214342080749,0.17010772490050538,0.1701570309735744
117.30000000000001,623.3204544413474,622.9995196664714,623.1597985298157,623.1596059375463,100.0,0.17010772490050538,0.17015214709763865
117.4,622.0898995496293,624.6599495507751,622.0422319951256,622.042082816872,7.123959002935791,0.17010772490050538,0.17015731202947176
117.5,623.3359724780006,619.2939143314705,623.123075652745,623.1228755045701,100.0,0.17010772490050538,0.17015142432837596
117.60000000000001,622.2636411705955,622.1435618097319,622.0524577263371,622.0522686069622,13.082909497895383,0.17010772490050538,0.17015571560710052
117.7,623.5084672175412,621.0011943057024,623.205401288772,623.2051828583237,100.0,0.17010772490050538,0.17014990363545437
117.80000000000001,622.2601484313855,626.279467568463,622.1386804876106,622.1385240016504,6.5061928653291154,0.17010772490050538,0.17015506315422452
117.9,623.5049995518065,623.9245184017651,623.4116819324167,623.4115264480084,100.0,0.17010772490050538,0.17014865146206612
118.0,622.0838300972571,619.754701127921,621.8911659573386,621.8909917015668,0.0,0.17010772490050538,0.17015369011116996
118.10000000000001,623.3299465704541,623.2322331949619,623.1469616512322,623.1467780158564,100.0,0.17010772490050538,0.17014931199112943
118.2,622.0931810839734,624.0980160553369,622.000229898657,622.0000811800617,6.8927857801930905,0.17010772490050538,0.17015489576771947
118.30000000000001,623.3392304688472,623.441913509421,623.2595514586642,623.259396299132,100.0,0.17010772490050538,0.17014956370289497
118.4,621.9654539610991,618.3886410882849,621.732859216928,621.732670025885,1.7388754311179504,0.17010772490050538,0.170155320632275
118.5,623.2124195332543,622.1409352601456,622.950070698216,622.9498575323527,100.0,0.17010772490050538,0.17015200047332263
118.60000000000001,622.3551756843872,623.4465404941639,622.1492468780518,622.149060092543,21.1443840319628,0.17010772490050538,0.17015590328473246
118.7,623.5993445212937,620.6107114473593,623.2807999698871,623.2805814512562,100.0,0.17010772490050538,0.17014932960712303
118.80000000000001,622.3164785149213,624.3569394622122,622.0960225861012,622.0958421213165,5.230558075704394,0.17010772490050538,0.17015422984223033
118.9,623.5609252194535,623.6340689321236,623.3587807503394,623.3585988515446,100.0,0.17010772490050538,0.17014822644219416
119.0,622.1393543769907,619.9262492478206,621.8481751751319,621.8479786729362,0.0,0.17010772490050538,0.17015371084562833
119.10000000000001,623.3850724615887,623.1337696095925,623.1019086137464,623.101701940812,100.0,0.17010772490050538,0.17014966093189007
119.2,622.2736667075789,620.8906577149738,621.9418459127811,621.9416365692477,11.625599836150112,0.17010772490050538,0.17015458358490404
119.30000000000001,623.5184207821045,625.3338169185523,623.284510326942,623.2843163797934,100.0,0.17010772490050538,0.17014973044548376
119.4,622.134172219327,621.4379252809834,621.877433671588,621.877243632625,1.3931467066950134,0.17010772490050538,0.17015535176380225
119.5,623.3799274893003,626.376189648716,623.2676109928462,623.2674460725591,100.0,0.17010772490050538,0.17015091894341428
119.60000000000001,621.9884224487229,620.8577700448494,621.828769640328,621.8286003133289,1.0826483611052602,0.17010772490050538,0.1701566184727915
119.7,623.2352232974703,621.7244066863767,623.0235264435264,623.0233294805316,100.0,0.17010772490050538,0.17015243690737838
119.80000000000001,622.3298670715724,620.913260080789,622.0652638973098,622.0650619283051,19.339827147611107,0.17010772490050538,0.17015610634765596
119.9,623.574217642856,621.2523777560717,623.2282564928249,623.2280285643972,100.0,0.17010772490050538,0.17015015841802178
120.0,622.3936572308405,620.7220900600662,621.9896320313924,621.9893997888495,9.07405821740624,0.17010772490050538,0.17015459104628514
120.10000000000001,623.6375497117591,623.6082772671851,623.2565523999584,623.2563193840165,100.0,0.17010772490050538,0.17014937040237696
120.2,622.2967899382663,621.1067859303042,621.8793866254769,621.8791554793303,3.0620403441837354,0.17010772490050538,0.1701548977280496
120.30000000000001,623.541378003759,621.9680633091231,623.0820033236197,623.0817518880161,100.0,0.17010772490050538,0.1701504940168415
120.4,622.4896686014351,624.7671511402716,622.1462220018792,622.1460153071865,13.914517802591394,0.17010772490050538,0.1701550186862314
120.5,623.7328714153832,623.4295012467117,623.3977990978157,623.3975909249988,100.0,0.17010772490050538,0.1701485537234487
120.60000000000001,622.3100660027038,623.1030233200311,622.0203632396575,622.0201776255133,0.0,0.17010772490050538,0.17015370837826882
120.7,623.5545587491407,622.2493111974283,623.2279718619211,623.227769807842,100.0,0.17010772490050538,0.17014833648340627
120.80000000000001,622.2783904659783,622.0504821881283,621.9538463092061,621.9536553326873,5.470525986885825,0.17010772490050538,0.17015368706506284
120.9,623.5231106282114,625.4042229394403,623.2989116777811,623.2987356525151,100.0,0.17010772490050538,0.17014882809776527
121.0,622.1018111958726,622.4647681786605,621.8992209406101,621.8990602925873,0.0,0.17010772490050538,0.17015471226067022
121.10000000000001,623.3477986624002,623.6444866984218,623.1721503409884,623.1719841914155,100.0,0.17010772490050538,0.17015017361858611
121.2,622.0876340967534,623.3498090366062,621.9699929149979,621.9698522450221,6.016980065536323,0.17010772490050538,0.17015566148700692
121.30000000000001,623.3337232785509,622.2392959397483,623.1796654997827,623.1795046587238,100.0,0.17010772490050538,0.17015048772368616
121.4,622.084869457412,620.4263058970877,621.8635806745976,621.8634097337019,6.438860208107879,0.17010772490050538,0.17015580115191917
121.5,623.3309784738628,624.4868217191798,623.1740937502761,623.1739264832293,100.0,0.17010772490050538,0.17015143119564027
121.60000000000001,622.0141200447271,621.2821376698295,621.8293142367444,621.8291481615007,3.8787618087463756,0.17010772490050538,0.17015722214673198
121.7,623.2607365822655,628.6227485178277,623.3174094283586,623.3172934270347,100.0,0.17010772490050538,0.17015297815913275
121.80000000000001,621.8413193397553,620.2412652119277,621.8222455618877,621.8221140757121,0.0,0.17010772490050538,0.17015832042150364
121.9,623.0891749447363,621.846877603022,623.0225331723178,623.0223729283335,100.0,0.17010772490050538,0.1701540245122259
122.0,622.09790173709,622.2349155891098,622.0369593680595,622.0368094625057,16.066903113572447,0.17010772490050538,0.17015822084500953
122.10000000000001,623.3439172529858,628.4863024260932,623.5089877158376,623.5088883391402,100.0,0.17010772490050538,0.17015228599704077
122.2,621.9239034819999,620.9505128313677,622.0345159720118,622.0344062400962,0.0,0.17010772490050538,0.17015622950543122
122.30000000000001,623.1711670092308,622.3092967107158,623.2439760032863,623.2438463980695,100.0,0.17010772490050538,0.17015050517410726
122.4,621.8524719780404,623.4495534426296,621.9850495238003,621.9849446329831,3.766508408046821,0.17010772490050538,0.17015587380561004
122.5,623.1002476352495,623.3908090062201,623.242948154812,623.2428338998046,100.0,0.17010772490050538,0.17015056366255432
122.60000000000001,621.6986975408006,623.4656926754548,621.904653385232,621.9045645888941,0.6291309907686333,0.17010772490050538,0.17015657874189824
122.7,622.947575261005,621.4668056872787,623.0847041611336,623.0845826129511,100.0,0.17010772490050538,0.17015181783559227
122.80000000000001,621.8223622737347,621.020998304803,621.9147521851716,621.9146251446094,10.987878157963017,0.17010772490050538,0.17015679453524735
122.9,623.0703537655535,621.6488237397161,623.1020444314432,623.1018886788938,100.0,0.17010772490050538,0.1701519355729785
123.0,621.9480043274397,619.2294133689611,621.8586419971989,621.8584602692597,11.12876880367152,0.17010772490050538,0.17015673961853087
123.10000000000001,623.19509503467,622.0037025251761,623.0637997599214,623.0635947633637,100.0,0.17010772490050538,0.17015231715372317
123.2,622.1587246341559,621.9633070831247,622.0220305838328,622.0218348828064,14.398259851692504,0.17010772490050538,0.17015670558949117
123.30000000000001,623.4043037186054,622.3990936051066,623.2359265729232,623.2357158904316,100.0,0.17010772490050538,0.1701510319002456
123.4,622.1038134309367,627.5610629660426,622.1713480079231,622.1712159543446,4.514576563678315,0.17010772490050538,0.17015625827882735
123.5,623.349786531793,622.7271789889384,623.3918154773415,623.3916712674646,100.0,0.17010772490050538,0.1701494801162821
123.60000000000001,621.9297306629509,623.3737241243856,622.0261874730072,622.026066184646,0.0,0.17010772490050538,0.17015459075284994
123.7,623.1769524065113,621.6756880014004,623.2091137604742,623.2089668264301,100.0,0.17010772490050538,0.17014908853011196
123.80000000000001,621.893364758474,621.5217735761986,621.9037032366341,621.9035588524886,5.089335085655922,0.17010772490050538,0.17015458871981806
123.9,623.1408472492485,622.7512053495839,623.1384225559103,623.1382624879989,100.0,0.17010772490050538,0.17015002745343585
124.0,621.9181850411293,625.1271254308242,622.0481266473552,622.0480129074612,7.372520426103062,0.17010772490050538,0.1701555088507258
124.10000000000001,623.1654895714984,621.6111348161966,623.2272231996612,623.2270828520877,100.0,0.17010772490050538,0.17014974950933184
124.2,621.8234704759259,626.2839782802753,622.067212575217,622.0671316966767,2.8871761831961535,0.17010772490050538,0.17015549976656386
124.30000000000001,623.0714540242437,625.8557028750357,623.4258741354015,623.4258098194912,100.0,0.17010772490050538,0.17014959444049785
124.4,621.6533935820996,624.2127623426219,622.0942442811188,622.0942080723653,0.0,0.17010772490050538,0.1701544329464153
124.5,622.9025958733608,623.9723869696202,623.3714779775523,623.3714366356477,100.0,0.17010772490050538,0.17014842251080203
124.60000000000001,621.4857450819574,619.529923058903,621.843390222781,621.843322512927,0.0,0.17010772490050538,0.17015378983936497
124.7,622.7361480173961,621.2469067005344,623.0171176996022,623.0170135247976,100.0,0.17010772490050538,0.17014976804982876
124.80000000000001,621.7315406281572,621.8579892305665,622.0005377214678,622.0004367436339,15.469849212587778,0.17010772490050538,0.17015453834143762
124.9,622.9801830190862,625.0123884433502,623.3266315448378,623.3265380555672,100.0,0.17010772490050538,0.17014923801740792
125.0,621.5627765031204,620.6199730595433,621.8471170979075,621.847012752565,0.0,0.17010772490050538,0.17015487008667815
125.10000000000001,622.8126278504511,627.6708313454745,623.2938501512722,623.2937798319491,100.0,0.17010772490050538,0.17015071579365126
125.2,621.3964212771019,619.9755833158911,621.7885522194825,621.788462061906,0.0,0.17010772490050538,0.1701564559042205
125.30000000000001,622.6474636380957,624.409252487768,623.0994752828592,623.0993828031762,100.0,0.17010772490050538,0.17015259809867947
125.4,621.4930255886172,622.2671493814886,621.9516397689769,621.9515559423627,9.80709976312821,0.17010772490050538,0.1701576289600932
125.5,622.7433763978031,622.1994641460783,623.1605256533464,623.1604176136603,100.0,0.17010772490050538,0.17015240594880876
125.60000000000001,621.5700364973962,620.5066553997503,621.9173007144801,621.9171798184859,9.12157628634235,0.17010772490050538,0.17015712935646476
125.7,622.819835851569,624.2110878694225,623.2134322135503,623.2133107425822,100.0,0.17010772490050538,0.17015221848848452
125.80000000000001,621.4924804937118,623.5497544115046,621.9495360089363,621.9494413943156,3.345838997288464,0.17010772490050538,0.17015774187726448
125.9,622.7428352056595,622.7217319608665,623.1807363327606,623.1806238209648,100.0,0.17010772490050538,0.17015252421352225
126.0,621.4757135053919,618.1225543119452,621.7450037944503,621.7448494652637,5.591971047627958,0.17010772490050538,0.17015780674655054
126.10000000000001,622.7261882617847,622.3600578998817,622.9709335644865,622.9707558954782,100.0,0.17010772490050538,0.17015415337913406
126.2,621.8209098824004,622.4847320910726,622.0786683546582,622.078504426023,19.205399452487335,0.17010772490050538,0.17015808724822598
126.30000000000001,623.0689117847932,621.2764223702911,623.2420208913971,623.2418287168126,100.0,0.17010772490050538,0.17015184500119285
126.4,621.8191272924815,619.2394897630819,621.8696630221185,621.8694467022943,6.332366006984472,0.17010772490050538,0.1701565728244905
126.5,623.067141972203,622.1508222212565,623.0805325482463,623.0802965823524,100.0,0.17010772490050538,0.17015208210371055
126.60000000000001,622.0240407553066,619.2116563334956,621.9135673897202,621.9133086761266,14.110408670732443,0.17010772490050538,0.17015642457672728
126.7,623.2705861340443,616.4526449268334,622.8799406631992,622.8796028343965,100.0,0.17010772490050538,0.17015161140158105
126.80000000000001,622.7745669106948,624.0334204413116,622.4550527922739,622.454749571612,34.75486266865863,0.17010772490050538,0.17015329100632684
126.9,623.6235287007863,626.1464713932854,623.4300367828064,623.4297711099323,85.23960290280293,0.17010772490050538,0.17014766663393485
127.0,622.2935888853714,623.1992601613524,622.14358234066,622.1433410573362,3.4654623124399606,0.17010772490050538,0.17015194855323304
127.10000000000001,623.5381999330285,623.4274627974829,623.3952032300195,623.3949620970992,100.0,0.17010772490050538,0.17014580025016968
127.2,622.1167922030728,622.2783247743807,621.9828237911676,621.9825972204785,0.0,0.17010772490050538,0.1701512404101567
127.30000000000001,623.3626721812099,623.039089896538,623.2258749090936,623.2256413849137,100.0,0.17010772490050538,0.17014639515117977
127.4,622.0732729798603,622.8437571053469,621.9715513045924,621.9713393552214,4.920748572201724,0.17010772490050538,0.17015206205945582
127.5,623.3194651921306,623.2496781916064,623.224115312378,623.2238975211666,100.0,0.17010772490050538,0.17014722401287102
127.60000000000001,621.9825316530591,623.5845922820941,621.9554095326062,621.9552217863268,3.120126070952562,0.17010772490050538,0.17015319420030484
127.7,623.2293747501443,624.1439012718159,623.2468000158233,623.2466140318589,100.0,0.17010772490050538,0.17014837073688405
127.80000000000001,621.842642932133,621.3075672023795,621.8316650050049,621.8314817114959,1.2216521836865475,0.17010772490050538,0.17015444660021492
127.9,623.0904890490924,622.6317041912195,623.0648632645739,623.0646634503305,100.0,0.17010772490050538,0.1701504523662376
128.0,622.008524195534,619.4096193153325,621.8699074331532,621.8696868041023,12.654075782065643,0.17010772490050538,0.17015537073294182
128.1,623.2551808696429,621.2514801377519,623.042518618744,623.042269096989,100.0,0.17010772490050538,0.17015099409730966
128.20000000000002,622.2996127583002,622.5232927794035,622.1036748661382,622.1034427274117,17.455486502848466,0.17010772490050538,0.17015504497566922
128.3,623.5441805569654,623.5023061375078,623.3604512993924,623.3602190861081,100.0,0.17010772490050538,0.17014890456630227
128.4,622.155473620235,620.4943470646232,621.9053867951939,621.9051484644499,1.2323137196769416,0.17010772490050538,0.17015405807165002
128.5,623.4010760344697,623.499086187685,623.171827970612,623.1715864978473,100.0,0.17010772490050538,0.17014953577615516
128.6,622.2205298725971,621.4971933505536,621.9677748955025,621.9675396127675,9.027814443190103,0.17010772490050538,0.17015446967345044
128.70000000000002,623.4656653833725,624.251092067825,623.2631126358954,623.262883052528,100.0,0.17010772490050538,0.17014942861124294
128.8,622.0904734170126,620.5277093637411,621.8267238856467,621.8264894070014,1.719743680863644,0.17010772490050538,0.1701551758304008
128.9,623.3365422281689,622.7217335588001,623.0639950648799,623.0637473906962,100.0,0.17010772490050538,0.1701511495925264
129.0,622.2870953485201,620.9984955456566,621.9695955342924,621.9693478417588,13.94432176870048,0.17010772490050538,0.17015574267404113
129.1,623.5317530161648,621.070556418269,623.1295848569514,623.1293097386013,100.0,0.17010772490050538,0.1701505649543064
129.20000000000002,622.4610673375006,623.791670851332,622.1316661118152,622.1314250237334,13.197739926173629,0.17010772490050538,0.17015486624884016
129.3,623.704475623284,623.0386255069635,623.3673399815273,623.3670949235848,100.0,0.17010772490050538,0.1701485280919366
129.4,622.3025424628281,624.8517910969023,622.0856401932483,622.0854399362305,0.7778562035729628,0.17010772490050538,0.17015375865771942
129.5,623.5470892270661,625.5026447346642,623.4283763693809,623.4281942310246,100.0,0.17010772490050538,0.17014788061406777
129.6,622.1256176950299,617.2789125501021,621.8017474726677,621.8015201058197,0.0,0.17010772490050538,0.17015286607583932
129.70000000000002,623.3714343478688,626.2900382943769,623.1920023235353,623.1917980877998,100.0,0.17010772490050538,0.170149254234222
129.8,622.0641919269183,625.7013484198255,622.0437921518524,622.0436431810633,4.251583699038747,0.17010772490050538,0.17015504180070473
129.9,623.3104492864527,626.059010158922,623.4122574535703,623.4121300086533,100.0,0.17010772490050538,0.17014936106912085
130.0,621.890675550814,623.503627498737,622.0511433635581,622.0510390720736,0.0,0.17010772490050538,0.17015432670380698
130.1,623.138177322185,622.3778458349552,623.2626966618219,623.262573650816,100.0,0.17010772490050538,0.1701486581308818
130.20000000000002,621.7874825406006,621.6236318005749,621.8942175266039,621.8940971548049,2.5532985113989497,0.17010772490050538,0.17015431077761864
130.3,623.0357240319705,622.271629852453,623.1090108645703,623.1088684061505,100.0,0.17010772490050538,0.17014984895915017
130.4,621.8924722773919,622.0857564668064,621.9664115825283,621.966277619537,10.332767575281586,0.17010772490050538,0.17015496427494994
130.5,623.1399611669362,622.8691369301486,623.20304640243,623.202898659902,100.0,0.17010772490050538,0.17014988520336657
130.6,621.838638076345,623.51825212316,621.9655427303429,621.9654216257934,4.411881068473505,0.17010772490050538,0.17015549415334247
130.70000000000002,623.086512901526,625.1214609357592,623.2980049269945,623.2978933628303,100.0,0.17010772490050538,0.17015037055231774
130.8,621.6683445478471,620.8536611872771,621.8298435756561,621.829724932862,0.0,0.17010772490050538,0.17015611248715415
130.9,622.9174397315248,622.0590397437136,623.0387782096356,623.0386333080808,100.0,0.17010772490050538,0.17015197108508215
131.0,621.8976349486446,620.8150981917107,621.9634212692059,621.9632687682158,14.946781159252506,0.17010772490050538,0.1701564711193604
131.1,623.1450868234128,619.1999323476251,623.0441638938482,623.0439584126315,100.0,0.17010772490050538,0.17015126982930512
131.20000000000002,622.2575081601892,619.4340636215001,622.0384369144563,622.0382094731066,19.984547358674373,0.17010772490050538,0.1701547613890471
131.3,623.5023782342372,623.169033772643,623.2842651065691,623.2840329068202,100.0,0.17010772490050538,0.17014914943858717
131.4,622.145719400134,621.4484282137292,621.9040481897111,621.9038216774587,2.4271559224983648,0.17010772490050538,0.17015461654302536
131.5,623.3913918106153,624.4191775440983,623.2096841962409,623.2094637121676,100.0,0.17010772490050538,0.1701500505754775
131.6,622.0534019523166,624.2595243960549,621.9698753440362,621.9696944978159,3.099790678877177,0.17010772490050538,0.17015586286439985
131.70000000000002,623.2997367162358,620.6834141623712,623.113386863189,623.1131710794091,100.0,0.17010772490050538,0.17015067089104388
131.8,622.1968132230097,622.127412057639,622.0129144734057,622.0127107661981,11.921783025575891,0.17010772490050538,0.17015534761456266
131.9,623.4421189583554,621.3482142493448,623.1825704114187,623.1823411464029,100.0,0.17010772490050538,0.17014987497345194
132.0,622.2203436864768,618.8074375037888,621.8242643127234,621.8240091237551,7.4872379507542455,0.17010772490050538,0.17015501041399797
132.1,623.4654805336439,622.0575010582543,623.0334093024669,623.0331347122554,100.0,0.17010772490050538,0.1701510191666725
132.20000000000002,622.4684895056439,622.0451444817805,622.0363280005932,622.0360669336695,15.953342816651258,0.17010772490050538,0.17015544619782894
132.3,623.7118444724202,627.0747123784215,623.4483569649368,623.4481338161441,100.0,0.17010772490050538,0.17014978465745
132.4,622.2891900719328,624.8723404790954,622.1436655847167,622.1434856851108,0.0,0.17010772490050538,0.17015443406642472
132.5,623.5338327007407,620.9600526788685,623.2903509787791,623.2901433448534,100.0,0.17010772490050538,0.17014804492661587
132.6,622.1821506705053,618.5108668292756,621.7899070291795,621.7896702081895,2.6229553728558663,0.17010772490050538,0.1701535315436688
132.70000000000002,623.4275616383391,622.4167308448076,623.0160272914061,623.0157734859133,100.0,0.17010772490050538,0.17014994647678042
132.8,622.4379233356801,620.6132857443293,621.9657164375102,621.9654584287671,16.21981717142313,0.17010772490050538,0.17015455496196322
132.9,623.6814978734734,623.517553528495,623.2299607875559,623.2297019235061,100.0,0.17010772490050538,0.17014952165627384
133.0,622.3633688762852,620.9300976899535,621.868645224631,621.8683874837199,3.9256321374058594,0.17010772490050538,0.17015506056325785
133.1,623.607478876685,626.1446648591116,623.2494109331992,623.2491788350271,100.0,0.17010772490050538,0.1701507238147417
133.20000000000002,622.1967946726228,620.57550917351,621.7826050564167,621.7823688751002,0.4222972088068211,0.17010772490050538,0.17015671742397215
133.3,623.4421005411072,622.3586769833882,623.0066174135369,623.0063629459743,100.0,0.17010772490050538,0.170152881163643
133.4,622.5031601040467,620.4582561276521,621.9989959430859,621.9987340336432,18.131770670693083,0.17010772490050538,0.17015688587732508
133.5,623.74626598786,625.5578834923432,623.3483642093058,623.348124607022,100.0,0.17010772490050538,0.1701513722240603
133.6,622.3233643717795,623.0775511268657,621.9722887376247,621.9720746273174,0.0,0.17010772490050538,0.17015663351575647
133.70000000000002,623.5677616346571,622.5490450394661,623.1950205151144,623.1947930691507,100.0,0.17010772490050538,0.1701513489402478
133.8,622.3762717398743,620.2054107563529,621.925519209532,621.9252813009865,8.660980156528588,0.17010772490050538,0.17015600592915026
133.9,623.6202890795678,624.9817592316988,623.2540187440859,623.2537942791448,100.0,0.17010772490050538,0.17015114120078798
134.0,622.2323187331768,622.4899926077702,621.8903168661005,621.8901110678189,1.2805980258669045,0.17010772490050538,0.17015688303435964
134.1,623.4773696250775,623.9291743149212,623.1757932989241,623.1755874778016,100.0,0.17010772490050538,0.1701522037514511
134.20000000000002,622.1945033579095,623.2951252613645,621.9502091597342,621.9500310345499,5.197592664801004,0.17010772490050538,0.17015763668596046
134.3,623.4398256714064,621.2084168047822,623.1170195591401,623.1168107759105,100.0,0.17010772490050538,0.17015242463934405
134.4,622.3185213148125,624.2421133940969,622.0896028834403,622.0894321259283,11.267855705754048,0.17010772490050538,0.17015703883296412
134.5,623.5629533518069,621.4694174953091,623.2606224004298,623.2604265038733,100.0,0.17010772490050538,0.17015081375508287
134.6,622.2001951900319,621.9136727336004,621.8959164270033,621.8957302959138,2.2139708391365147,0.17010772490050538,0.17015634474439678
134.70000000000002,623.4454766523975,621.6138357346841,623.0826518205682,623.0824392581021,100.0,0.17010772490050538,0.17015167423225855
134.8,622.3276923656323,621.7647377192948,621.9550003099413,621.9547957749407,11.40186082538682,0.17010772490050538,0.17015659612134934
134.9,623.5720585521595,622.6866810424272,623.1844399171733,623.1842227592954,100.0,0.17010772490050538,0.17015144784119335
135.0,622.2854473389406,620.9539112798761,621.8559182867897,621.8557002677406,5.082233157293739,0.17010772490050538,0.1701569112985226
135.1,623.530116838213,620.0839716876826,622.979570425306,622.9793093424084,100.0,0.17010772490050538,0.1701524934648442
135.20000000000002,622.6546617532248,620.0893800270638,622.0192109678087,622.0189379961492,20.544849312100094,0.17010772490050538,0.17015624662004575
135.3,623.8966788598418,624.0104480583836,623.3017722947619,623.3015054873763,100.0,0.17010772490050538,0.17015063944621478
135.4,622.537687954479,619.4764036666083,621.837306116462,621.8370225753922,2.4459670554377624,0.17010772490050538,0.1701558254501646
135.5,623.7805457513649,623.9938657130452,623.128154076787,623.1278739080484,100.0,0.17010772490050538,0.17015165571173219
135.6,622.6385543557627,621.3294760595096,621.9587944198719,621.9585200995847,10.581398107058341,0.17010772490050538,0.17015640043565614
135.70000000000002,623.8806872462568,623.2143134652421,623.2104850663167,623.2102074055607,100.0,0.17010772490050538,0.17015124242851049
135.8,622.6268062177749,618.6546856145088,621.8164787721904,621.816174730795,6.397484202487966,0.17010772490050538,0.17015625680789295
135.9,623.8690235526894,623.6752031701348,623.0948045193343,623.0945010163696,100.0,0.17010772490050538,0.17015220549743099
136.0,622.7710306661024,626.2349038728199,622.1785967407789,622.178360191419,12.261232631961338,0.17010772490050538,0.1701568073673833
136.1,624.0122110942884,624.9698600913132,623.4940802394607,623.493860372396,100.0,0.17010772490050538,0.17014992134534912
136.20000000000002,622.5873984719923,621.0363766230631,622.0239969181154,622.0237745215086,0.0,0.17010772490050538,0.17015420776693443
136.3,623.8298990408705,626.9460526762796,623.4311639240561,623.430975040601,100.0,0.17010772490050538,0.1701487600826352
136.4,622.406396649656,618.9316450155211,621.8746828742248,621.8744671032247,0.0,0.17010772490050538,0.1701536395028286
136.5,623.6501976341314,624.1901268467096,623.1720296290878,623.1718161821854,100.0,0.17010772490050538,0.17014939312600225
136.6,622.436765410775,622.4322072341303,621.9778475798091,621.9776502392948,7.857457360145535,0.17010772490050538,0.1701545794521127
136.70000000000002,623.6803482660279,626.2054169508702,623.3557988522019,623.3556259065899,100.0,0.17010772490050538,0.17014945015901206
136.8,622.2579200459136,623.9867253741864,622.0180202656591,622.0178795840815,0.0,0.17010772490050538,0.17015483934798256
136.9,623.5027871631825,623.9800320444757,623.2993469510737,623.2992053262482,100.0,0.17010772490050538,0.17014937602756275
137.0,622.1474893709902,621.113989082736,621.9054725227106,621.9053279273666,2.4784893485277735,0.17010772490050538,0.17015469471882727
137.1,623.3931490803417,622.8509849020834,623.1443477016893,623.1441885159556,100.0,0.17010772490050538,0.1701501096473853
137.20000000000002,622.2531308673306,624.781122633538,622.1201980292922,622.1200794795081,10.550947768259483,0.17010772490050538,0.17015488486254754
137.3,623.4980323641263,623.6476889054342,623.3823403807822,623.3822178615809,100.0,0.17010772490050538,0.17014863207942513
137.4,622.076912908848,622.7227502256231,621.9894968224601,621.9893885560989,0.0,0.17010772490050538,0.17015389675608655
137.5,623.3230790077807,618.6943794372381,623.0474508795451,623.047285263735,100.0,0.17010772490050538,0.1701487431579779
137.6,622.4693969599915,621.7303069768749,622.1730131204731,622.1728504282875,21.308325494261524,0.17010772490050538,0.17015218069027765
137.70000000000002,623.7127454077485,623.227442885022,623.4146729691838,623.4145050591488,100.0,0.17010772490050538,0.1701457832544784
137.8,622.30661246414,618.9766453545028,621.87680291557,621.8766097406756,0.6220317487698495,0.17010772490050538,0.17015094778558112
137.9,623.5511300065994,624.9401498810646,623.2059410516088,623.2057558310023,100.0,0.17010772490050538,0.17014694454252996
138.0,622.3103303189332,624.7701146894794,622.0825250257034,622.0823802229827,6.8007025570429604,0.17010772490050538,0.17015232439747066
138.1,623.5548211675969,620.9085849713622,623.2300439256419,623.2298691048264,100.0,0.17010772490050538,0.17014660818807975
138.20000000000002,622.3460580966063,620.3833057615307,621.9496891753921,621.9495049823122,8.007403799526422,0.17010772490050538,0.17015158811573916
138.3,623.5902924062932,622.0434043540297,623.1520347364847,623.1518310875738,100.0,0.17010772490050538,0.17014696344277286
138.4,622.4407822126824,623.8893654614977,622.0818204076113,622.0816477451892,10.246984431908341,0.17010772490050538,0.17015204591023486
138.5,623.6843362148103,624.4693696760478,623.3808033841225,623.3806366129743,100.0,0.17010772490050538,0.17014636218670928
138.6,622.2618793578155,623.0253338216496,622.0009037536286,622.000756396859,0.0,0.17010772490050538,0.17015185774389152
138.70000000000002,623.506718052399,624.3952925690886,623.3007362896759,623.3005916221186,100.0,0.17010772490050538,0.1701468134902429
138.8,622.1213340644529,620.1086609017716,621.8351562602251,621.8349982444233,1.3472538132326513,0.17010772490050538,0.17015260093439186
138.9,623.3671814537427,626.5039526544398,623.2328567858941,623.2327209883659,100.0,0.17010772490050538,0.1701487576968092
139.0,621.9559400625877,621.9796419801224,621.8243902229709,621.8242629777154,0.3364289280195294,0.17010772490050538,0.1701550842540282
139.1,623.2029738618855,622.5100430978122,623.0527742129749,623.0526261362704,100.0,0.17010772490050538,0.17015108393727543
139.20000000000002,622.1682015770555,622.8792329037846,622.052091536291,622.0519610207266,14.460532191968401,0.17010772490050538,0.17015566235484822
139.3,623.4137126519901,623.0127589967254,623.290598873319,623.2904573595995,100.0,0.17010772490050538,0.17014985788187134
139.4,622.0025386348302,622.2358321961407,621.8905585164244,621.8904280828848,0.3515272763360926,0.17010772490050538,0.17015563389096422
139.5,623.2492382398842,626.6776637211515,623.2929078240618,623.2928032110428,100.0,0.17010772490050538,0.17015107264143503
139.6,621.829903444081,619.3043591293876,621.7591113681033,621.7589802383687,0.0,0.17010772490050538,0.17015678582451196
139.70000000000002,623.0778408808218,623.6076941884348,623.0374019222518,623.0372609422166,100.0,0.17010772490050538,0.1701531224669864
139.8,622.0158873211884,619.1450425617144,621.8516940163857,621.8515244385272,13.40378776790292,0.17010772490050538,0.1701578390313554
139.9,623.262491182668,621.2276364097331,623.024191517903,623.023988790772,100.0,0.17010772490050538,0.1701533637845704
140.0,622.3538804991076,624.7707408167237,622.2270036706766,622.2268434799727,19.224709940619576,0.17010772490050538,0.17015696249353604
140.1,623.5852164928406,624.0378021050018,623.4881163767037,623.487959966933,99.51668093752627,0.17010772490050538,0.17014978868428546
140.20000000000002,622.1634712837869,621.5729118245298,622.0411450536519,622.0409893377926,0.0,0.17010772490050538,0.17015413303477034
140.3,623.4090163050668,623.7487011937411,623.311490854933,623.3113328160931,100.0,0.17010772490050538,0.17014856033396203
140.4,622.0001623639758,620.7331674991783,621.8487110921844,621.8485469946664,0.43757542846169173,0.17010772490050538,0.17015428411563013
140.5,623.2468790123935,623.7964151475933,623.1305983208365,623.130429498998,100.0,0.17010772490050538,0.17015017455469023
140.6,622.0605821232381,620.396507674947,621.8751853834491,621.8750064916705,8.769747588915983,0.17010772490050538,0.1701554146728672
140.70000000000002,623.306865378856,621.2096543703097,623.0457569505052,623.0455467560079,100.0,0.17010772490050538,0.17015099296037461
140.8,622.3509438105574,618.0070809684761,621.914709277807,621.9144610918428,17.456143881058917,0.17010772490050538,0.17015501873512393
140.9,623.5951430365185,623.810247564779,623.1939223674108,623.1936750862086,100.0,0.17010772490050538,0.17015033229196286
141.0,622.3686067583396,624.8399236227771,622.0880789513336,622.0878781041853,7.349402658659951,0.17010772490050538,0.17015536528489814
141.1,623.6126791438757,621.87252114382,623.2763165597097,623.2760969302666,100.0,0.17010772490050538,0.1701493135559733
141.20000000000002,622.2663252384966,619.5137349895568,621.8248791044008,621.8246417729969,2.8447832815643004,0.17010772490050538,0.1701547397461572
141.3,623.5111320170056,619.0692026701383,622.906910544038,622.9066208477417,100.0,0.17010772490050538,0.170150769744995
141.4,622.8171487935662,622.358201090991,622.2208790318522,622.2206046047289,27.369464022019045,0.17010772490050538,0.17015384246355345
141.5,624.0078298674937,623.6832970525709,623.4313509858581,623.4310824163143,98.11190943701551,0.17010772490050538,0.17014730748988705
141.6,622.60544902188,620.5120569440555,621.9635958258991,621.9633227521426,0.8430420105598984,0.17010772490050538,0.1701521528877374
141.70000000000002,623.8478198614112,626.1673926471957,623.3406345269159,623.3403874029626,100.0,0.17010772490050538,0.1701473676424415
141.8,622.4554505309584,622.8658515701278,621.9859785240864,621.9857535481832,1.176546599347251,0.17010772490050538,0.17015283241382037
141.9,623.6988991655767,624.5587801505558,623.2935014617486,623.2932846700337,100.0,0.17010772490050538,0.17014780937957535
142.0,622.3198440058696,622.0355586894985,621.9176314594306,621.9174265504665,1.6373670269462757,0.17010772490050538,0.1701534971217309
142.1,623.5642665457353,621.8926896183167,623.1151522463045,623.1149261793053,100.0,0.17010772490050538,0.17014893465426748
142.20000000000002,622.4865798405597,623.9526632970845,622.1182903581735,622.118097404975,12.943042817731506,0.17010772490050538,0.170153555469737
142.3,623.7298048451772,624.0164050225727,623.3962073736633,623.3960176789527,100.0,0.17010772490050538,0.1701474461327137
142.4,622.3070214568017,627.6530394020677,622.2123484178113,622.2122312972825,0.0,0.17010772490050538,0.1701527195779897
142.5,623.5515360627546,626.9704061172253,623.6112406037317,623.6111523150807,100.0,0.17010772490050538,0.17014596753903408
142.6,622.1300326132376,620.8058627363426,622.1255628216508,622.1254618783069,0.0,0.17010772490050538,0.17014973756988258
142.70000000000002,623.3758175871201,622.2848021249272,623.3294805910259,623.3293622270542,100.0,0.17010772490050538,0.17014393987954793
142.8,622.0389195539509,620.0777353662536,621.9068531563514,621.9067203483272,3.136676343071734,0.17010772490050538,0.17014941669200045
142.9,623.2853582061998,625.4255988772726,623.2551505199925,623.2550271377786,100.0,0.17010772490050538,0.17014532993632697
143.0,621.8887896088387,624.5671968290251,621.9691581742871,621.9690705964656,0.866553348969564,0.17010772490050538,0.1701517074795942
143.1,623.1363049015904,622.2921120961742,623.1811181306092,623.1810091360137,100.0,0.17010772490050538,0.17014692105149853
143.20000000000002,621.8924937117744,619.4544183856317,621.827115129413,621.8269837492256,6.575353201272918,0.17010772490050538,0.170152538715324
143.3,623.1399824476421,624.2142839502773,623.1278405567283,623.1277064212454,100.0,0.17010772490050538,0.17014876299640064
143.4,621.9201586586789,617.4826681609948,621.7156939581505,621.7155148329538,7.479110935381552,0.17010772490050538,0.1701544250955935
143.5,623.1674490376396,622.6360053319349,622.9548077548199,622.9546092985553,100.0,0.17010772490050538,0.1701513229344766
143.6,622.3085260770204,622.5756232245122,622.1147887558844,622.114605376636,21.06904587656442,0.17010772490050538,0.1701552701823069
143.70000000000002,623.5530298799887,623.9902575561114,623.3917668893193,623.3915862303137,100.0,0.17010772490050538,0.17014902229261508
143.8,622.1454913895757,621.9274953260164,621.9780671679896,621.9778941315507,0.5259764337395652,0.17010772490050538,0.17015406965288515
143.9,623.391165436232,625.2093548276964,623.3136481204012,623.3134876625849,100.0,0.17010772490050538,0.170148987653225
144.0,622.0432048428618,619.3780950277977,621.8515253084604,621.8513424602901,2.724480278915589,0.17010772490050538,0.17015418401832155
144.1,623.2896127554712,620.1980019288017,622.9802439547059,622.9800192597718,100.0,0.17010772490050538,0.1701500626513007
144.20000000000002,622.5672437357315,622.0569922733345,622.2489723601418,622.2487561662755,26.241275035570176,0.17010772490050538,0.170152873646646
144.3,623.8098891472382,624.0232605973258,623.5207211148273,623.5205109099568,100.0,0.17010772490050538,0.17014582603369183
144.4,622.3865305121191,620.6289866767955,622.0319958508286,622.0317787995959,0.0,0.17010772490050538,0.17015030331089065
144.5,623.6304741764676,624.0337043813435,623.3149142218858,623.3147000013595,100.0,0.17010772490050538,0.17014517070958673
144.6,622.314036447795,620.3146507141653,621.9244992855179,621.9242773653777,3.9754928131262197,0.17010772490050538,0.17015046870097866
144.70000000000002,623.5585006865143,621.0754920802905,623.0869276819507,623.0866786209499,100.0,0.17010772490050538,0.17014614569153436
144.8,622.6256279984722,626.0561475969633,622.3200315217789,622.3198360953969,18.39159606403759,0.17010772490050538,0.1701501317070945
144.9,623.7724321109389,625.4453505559076,623.5570510068502,623.5568746722738,96.40875680222504,0.17010772490050538,0.1701435436219081
145.0,622.3493425499867,622.0734704559544,622.1279593641316,622.1277891956969,0.0,0.17010772490050538,0.17014796266808965
145.1,623.5935532744728,628.3173115060778,623.5883027803847,623.5881712635827,100.0,0.17010772490050538,0.1701423182804073
145.20000000000002,622.1717482193296,622.911761335807,622.1933162542215,622.1931962393265,0.0,0.17010772490050538,0.1701466159515053
145.3,623.4172338418772,624.2518696537588,623.4775382153186,623.477419849027,100.0,0.17010772490050538,0.17014059888732563
145.4,621.9966941410121,622.964621708292,622.0902749371619,622.090169858578,0.0,0.17010772490050538,0.1701459096748911
145.5,623.2434356643682,621.7102984398769,623.271505160891,623.2713784033805,100.0,0.17010772490050538,0.17014075229399525
145.6,622.0077754290054,622.4975870808244,622.0510214392223,622.0509052593269,6.911026618897299,0.17010772490050538,0.17014620440651904
145.70000000000002,623.2544374736293,624.0832958966356,623.3351083218698,623.334990026623,100.0,0.17010772490050538,0.17014132020835446
145.8,621.8809551477408,617.5347788341703,621.7680673724185,621.7679107776019,1.7270600614575216,0.17010772490050538,0.17014729605398846
145.9,623.1285266092194,617.9279576109408,622.804373451033,622.8041550024266,100.0,0.17010772490050538,0.17014447928670454
146.0,622.7468814325898,622.1902987461967,622.413763452295,622.413552109737,39.0209662543824,0.17010772490050538,0.1701465466947085
146.1,623.6897601878093,624.2936103746019,623.4020485653975,623.4018489776597,88.76672384549914,0.17010772490050538,0.17014116148833872
146.20000000000002,622.4664404399927,623.1356833036515,622.2171849110913,622.2170034815209,7.496033260851082,0.17010772490050538,0.17014545567849496
146.3,623.7098101268821,621.9908891216292,623.4040744450888,623.4038799150721,100.0,0.17010772490050538,0.17013936757056622
146.4,622.3650409214667,622.1237165593053,622.0595092795718,622.0593242174612,2.9306752653528,0.17010772490050538,0.1701447574179867
146.5,623.6091389144625,622.4204712528627,623.2724617662753,623.2722644829281,100.0,0.17010772490050538,0.17013994810434863
146.6,622.3338758357625,626.5823671905092,622.1901105878758,622.1899664961248,5.519342576612491,0.17010772490050538,0.17014575687904698
146.70000000000002,623.5781976222368,623.2896114593615,623.4335691218145,623.4334199411873,100.0,0.17010772490050538,0.17013984748921585
146.8,622.1565027972389,621.7386959504554,621.9963444415059,621.9961991303,0.0,0.17010772490050538,0.1701455672703514
146.9,623.4020978259664,624.3411914371027,623.2941015960705,623.2939567186606,100.0,0.17010772490050538,0.17014116467615112
147.0,622.0515763528965,619.1521892547353,621.8209524853518,621.8207869576388,2.6310533619127696,0.17010772490050538,0.17014728361851117
147.1,623.2979242128926,622.5293566399516,623.0503277535605,623.0501443782634,100.0,0.17010772490050538,0.17014406223612277
147.20000000000002,622.3407754482389,624.1867559701226,622.1806158459012,622.1804628972079,17.407543019334078,0.17010772490050538,0.1701487308899269
147.3,623.585047691327,624.5465194415997,623.4779961584934,623.4778492796348,100.0,0.17010772490050538,0.1701426076896164
147.4,622.1633036940074,622.1400410570353,622.0556433588731,622.0555033380942,0.0,0.17010772490050538,0.17014772156737223
147.5,623.4088499179637,621.1238691613867,623.2136464358645,623.2134799758445,100.0,0.17010772490050538,0.1701426557321393
147.6,622.2600818757264,621.8983459808966,622.0551759498848,622.0550160353438,10.22588789029453,0.17010772490050538,0.17014768615932813
147.70000000000002,623.5049334739304,628.6902165154008,623.5349756651531,623.5348563229174,100.0,0.17010772490050538,0.1701426274819833
147.8,622.0837644935873,620.6339291400709,622.0457559651478,622.0456261622935,0.0,0.17010772490050538,0.17014730331201486
147.9,623.3298814374479,626.4237890814841,623.4296371207813,623.4295262465904,100.0,0.17010772490050538,0.17014235368099892
148.0,621.90996833599,622.2005643966176,622.0122486528262,622.0121442997239,0.0,0.17010772490050538,0.1701478616822666
148.1,623.1573317814784,624.4916951785325,623.3156201006323,623.3155163176056,100.0,0.17010772490050538,0.17014311535738638
148.20000000000002,621.8011679160257,621.4306725965962,621.9311955149543,621.9310911494673,2.352637409038959,0.17010772490050538,0.17014893860084174
148.3,623.0493113214084,623.4349712232482,623.1936343139624,623.1935197032517,100.0,0.17010772490050538,0.17014471083515578
148.4,621.8384401449229,622.9456215584487,622.0185362046959,622.0184375187312,7.791579123232964,0.17010772490050538,0.17015019601525186
148.5,623.0863163889361,622.7647455900043,623.2481549830021,623.2480411626511,100.0,0.17010772490050538,0.17014517622942754
148.6,621.7708639577909,620.6064761329185,621.8706459754027,621.8705233814501,3.865652123763173,0.17010772490050538,0.17015100605156558
148.70000000000002,623.0192245518625,622.2337722726755,623.0849945238073,623.0848497112539,100.0,0.17010772490050538,0.1701470439136854
148.8,621.9477801658564,623.5788371512955,622.0759659689128,622.0758456624802,13.030784342015103,0.17010772490050538,0.17015205901982974
148.9,623.1948724805487,618.8672758953348,623.1369984821806,623.1368272109773,100.0,0.17010772490050538,0.17014641860271476
149.0,622.1596199697335,620.9757452441752,622.0506856794826,622.0505107824061,14.440271624371391,0.17010772490050538,0.17015080671025715
149.1,623.4051926290689,619.8110888774061,623.1531053051515,623.1528916754536,100.0,0.17010772490050538,0.17014548168095475
149.20000000000002,622.3226841489936,621.0822552461062,622.0265667792498,622.026353241149,12.71858812171179,0.17010772490050538,0.17015019100874004
149.3,623.5670862960418,619.8636232855764,623.132412765495,623.1321628027598,100.0,0.17010772490050538,0.1701451109096674
149.4,622.516858111593,623.3285065869256,622.1345592616211,622.1343347566565,13.97721291438829,0.17010772490050538,0.17014975591885478
149.5,623.7598655770311,621.3290601678891,623.2973875509994,623.2971432429806,100.0,0.17010772490050538,0.17014388828852417
149.6,622.3885273611342,621.1462381670492,621.8913415755129,621.8911008900905,1.9442762368247983,0.17010772490050538,0.170149861418195
149.70000000000002,623.6324566844255,622.7353852309135,623.1259991691403,623.1257475770633,100.0,0.17010772490050538,0.17014585169143615
149.8,622.4387499125418,625.4010988888432,622.0791825741051,622.0789814528532,8.595033524248276,0.17010772490050538,0.17015158016632612
149.9,623.6823185129524,625.1216456801923,623.406035239451,623.4058474949275,100.0,0.17010772490050538,0.17014596184404035
150.0,622.2598761448304,623.0792496903055,622.0271812369424,622.0270139632355,0.0,0.17010772490050538,0.17015130317462268
150.1,623.5047292199138,624.0723903974982,623.3119827991336,623.3118163612627,100.0,0.17010772490050538,0.17014611073999641
150.20000000000002,622.0835617053943,619.4023809028723,621.7814120037673,621.7812258820135,0.0,0.17010772490050538,0.17015215679635914
150.3,623.3296801041274,623.6673165925937,623.0611357619285,623.0609429771812,100.0,0.17010772490050538,0.1701487691106543
150.4,622.242065348467,623.8761003704386,622.0525295552736,622.0523681975606,12.506015589065903,0.17010772490050538,0.17015390859687043
150.5,623.4870462778684,623.5858892280763,623.3153887102981,623.3152238101245,100.0,0.17010772490050538,0.1701482701391538
150.6,622.1039591557213,619.2575250032534,621.8149596399563,621.8147718072291,1.4283833036048748,0.17010772490050538,0.17015378862800432
150.70000000000002,623.3499312110251,620.5596463994829,622.9608654115716,622.9606390896466,100.0,0.17010772490050538,0.17014998610791984
150.8,622.5757403665598,621.8410307687329,622.1719868088605,622.1717673057318,24.307249154481802,0.17010772490050538,0.17015335046710653
150.9,623.8183247179927,623.2654234506413,623.4153125865955,623.4150909785626,100.0,0.17010772490050538,0.1701468485290672
151.0,622.4383412956297,619.4227019551834,621.9222368538101,621.9219966639853,1.63471766156254,0.17010772490050538,0.1701516978264254
151.1,623.6819128311778,622.1620124228435,623.130983461518,623.130727139823,100.0,0.17010772490050538,0.17014727379266187
151.20000000000002,622.6756068008849,621.4631020685698,622.096869378869,622.096618502664,15.661282406017822,0.17010772490050538,0.17015137519217025
151.3,623.9174733398347,625.7058201385397,623.4476909059415,623.4474615407934,100.0,0.17010772490050538,0.17014564115008501
151.4,622.4933416765384,620.3960330595617,621.9526688322435,621.9524322844702,0.0,0.17010772490050538,0.1701506950922198
151.5,623.7365181016055,624.2498753606944,623.2487015451795,623.2484696125998,100.0,0.17010772490050538,0.17014613406466014
151.6,622.4776441110021,623.5625969030999,622.0557311590508,622.0555277597109,6.17058226063082,0.17010772490050538,0.1701513948010861
151.70000000000002,623.7209333115,621.017424162262,623.2092031167906,623.2089735828785,100.0,0.17010772490050538,0.1701459745172879
151.8,622.5595129605306,620.5177694208058,621.9822362425949,621.9820015447809,9.834061841352849,0.17010772490050538,0.1701508000378966
151.9,623.8022139268271,622.5160561340348,623.2030733830817,623.202827136703,100.0,0.17010772490050538,0.17014600182355835
152.0,622.5756100163289,626.3714462741684,622.1632729964842,622.1630868490646,7.402840954543549,0.17010772490050538,0.170151371244537
152.1,623.8181953045224,621.1960486805813,623.3190253525091,623.3188160459579,100.0,0.17010772490050538,0.17014512690271663
152.20000000000002,622.4915779594451,620.9348976156261,621.9462982774247,621.9460876916473,3.643129025513158,0.17010772490050538,0.17015046591731525
152.3,623.7347670558221,622.2018886365214,623.1555513058714,623.1553243047196,100.0,0.17010772490050538,0.1701459757094302
152.4,622.5692702681689,625.4558754368886,622.1374173718623,622.137239299982,9.684384881120454,0.17010772490050538,0.17015124224927716
152.5,623.811901116392,625.4005709551893,623.4732532397985,623.4730905884103,100.0,0.17010772490050538,0.17014520894979734
152.6,622.388528027229,620.8600960122255,621.9967027548703,621.9965343188442,0.0,0.17010772490050538,0.1701501084983242
152.70000000000002,623.6324573457365,624.7305129246121,623.3109988455917,623.3108367676797,100.0,0.17010772490050538,0.1701452653707317
152.8,622.2186146360505,620.5939098079012,621.8390683488035,621.8388997962606,0.3101755315663475,0.17010772490050538,0.17015133669285637
152.9,623.4637638938154,621.5307502790076,623.025080458678,623.0248841689677,100.0,0.17010772490050538,0.17014758542507888
153.0,622.5451983613314,624.2425768449924,622.1972101406824,622.1970469074406,18.904439723943725,0.17010772490050538,0.17015180010885317
153.1,623.788002191105,625.0755857804236,623.5162697401993,623.5161190132384,100.0,0.17010772490050538,0.17014525344440806
153.20000000000002,622.3648007860465,620.8667861237668,622.0378773950515,622.037719645947,0.0,0.17010772490050538,0.17014981951692834
153.3,623.6089005035233,623.6214797697388,623.3029743848493,623.3028127387597,100.0,0.17010772490050538,0.17014468794434112
153.4,622.2177114771298,622.7930888669136,621.9465708329693,621.9464263991454,1.1563852536077661,0.17010772490050538,0.1701507024760443
153.5,623.4628672174654,622.1731036032257,623.1545862494554,623.1544218074151,100.0,0.17010772490050538,0.17014618685368255
153.60000000000002,622.281919753538,618.9650111337573,621.8437400832536,621.8435508119417,9.029403146653241,0.17010772490050538,0.1701515745035482
153.70000000000002,623.5266145783343,622.1223354485495,623.0546795641063,623.0544695306002,100.0,0.17010772490050538,0.1701477646006128
153.8,622.5203132390716,621.3939025071761,622.020326878316,622.0201198114399,15.619470228169227,0.17010772490050538,0.17015241073517287
153.9,623.763295879143,625.7017193384655,623.3747576215503,623.3745695139664,100.0,0.17010772490050538,0.17014716443414085
154.0,622.3402719434333,623.9624022284455,622.035007485857,622.0348506739012,0.0,0.17010772490050538,0.17015262906512862
154.10000000000002,623.5845478020299,623.4456956291668,623.2927707795142,623.2926084522951,100.0,0.17010772490050538,0.17014724856500885
154.20000000000002,622.1793127883728,618.3769439078849,621.7354013952323,621.7352069696674,0.621182773369128,0.17010772490050538,0.17015320424234723
154.3,623.424744122948,622.6344007820193,622.9734727871446,622.973260336354,100.0,0.17010772490050538,0.1701500687047071
154.4,622.5205897370679,621.1915767197999,622.0319826197832,622.0317700732646,19.43626062946073,0.17010772490050538,0.1701543297054104
154.5,623.7635703904665,626.3574264190416,623.4137224121544,623.4135370234551,100.0,0.17010772490050538,0.17014880884918196
154.60000000000002,622.3405444829813,623.9296575616373,622.0706536582269,622.0704989780774,0.0,0.17010772490050538,0.17015381694983786
154.70000000000002,623.5848183845585,622.4929516918422,623.2861376322222,623.2859683357016,100.0,0.17010772490050538,0.1701480480592285
154.8,622.237252699752,622.1111044631161,621.9433162154826,621.9431570752596,2.7916495134119543,0.17010772490050538,0.17015353165040648
154.9,623.4822681752783,624.7756765600234,623.2621719537347,623.2620195147109,100.0,0.17010772490050538,0.17014876828528913
155.0,622.1022177539882,623.1484744923339,621.9327286929813,621.9325985279654,1.5413793344846418,0.17010772490050538,0.17015462238416948
155.10000000000002,623.3482023035434,626.5138746662527,623.3260280196695,623.3259216489969,100.0,0.17010772490050538,0.17014983490194588
155.20000000000002,621.9281577977847,621.9570811253203,621.9034065086473,621.9033056956516,0.0,0.17010772490050538,0.1701554141537498
155.3,623.1753908196221,620.6790748257624,623.050019143357,623.0498781109382,100.0,0.17010772490050538,0.17015077522627253
155.4,622.214599993376,623.6557415316929,622.1533954487111,622.1532797489178,17.237383107368228,0.17010772490050538,0.17015483380747926
155.5,623.4597780667402,622.8620836054359,623.3804874194052,623.3803600817138,100.0,0.17010772490050538,0.1701483308585681
155.60000000000002,622.0530843942732,625.8103390721234,622.1326394058344,622.1325617139244,0.5325843622241315,0.17010772490050538,0.17015352936852804
155.70000000000002,623.2994214362253,624.4280378264452,623.4273526063173,623.4272767389259,100.0,0.17010772490050538,0.17014731141900896
155.8,621.8797267872975,622.512553069719,622.0233449861826,622.0232776519005,0.0,0.17010772490050538,0.17015235876255927
155.9,623.1273070552999,623.2709413666694,623.2742530121881,623.2741738169901,100.0,0.17010772490050538,0.17014709322017613
156.0,621.7615389346417,619.387406845167,621.795543721329,621.7954398367067,1.9830818323843182,0.17010772490050538,0.17015292511591154
156.10000000000002,623.0099663566692,622.1034697011947,623.0080633182985,623.0079328375563,100.0,0.17010772490050538,0.17014935424767455
156.20000000000002,622.0718306075258,620.4891248511509,621.9994767395701,621.9993343364345,18.045356212044204,0.17010772490050538,0.17015370467819518
156.3,623.3180331674778,624.772973858359,623.3154414412763,623.3153057873376,100.0,0.17010772490050538,0.17014849322212894
156.4,621.947741522639,621.2405503537358,621.9104719992985,621.9103346488921,1.8643062266807924,0.17010772490050538,0.17015390003846062
156.5,623.1948341144416,624.3251357689987,623.2117911591837,623.2116543564086,100.0,0.17010772490050538,0.17014935316506802
156.60000000000002,621.9213856668882,623.9143130514826,622.017861814181,622.0177550044586,5.4757492812983415,0.17010772490050538,0.17015472792309813
156.70000000000002,623.168667247797,625.8880929382027,623.3803403064908,623.3802506800284,100.0,0.17010772490050538,0.17014927630583646
156.8,621.7499100797498,624.3370372277918,622.0562462871595,622.0561883103239,0.0,0.17010772490050538,0.17015449393203882
156.9,622.9984208371851,623.772961605144,623.3268773326661,623.32681271896,100.0,0.17010772490050538,0.17014876967753645
157.0,621.6068816363813,621.2598480889365,621.8995445319667,621.8994749692808,0.9784299164254158,0.17010772490050538,0.17015424381898314
157.10000000000002,622.8564171004845,626.9788655297607,623.3142588359777,623.3142142542343,100.0,0.17010772490050538,0.1701497471694511
157.20000000000002,621.4398969981175,626.6678552059025,622.0925538586995,622.0925681420588,0.0,0.17010772490050538,0.17015542439732764
157.3,622.6906281621599,623.9748445145841,623.3699756270942,623.3699824250886,100.0,0.17010772490050538,0.1701493309369817
157.4,621.2752948520344,621.5770692091362,621.929020979298,621.9290225529753,0.0,0.17010772490050538,0.1701546218264971
157.5,622.5272039843601,622.9495506000247,623.170923819406,623.1709050837587,100.0,0.17010772490050538,0.17014986185581368
157.60000000000002,621.3303912630556,619.7102012679968,621.8692719147703,621.8692274810236,8.179948545397384,0.17010772490050538,0.17015494372073345
157.70000000000002,622.5819061744832,621.4674330147475,623.0510983281357,623.0510187770919,100.0,0.17010772490050538,0.17015061179174076
157.8,621.6234619978162,620.3552799835483,622.0122306286523,622.0121345740316,17.165625559848785,0.17010772490050538,0.17015469214664852
157.9,622.8728787001303,626.3622368191747,623.3951513631256,623.3950767995933,100.0,0.17010772490050538,0.1701492871471481
158.0,621.4562407212571,621.7969586161375,621.9623034626263,621.9622298529857,0.0,0.17010772490050538,0.17015439033745045
158.10000000000002,622.7068548857466,623.8274841626875,623.2398969199044,623.2398165014539,100.0,0.17010772490050538,0.17014939770134946
158.20000000000002,621.4103644690616,623.1236276163567,621.9854519570863,621.9853893957313,4.476992098729404,0.17010772490050538,0.1701547579565335
158.3,622.6613070304794,621.9295300885881,623.1811869871863,623.1810976576196,100.0,0.17010772490050538,0.17014955201413176
158.4,621.4658429922025,624.1127292055743,622.068471956664,622.0684120353823,8.266825469576265,0.17010772490050538,0.1701545679401939
158.5,622.716388414,621.9246218411982,623.2598944509682,623.2598092249473,100.0,0.17010772490050538,0.1701487426505447
158.60000000000002,621.3631379048315,619.3600541564139,621.7899317747539,621.7898209727689,2.343408233782288,0.17010772490050538,0.1701544513987273
158.70000000000002,622.6144184750357,623.1813090310033,623.0485659777102,623.048440064445,100.0,0.17010772490050538,0.17015077646872506
158.8,621.5355168009013,621.2030800246008,621.9303520603899,621.9302231221104,12.640991909982734,0.17010772490050538,0.17015579036617137
158.9,622.7855633596662,622.7686876396841,623.1644975564874,623.1643527693049,100.0,0.17010772490050538,0.17015090848181774
159.0,621.5727272438526,620.6907809529299,621.8912443474392,621.8910915695458,7.646512821731818,0.17010772490050538,0.1701560491586495
159.10000000000002,622.8225073276521,622.3482267633152,623.1094420856714,623.1092692542312,100.0,0.17010772490050538,0.1701514427669062
159.20000000000002,621.709287390893,620.9224234573477,621.9447384475893,621.9445612073046,11.405510910481613,0.17010772490050538,0.1701561810062192
159.3,622.958089234966,622.4078097859473,623.1628257753238,623.1626313910627,100.0,0.17010772490050538,0.17015115135125577
159.4,621.7725127992493,621.7578106338887,621.9624145784036,621.9622272209932,8.718940202987401,0.17010772490050538,0.170156061475026
159.5,623.0208615766443,623.950147361271,623.245219032472,623.2450320448619,100.0,0.17010772490050538,0.17015090769054803
159.60000000000002,621.6405403907944,621.2581009101108,621.8327824968818,621.8325972959005,1.406669442128905,0.17010772490050538,0.17015671313320507
159.70000000000002,622.889834756941,624.9495258094081,623.1644953577002,623.1643194627997,100.0,0.17010772490050538,0.1701524917578665
159.8,621.5692304133983,621.2245474147998,621.8111031216476,621.810928174453,3.618778700734044,0.17010772490050538,0.17015830732608717
159.9,622.8190355404844,623.7593409119346,623.0932727152195,623.093093080737,100.0,0.17010772490050538,0.1701540985403888
160.0,621.6479467508883,619.0079411243375,621.7923202658869,621.7921120863816,9.22668870165808,0.17010772490050538,0.17015915210070423
160.10000000000002,622.8971880614664,618.9231687360957,622.8697507626757,622.8694821468629,100.0,0.17010772490050538,0.1701550062692092
160.20000000000002,622.2837780357463,625.3155990149626,622.3845149588223,622.3842966749228,30.235985371597614,0.17010772490050538,0.17015736548436564
160.3,623.1910342705648,623.4854775013697,623.302452096314,623.3022396928595,87.30089822812629,0.17010772490050538,0.1701514640294466
160.4,622.0617012990231,621.234696017776,622.1285426742926,622.128329502423,10.898512185764986,0.17010772490050538,0.1701548279896664
160.5,623.3079765259091,626.9293935416804,623.5298333648315,623.5296544785075,100.0,0.17010772490050538,0.1701485173063639
160.60000000000002,621.8882205240418,623.4151654711383,622.1591453026159,622.1589882756024,0.0,0.17010772490050538,0.17015266520520794
160.70000000000002,623.1357398968657,620.6887219216667,623.2935266465546,623.2933394019451,100.0,0.17010772490050538,0.17014632755453887
160.8,621.8021054880907,624.0344158566897,622.0424236273003,622.0422683387764,3.1947071759283787,0.17010772490050538,0.170151837812905
160.9,623.0502421735267,621.4899422189525,623.2166481391934,623.2164684074204,100.0,0.17010772490050538,0.1701464766502618
161.0,621.7456101852483,620.1676618471865,621.8321842550849,621.8319939661827,4.263148339068,0.17010772490050538,0.17015234091891743
161.10000000000002,622.9941517560055,624.4911999582549,623.1444354959418,623.1442482351302,100.0,0.17010772490050538,0.17014854581689334
161.20000000000002,621.6971877834868,623.589122724884,621.9160275175818,621.9158700392135,4.53660622826763,0.17010772490050538,0.17015470667742083
161.3,622.9460763208567,625.4164827718565,623.2634836987992,623.2633396127616,100.0,0.17010772490050538,0.17015003951126811
161.4,621.528914115293,622.297542983075,621.8584326453741,621.8583010736869,0.0,0.17010772490050538,0.17015607753424095
161.5,622.779007954277,626.0393314611855,623.235223670883,623.2351109004493,100.0,0.17010772490050538,0.17015172014204002
161.60000000000002,621.3630420658056,621.9641327959754,621.817390640927,621.8172852787984,0.0,0.17010772490050538,0.17015781198385518
161.70000000000002,622.6143233218907,623.0049373060425,623.0671669627268,623.0670448649691,100.0,0.17010772490050538,0.17015360217233091
161.8,621.4995819489645,622.5643586170183,621.9714850366785,621.971376750428,11.292147109233778,0.17010772490050538,0.17015847850515234
161.9,622.749885815452,621.6496865768526,623.156009586825,623.1558722556813,100.0,0.17010772490050538,0.17015302135115074
162.0,621.5633783697282,623.2628109305306,622.0176106155495,622.0174963619783,8.627772382145572,0.17010772490050538,0.17015782165262958
162.10000000000002,622.8132254067817,623.896624050227,623.2954104645486,623.2952935100086,100.0,0.17010772490050538,0.17015207364655868
162.20000000000002,621.403488536974,619.2775339782563,621.7665704489102,621.7664265971779,0.24364683795461417,0.17010772490050538,0.17015762126824974
162.3,622.6544803140554,626.3884164376757,623.1627478733566,623.1626271098814,100.0,0.17010772490050538,0.17015382019798114
162.4,621.3262769762753,621.5361600316929,621.8137727918664,621.8136542379023,3.269376397886486,0.17010772490050538,0.17015959241358583
162.5,622.577821328459,624.8827043206489,623.1435836180585,623.1434711862396,100.0,0.17010772490050538,0.17015523877236782
162.60000000000002,621.3167486367518,625.3585218689062,622.0220887356523,622.0220278431382,5.775173857843168,0.17010772490050538,0.17016050611870692
162.70000000000002,622.5683611696326,620.0398939481422,623.1356523286529,623.1355414770674,100.0,0.17010772490050538,0.17015446440016585
162.8,621.454990811325,622.6400345381605,622.0408046361285,622.0407072426515,11.331363741725792,0.17010772490050538,0.17015872565362186
162.9,622.7056139237571,622.9639898016891,623.2777958973571,623.2776849422526,100.0,0.17010772490050538,0.17015271217890013
163.0,621.3471697336453,623.3109005456223,621.9699009149961,621.969812834213,2.145042988234561,0.17010772490050538,0.1701579423731684
163.10000000000002,622.5985645784289,622.9214253008912,623.2085869159068,623.2084832017371,100.0,0.17010772490050538,0.17015254893601658
163.20000000000002,621.287715809699,616.0514844790808,621.6403912542992,621.6402193169463,3.907451754388614,0.17010772490050538,0.17015796204175385
163.3,622.5395360752233,622.1497231515682,622.862547287722,622.8623478327911,100.0,0.17010772490050538,0.17015509650385147
163.4,621.8256217129066,623.692635883527,622.2096084835989,622.2094374853696,26.357047130438765,0.17010772490050538,0.17015829910781866
163.5,623.0209635119421,622.8853846387728,623.3843428092642,623.3841640069123,98.01940100871255,0.17010772490050538,0.17015143918737285
163.60000000000002,621.7072304211354,623.6342308234177,622.1300650381771,622.129913229172,3.9127326726235587,0.17010772490050538,0.17015561447917824
163.70000000000002,622.9560470035847,621.0745968681388,623.282293940513,623.282113295944,100.0,0.17010772490050538,0.17014921577136158
163.8,621.6993579864298,622.8334127166952,622.0533719271903,622.0532094200177,6.042074509189991,0.17010772490050538,0.17015394852751498
163.9,622.948230974631,623.2076837774712,623.3001055253206,623.2999357117467,100.0,0.17010772490050538,0.1701482997569708
164.0,621.6136740829027,622.6305259527448,621.9867965505771,621.9866425728371,3.10941931028265,0.17010772490050538,0.17015358699419716
164.10000000000002,622.8631608948982,627.0148807780283,623.3987294744295,623.3986054373921,100.0,0.17010772490050538,0.17014848435885588
164.20000000000002,621.4465925030783,620.4363411872954,621.9078418187017,621.9077055350127,0.0,0.17010772490050538,0.17015363794031013
164.3,622.6972757369099,623.3741874739288,623.1688500796157,623.1687043319458,100.0,0.17010772490050538,0.17014913652946886
164.4,621.5018926585691,620.175361598599,621.8896259452825,621.8894665594305,8.279563129708453,0.17010772490050538,0.17015428467470622
164.5,622.7521799804202,622.8698107066898,623.1300850480487,623.1299117121497,100.0,0.17010772490050538,0.1701498609247122
164.60000000000002,621.6271778286562,622.2813543330731,622.0103464057628,622.0101849585341,10.943131658433494,0.17010772490050538,0.17015468874152953
164.70000000000002,622.8765679142937,624.100267176709,623.2971656527811,623.2970053955861,100.0,0.17010772490050538,0.17014929904413917
164.8,621.5228596887697,620.0782018559488,621.8565634232115,621.8563890355307,2.36934369787269,0.17010772490050538,0.17015466439963725
164.9,622.77299688108,624.7881185907614,623.1802366034868,623.1800688036269,100.0,0.17010772490050538,0.17015045796558642
165.0,621.5199682693018,619.7689810003042,621.828296015441,621.8281106337221,6.130489067174601,0.17010772490050538,0.1701558332894273
165.10000000000002,622.7701261655917,624.1488139624068,623.1261788321174,623.1259935095668,100.0,0.17010772490050538,0.17015173120376548
165.20000000000002,621.6116737186181,623.6948298430335,622.0347246396474,622.0345696873945,9.68907225687909,0.17010772490050538,0.17015666635344953
165.3,622.8611748586972,624.1407311469566,623.3220596424809,623.3219067262901,100.0,0.17010772490050538,0.17015089863446362
165.4,621.4738252950259,622.820348186067,621.9644095339568,621.9642746544337,1.0991095332952767,0.17010772490050538,0.17015618030194282
165.5,622.7243135697615,620.1723186606229,623.0864559130474,623.0862779912713,100.0,0.17010772490050538,0.17015099933471953
165.60000000000002,621.7571707843333,623.4732879318206,622.1710610463351,622.1709078902229,16.87663446735908,0.17010772490050538,0.170154831940058
165.70000000000002,623.0056295100561,621.0141016675008,623.3186907792631,623.3185093975204,100.0,0.17010772490050538,0.1701481937169039
165.8,621.6422336091188,620.9727431784311,621.9066459578115,621.9064620257725,2.0395431725633806,0.17010772490050538,0.17015356890486383
165.9,622.8915158459904,618.6064358673209,622.9649554872501,622.9647151224957,100.0,0.17010772490050538,0.17014908369915818
166.0,622.1169209541458,622.9822323676615,622.2208576591454,622.2206376760312,24.16825639143087,0.17010772490050538,0.17015253242542555
166.10000000000002,623.3176401956965,622.569668305714,623.38878406691,623.3885564421829,98.30039817465997,0.17010772490050538,0.1701460846481852
166.20000000000002,621.9668974883944,620.7384683048645,621.977619449375,621.9773883930252,2.599924927284672,0.17010772490050538,0.17015101223081527
166.3,623.2138527083688,623.2243852325736,623.2288078677335,623.2285717757378,100.0,0.17010772490050538,0.1701462289786504
166.4,621.9585166056123,627.3157943023249,622.1962274879991,622.1960616907116,6.162540170572697,0.17010772490050538,0.170151634404417
166.5,623.2055319279344,624.0823693010556,623.4730972126022,623.4729346939832,100.0,0.17010772490050538,0.17014511129335783
166.60000000000002,621.786510490303,623.3983764869153,622.1044997195096,622.1043582784862,0.0,0.17010772490050538,0.17015002144751862
166.70000000000002,623.034758948388,625.0306531131363,623.426231285745,623.4260991299317,100.0,0.17010772490050538,0.17014435850954585
166.8,621.6169614388375,622.534229912207,622.0232009437577,622.0230800112736,0.0,0.17010772490050538,0.1701496994849957
166.9,622.8664247041529,625.4124961330363,623.3651898422604,623.3650794885552,100.0,0.17010772490050538,0.17014469192977852
167.0,621.4498329411763,621.3843296174296,621.9162751396257,621.9161637523379,0.0,0.17010772490050538,0.17015046744920892
167.10000000000002,622.7004929777233,624.271716314877,623.2150356761292,623.2149222407297,100.0,0.17010772490050538,0.17014620685655996
167.20000000000002,621.3978329818569,619.4710196213434,621.8005132395136,621.8003783636012,4.24308760715622,0.17010772490050538,0.17015211307215647
167.3,622.6488652386722,620.4560860097533,622.9427290127984,622.9425525370631,100.0,0.17010772490050538,0.17014858260921
167.4,621.8905903218598,622.0543482807595,622.1742810091702,622.174111353825,24.71701331134573,0.17010772490050538,0.17015213644977376
167.5,623.1380927042871,622.5244476701022,623.3859819550845,623.3858007660275,100.0,0.17010772490050538,0.17014573359182894
167.60000000000002,621.8040186185292,621.4523029356449,622.0200931056565,622.0199138542945,3.178794705045622,0.17010772490050538,0.17015059714837813
167.70000000000002,623.0521415917418,627.1984456332067,623.4381865808233,623.4380380603891,100.0,0.17010772490050538,0.17014552733739505
167.8,621.6342195338246,624.827866378005,622.1321065909056,622.1319946455827,0.0,0.17010772490050538,0.1701506643320699
167.9,622.8835591784538,619.4021640013015,623.2131111387214,623.2129555351887,100.0,0.17010772490050538,0.17014472706694028
168.0,621.7988192085465,624.9614638449389,622.2428381672621,622.2427195765245,12.49381269398792,0.17010772490050538,0.17014909576883377
168.10000000000002,623.0469794479418,619.6121042763773,623.3272972028177,623.3271409518235,100.0,0.17010772490050538,0.17014245893756044
168.20000000000002,621.7162469400423,618.5855533021539,621.8449786267639,621.8447953936342,3.2799775465812075,0.17010772490050538,0.170148066041731
168.3,622.9649989175361,623.4337860383024,623.1116288535887,623.1114374460881,100.0,0.17010772490050538,0.17014458492460047
168.4,621.807107890108,622.4768615135181,621.9709784092335,621.9708020718742,9.762741805597827,0.17010772490050538,0.17015030507128712
168.5,623.0552087210007,619.7618932760902,623.0752459468657,623.0750289261464,100.0,0.17010772490050538,0.17014564059646853
168.60000000000002,622.0823665120365,623.5717513020141,622.1613946603849,622.1612039076225,16.751387203744187,0.17010772490050538,0.17015010156247312
168.70000000000002,623.3284934854787,621.9992177661384,623.3513961818439,623.3511903805877,100.0,0.17010772490050538,0.17014399414817424
168.8,621.9717196137045,622.35395728729,622.0050608275503,622.0048685191081,2.375871699423282,0.17010772490050538,0.1701494550788336
168.9,623.2186402516859,625.1059006453911,623.3349078539876,623.3347264550318,100.0,0.17010772490050538,0.1701446109624648
169.0,621.7995248371406,619.2163831709837,621.7952939260238,621.7950921995505,0.0,0.17010772490050538,0.17015062639404602
169.10000000000002,623.0476800190618,623.4525939162553,623.065199983458,623.0649903205426,100.0,0.17010772490050538,0.17014727986897055
169.20000000000002,622.038624505959,620.5585587202025,621.9888534718758,621.9886375764206,15.386467150834108,0.17010772490050538,0.17015194012003487
169.3,623.2850652746574,619.9417766858105,623.0998873077456,623.0996336144373,100.0,0.17010772490050538,0.1701469809922568
169.4,622.3581032708594,624.0755603032462,622.2519152756508,622.2516945852858,18.540152779361705,0.17010772490050538,0.17015075680888744
169.5,623.6022510845305,625.4904304391323,623.5859127885669,623.5857113575361,100.0,0.17010772490050538,0.17014389078653033
169.60000000000002,622.1803835898053,622.8547955757546,622.188621824324,622.1884350972623,0.0,0.17010772490050538,0.17014805570323666
169.70000000000002,623.4258072395407,623.8317650483,623.4552100784682,623.4550249064722,100.0,0.17010772490050538,0.17014193636341773
169.8,622.0052060295301,619.0121479907924,621.9009639356515,621.9007569634684,0.0,0.17010772490050538,0.1701472895475764
169.9,623.2518865030225,623.9345058414641,623.1861408013208,623.1859324144675,100.0,0.17010772490050538,0.17014345371130474
170.0,622.0960638667419,622.3229393246289,622.0392254182077,622.03903035291,9.917999576500058,0.17010772490050538,0.17014868122092533
170.10000000000002,623.3420925687578,622.5286681463186,623.257781848448,623.2575748527593,100.0,0.17010772490050538,0.17014364936184578
170.20000000000002,622.075339083307,626.9140024604591,622.1965949625154,622.1964491031416,5.767464899869196,0.17010772490050538,0.1701491627668738
170.3,623.3215164731148,624.4940942654405,623.4909559215461,623.4908156229253,100.0,0.17010772490050538,0.17014287506838682
170.4,621.9016633656477,621.6645310445567,622.0477405198028,622.0476017526358,0.0,0.17010772490050538,0.17014786397987428
170.5,623.1490863574401,623.9216848674628,623.3251167620954,623.3249758171114,100.0,0.17010772490050538,0.17014284510223593
170.60000000000002,621.7678043814851,623.8432605228801,622.0186294464182,622.0185146808531,1.4050941810301083,0.17010772490050538,0.1701488166908877
170.70000000000002,623.0161869023048,621.1180715798561,623.1782156232664,623.1780717726647,100.0,0.17010772490050538,0.17014392933770212
170.8,621.8654623573227,623.6000875594581,622.0892799857322,622.0891595771644,10.046258940954655,0.17010772490050538,0.17014914477886683
170.9,623.1131448890346,619.743491227724,623.1869171163586,623.1867568947231,100.0,0.17010772490050538,0.17014368315106168
171.0,621.9664140692447,621.3233747187396,622.005235311037,622.0050756785206,10.222722277519331,0.17010772490050538,0.17014881962733613
171.10000000000002,623.2133727560401,620.0759905884215,623.1211670734326,623.1209708133175,100.0,0.17010772490050538,0.17014403520396373
171.20000000000002,622.151109444662,621.7271063377478,622.0417621843164,622.0415722279549,13.428712954037515,0.17010772490050538,0.17014898223895925
171.3,623.3967431764943,623.2229198089606,623.2897176111132,623.2895217472295,100.0,0.17010772490050538,0.17014390182518305
171.4,622.0523163078749,625.7998341222508,622.1053086641654,622.1051627854449,2.8589783390864625,0.17010772490050538,0.1701497440480268
171.5,623.2986588597574,625.611672523987,623.451709215579,623.4515780305403,100.0,0.17010772490050538,0.17014410168360716
171.60000000000002,621.8789696795694,622.0357585810318,622.0262210052882,622.0260953222833,0.0,0.17010772490050538,0.17014927252389803
171.70000000000002,623.1265553755098,624.1291792734743,623.3134850897933,623.3133583264895,100.0,0.17010772490050538,0.1701442829869796
171.8,621.7319936894942,622.6876202402718,621.9455110081722,621.9453984446467,0.8992352219091941,0.17010772490050538,0.17015030872833944
171.9,622.9806328339349,623.3768128949481,623.2047688756517,623.204646267408,100.0,0.17010772490050538,0.17014583897215083
172.0,621.7013305804269,622.9182612983161,621.9617272194488,621.961621611348,5.197657563811404,0.17010772490050538,0.17015166316067032
172.10000000000002,622.9501894351963,622.7202932138553,623.1922637279573,623.1921416499067,100.0,0.17010772490050538,0.1701469382083033
172.20000000000002,621.6780466019317,621.8277971125865,621.9101361341343,621.9100191038318,5.4588924416254905,0.17010772490050538,0.17015269841140304
172.3,622.9270722778847,621.3493703826882,623.0849217264126,623.0847737551073,100.0,0.17010772490050538,0.17014826984498124
172.4,621.8560703209158,623.3556354850026,622.0661951250288,622.0660697190312,13.02257668053226,0.17010772490050538,0.1701531690522491
172.5,623.1038201827226,620.5681711545889,623.200044481476,623.1998839176134,100.0,0.17010772490050538,0.17014749667292714
172.60000000000002,621.8883817921868,618.545398030342,621.833488255578,621.8332969906711,7.634397845254885,0.17010772490050538,0.1701526969496833
172.70000000000002,623.1359000087942,621.134916788583,623.002942614206,623.0027200497311,100.0,0.17010772490050538,0.17014885751156583
172.8,622.223134760989,622.4173983059525,622.1018596553216,622.1016515735782,19.0341676988186,0.17010772490050538,0.17015309249977792
172.9,623.4682515745168,621.9264319237262,623.29170872286,623.29148375131,100.0,0.17010772490050538,0.17014715416293272
173.0,622.1104674953314,618.7879246609298,621.796664182938,621.7964147103311,2.3755896288106797,0.17010772490050538,0.17015276719770386
173.10000000000002,623.3563928537798,623.6303641892191,623.0740625306898,623.0738095490932,100.0,0.17010772490050538,0.1701492040760093
173.20000000000002,622.2532134184994,626.9172860942975,622.1793773839131,622.1791944858801,11.927451796114148,0.17010772490050538,0.17015432208706088
173.3,623.4981143226993,624.1453919346627,623.4597601936388,623.4595822357705,100.0,0.17010772490050538,0.17014766936316833
173.4,622.076994279261,619.9732599664346,621.9461622746925,621.94596893789,0.0,0.17010772490050538,0.17015243508968075
173.5,623.3231597944277,625.3315287439523,623.2885160155664,623.2883362859878,100.0,0.17010772490050538,0.17014775588636458
173.60000000000002,621.9244831757129,622.1955178611554,621.8982490054523,621.898081498777,0.7974210038066047,0.17010772490050538,0.1701536591361918
173.70000000000002,623.1717425463004,625.5943466060024,623.2541480082315,623.2539954355022,100.0,0.17010772490050538,0.17014922957154408
173.8,621.80715693237,621.250341220021,621.8570997942329,621.8569471465304,2.039573277338725,0.17010772490050538,0.1701549982448344
173.9,623.055257411751,620.6219848579548,623.0035735781545,623.0033817621161,100.0,0.17010772490050538,0.17015075533105092
174.0,622.2047228322192,616.2144988944392,621.8979121128725,621.8976603705161,21.354453316970517,0.17010772490050538,0.1701543254188031
174.10000000000002,623.4499717984482,622.4557534381252,623.1203530329633,623.1200877086477,100.0,0.17010772490050538,0.1701498348316082
174.20000000000002,622.4292942066737,622.8651979194341,622.1309803061503,622.1307369406629,15.057703183473535,0.17010772490050538,0.1701538948256144
174.3,623.6729307273387,624.172701399789,623.4149168437633,623.4146810070275,100.0,0.17010772490050538,0.1701476556482905
174.4,622.2611270161823,625.4330658285156,622.1458825556517,622.1456961302985,0.39785068338235163,0.17010772490050538,0.1701526844157315
174.5,623.5059711116254,623.3346511632373,623.3934427479477,623.3932529021919,100.0,0.17010772490050538,0.17014644704453666
174.60000000000002,622.1428029396825,623.6223956830192,622.0940509891102,622.0938872469316,2.183146743353092,0.17010772490050538,0.1701513894061596
174.70000000000002,623.3884962782173,624.5263451450058,623.3948523814838,623.3946946298263,100.0,0.17010772490050538,0.1701456749753183
174.8,621.9925678864475,623.8286919120594,622.0718740631859,622.0717432187951,0.9184887953396128,0.17010772490050538,0.17015094056202987
174.9,623.2393390039184,625.7702244547262,623.4266700641268,623.4265548859245,100.0,0.17010772490050538,0.1701454395289269
175.0,621.8200751861186,618.9541974233313,621.8713702372279,621.8712271264235,0.0,0.17010772490050538,0.17015067282172086
175.10000000000002,623.0680830714949,624.843080306653,623.1966488475902,623.1965100640534,100.0,0.17010772490050538,0.17014673741694783
175.20000000000002,621.8692350106521,623.6132991760161,622.0614785425631,622.0613644983321,8.249132607609052,0.17010772490050538,0.17015191038840677
175.3,623.1168904961683,622.0283912983338,623.2576597283822,623.2575247614052,100.0,0.17010772490050538,0.1701463955447895
175.4,621.8575717227586,619.85659823667,621.9019413543006,621.901789491023,5.986487482914555,0.17010772490050538,0.17015159963967044
175.5,623.1053108213878,623.9740623261514,623.1887521206038,623.1885972905567,100.0,0.17010772490050538,0.17014734022192016
175.60000000000002,621.8512292927353,621.3473299317322,621.9047889974156,621.9046352234242,6.180466837815661,0.17010772490050538,0.17015294056810779
175.70000000000002,623.0990138582952,625.0879798755902,623.2388304954642,623.2386855123639,100.0,0.17010772490050538,0.17014852998442545
175.8,621.7036392664063,621.9233883034797,621.8410754493683,621.8409385508105,0.8612127153800841,0.17010772490050538,0.1701547251317595
175.9,622.9524815795579,620.8010873058618,622.995958018175,622.9957828445831,100.0,0.17010772490050538,0.1701506314452642
176.0,622.0485683392408,618.3844777601537,621.9309546957095,621.930744409176,19.31780930784677,0.17010772490050538,0.17015469022429158
176.10000000000002,623.294937777273,620.6652355610307,623.0756170407551,623.0753728554901,100.0,0.17010772490050538,0.17014991043620584
176.20000000000002,622.3440681449011,622.832500913899,622.153075904277,622.1528518948065,17.643052393332507,0.17010772490050538,0.17015377392620537
176.3,623.5883167440236,626.0736417684152,623.5167613836542,623.5165630492227,100.0,0.17010772490050538,0.17014737649033523
176.4,622.1665492798302,624.8263718768736,622.2067337668354,622.2065737343038,0.0,0.17010772490050538,0.1701517345214213
176.5,623.4120722123275,623.0268937437673,623.4381980138833,623.4380312494114,100.0,0.17010772490050538,0.17014512097104462
176.60000000000002,621.9915695422804,620.8946867622602,621.9648513997973,621.9646799928364,0.0,0.17010772490050538,0.1701502971866917
176.70000000000002,623.2383478199619,623.646755828031,623.2346330872612,623.2344574667468,100.0,0.17010772490050538,0.17014568048437867
176.8,621.971945273966,623.0143142966728,622.008370846484,622.0082152369802,5.752665691627403,0.17010772490050538,0.17015117796387336
176.9,623.2188642936051,622.9885929240096,623.2480116538712,623.247845572022,100.0,0.17010772490050538,0.1701461419857573
177.0,621.8960466176362,624.2723817985345,622.0202451479494,622.0201131574843,3.6242236067272273,0.17010772490050538,0.17015192980930308
177.10000000000002,623.1435098803227,622.0749017086832,623.2204425073303,623.2202901348479,100.0,0.17010772490050538,0.1701467299415708
177.20000000000002,621.8357635624658,622.4893021417281,621.9321730797988,621.9320347039755,4.171100609719947,0.17010772490050538,0.17015255947945387
177.3,623.0836589929346,621.6472576263967,623.1185375831269,623.1183728780356,100.0,0.17010772490050538,0.17014797527406042
177.4,621.9255792778766,624.1181119006554,622.0479789553251,622.0478470216743,9.787650459703258,0.17010772490050538,0.17015331048147628
177.5,623.1728307889365,622.7421291509002,623.2751805265577,623.2750350405518,100.0,0.17010772490050538,0.17014776443744103
177.60000000000002,621.8020941936599,621.4488592438418,621.8796319086816,621.8794882735546,1.8083749743724375,0.17010772490050538,0.1701535609357281
177.70000000000002,623.0502309600477,623.5018220673837,623.1474625353362,623.1473105788401,100.0,0.17010772490050538,0.17014928358796041
177.8,621.8105766732059,624.3450667932319,622.0065089878043,622.0063933522296,6.708576477189283,0.17010772490050538,0.17015490386514337
177.9,623.0586526413538,623.6590022906055,623.2747522826844,623.27463094456,100.0,0.17010772490050538,0.17014952254090646
178.0,621.6662548224357,624.3868396230686,621.982567091709,621.9824814498338,0.9623577833018935,0.17010772490050538,0.17015532643104594
178.10000000000002,622.9153649770785,625.9958112834295,623.3513711857464,623.3513027561393,100.0,0.17010772490050538,0.17015008799524703
178.20000000000002,621.4984227360698,623.3400070106273,621.9863085180281,621.9862598556288,0.0,0.17010772490050538,0.17015544876563346
178.3,622.7487349024498,620.427730934404,623.118134297692,623.118042057429,100.0,0.17010772490050538,0.17015016951436546
178.4,621.6468506164717,619.7509346351786,621.9135660297605,621.9134517109045,11.812240253756269,0.17010772490050538,0.1701548798130587
178.5,622.89609977931,620.5870475625013,623.0557628270083,623.0556085194463,100.0,0.17010772490050538,0.1701502145176178
178.60000000000002,621.9182031738142,621.3235218437829,622.04131139279,622.0411558546176,16.518237250786438,0.17010772490050538,0.1701544310947749
178.70000000000002,623.165507574167,625.8418555818473,623.4006644043847,623.4005280767417,100.0,0.17010772490050538,0.17014882836845355
178.8,621.7467730551211,623.2144723723364,622.0278264960077,622.027710475751,0.0,0.17010772490050538,0.17015393408659332
178.9,622.9953062927226,624.8415009269203,623.3453040726647,623.3451946741328,100.0,0.17010772490050538,0.17014848256653958
179.0,621.577791437751,620.6648761616945,621.866776205815,621.8666572246168,0.0,0.17010772490050538,0.1701540447870132
179.10000000000002,622.8275352527274,622.0505934468137,623.073526009405,623.0733820087783,100.0,0.17010772490050538,0.17014981928112663
179.20000000000002,621.8360640891219,620.4331326263018,622.0068148245767,622.0066588402069,15.98886849016111,0.17010772490050538,0.1701540467612174
179.3,623.0839573653444,624.8306978550606,623.3248716181729,623.3247238684445,100.0,0.17010772490050538,0.17014874606047248
179.4,621.7230779366257,624.0070393720886,622.0445180430105,622.044400944184,2.1553741935184085,0.17010772490050538,0.1701539966883135
179.5,622.9717809674852,619.2479797524032,623.1232952411694,623.123128169976,100.0,0.17010772490050538,0.17014841093268243
179.60000000000002,622.0124261167999,620.1047917385397,622.0720151333074,622.0718335015905,17.236471796056495,0.17010772490050538,0.17015213709311977
179.70000000000002,623.2590548042215,623.5524875911614,623.3324906178684,623.3323063161464,100.0,0.17010772490050538,0.1701465199665529
179.8,621.9384042870098,620.2678806356332,621.9326084585832,621.9324137979908,3.7166314569553833,0.17010772490050538,0.17015160642121172
179.9,623.185563834993,627.7821280345269,623.3798486524066,623.3796911914832,100.0,0.17010772490050538,0.17014711121781093
180.0,621.7666855455694,619.9639926645331,621.869806770888,621.8696341628875,0.0,0.17010772490050538,0.17015254180902298
180.10000000000002,623.0150760845767,622.8069043591615,623.1085703512553,623.1083835024251,100.0,0.17010772490050538,0.17014843839344343
180.20000000000002,622.0021833455157,622.4061847002321,622.1047419438206,622.1045678514232,15.233255406554449,0.17010772490050538,0.17015268646826615
180.3,623.2488854988256,620.22973564937,623.222293249746,623.2220842109992,100.0,0.17010772490050538,0.17014676488781352
180.4,622.1276096097614,625.2267821590913,622.2302583503885,622.2300935449389,11.217358407433572,0.17010772490050538,0.17015112965225068
180.5,623.3734119698062,623.3430881539142,623.474006519922,623.473838504156,100.0,0.17010772490050538,0.17014439368795406
180.60000000000002,621.9531866370907,622.6694057360274,622.0743631894167,622.0742086964152,0.0,0.17010772490050538,0.1701493660975174
180.70000000000002,623.2002401816478,620.779469354663,623.2167946502128,623.2166108938965,100.0,0.17010772490050538,0.17014399797453808
180.8,622.0310940067417,622.3126327893526,622.0547668554395,622.0545949133425,9.402625787707855,0.17010772490050538,0.17014904423943253
180.9,623.2775887927768,625.4123898249075,623.3951908826253,623.3950321469363,100.0,0.17010772490050538,0.1701438578189712
181.0,621.8580507087636,621.8897912544004,621.9662889158408,621.9661364763881,0.0,0.17010772490050538,0.1701494846665716
181.10000000000002,623.105786373649,621.876028987691,623.1606959661729,623.1605218507589,100.0,0.17010772490050538,0.1701449351395533
181.20000000000002,621.967053044529,625.2905227248682,622.1566551902876,622.1565243482072,10.521722132736784,0.17010772490050538,0.17015009018794777
181.3,623.2140071489378,619.6781890906863,623.2481847640096,623.2480147739581,100.0,0.17010772490050538,0.17014401982707864
181.4,621.9726683439924,626.0617012817778,622.1747651794514,622.1746457559669,6.689370335371514,0.17010772490050538,0.1701493812442143
181.5,623.2195821780631,622.975781230609,623.4056360233898,623.4055071589993,100.0,0.17010772490050538,0.17014324001763848
181.60000000000002,621.8004600104443,623.0809836590811,622.0268754951009,622.0267635393569,0.0,0.17010772490050538,0.17014884629836385
181.70000000000002,623.0486084896496,623.0276099565085,623.2672608646104,623.2671371184521,100.0,0.17010772490050538,0.17014389273546926
181.8,621.6964359134806,623.0059776946033,621.955306138321,621.9551999401184,2.473521941968823,0.17010772490050538,0.1701499861810189
181.9,622.9453298378559,625.2028698007798,623.2917364142735,623.2916372611674,100.0,0.17010772490050538,0.1701454722686585
182.0,621.5281729791197,621.3725504575683,621.8459516932318,621.8458517628226,0.0,0.17010772490050538,0.1701517341487466
182.10000000000002,622.7782721251318,624.2234497968304,623.1461357962717,623.146031803805,100.0,0.17010772490050538,0.1701478911877049
182.20000000000002,621.5396036047484,618.4857299119143,621.75514325746,621.7550051912202,6.672349972430773,0.17010772490050538,0.17015366289001344
182.3,622.7896208983714,621.7249107451081,622.953560959263,622.9533928252124,100.0,0.17010772490050538,0.17015033119475373
182.4,621.9601386856683,619.4543102154432,622.0065505759632,622.0063593376343,22.075086509759586,0.17010772490050538,0.17015417657995197
182.5,623.2071423756016,624.5531318525645,623.3128164014661,623.3126323275304,100.0,0.17010772490050538,0.17014886565923448
182.60000000000002,621.87998468879,623.0282873545209,622.0246878124261,622.024524631131,3.4577240781387175,0.17010772490050538,0.17015392969038842
182.70000000000002,623.1275631078141,622.7202665359644,623.2521109498637,623.251935051335,100.0,0.17010772490050538,0.17014850306373688
182.8,621.8598340379581,620.7386331824774,621.9261690067258,621.9259874529345,5.672845776937546,0.17010772490050538,0.17015361120846323
182.9,623.1075569185052,622.9960239964322,623.1701891950484,623.1699968573976,100.0,0.17010772490050538,0.1701489720067156
183.0,621.9161646145008,619.6267909509497,621.8742291760279,621.8740191458566,8.540379969586969,0.17010772490050538,0.17015407254337217
183.10000000000002,623.1634836318134,624.3219844480193,623.1772058570156,623.1769993497373,100.0,0.17010772490050538,0.1701497878438621
183.20000000000002,621.911842731888,619.018240938591,621.7975104872254,621.7972797162885,6.288016012926633,0.17010772490050538,0.170155218874007
183.3,623.1591927377978,624.1200466318546,623.0956916924471,623.0954621758511,100.0,0.17010772490050538,0.1701514126857336
183.4,622.0407226555416,620.31267713739,621.9030110474719,621.9027726807351,11.298742777944877,0.17010772490050538,0.17015628136542968
183.5,623.2871483736669,625.4406707312513,623.2521392920152,623.2519191923967,100.0,0.17010772490050538,0.1701515628962115
183.60000000000002,621.8889229890565,620.6781817189373,621.7993282139702,621.799104338045,0.8046833162930405,0.17010772490050538,0.170157376156599
183.70000000000002,623.136437325533,621.6725503423398,622.9933350598546,622.9930847377968,100.0,0.17010772490050538,0.17015334792395945
183.8,622.2360014049518,622.7063322263188,622.1168657166218,622.1166350809615,19.49832802052344,0.17010772490050538,0.17015712839481703
183.9,623.4810258624208,619.9025458681671,623.219903348951,623.2196341551422,100.0,0.17010772490050538,0.1701506856879126
184.0,622.3196606540669,624.216889017391,622.1481170321374,622.1478866202638,9.771290411148048,0.17010772490050538,0.17015498843704238
184.10000000000002,623.5640845104298,622.1778837902201,623.3463730043936,623.3461295498141,100.0,0.17010772490050538,0.17014851201332487
184.20000000000002,622.1936620083092,622.1333973772245,621.979415422626,621.9791853924437,1.9258279233411102,0.17010772490050538,0.17015366864371914
184.3,623.4389903602303,623.3702000177518,623.2367161186738,623.236482522125,100.0,0.17010772490050538,0.17014861540214143
184.4,622.1136185235096,622.3973901656136,621.9288333089766,621.9286168658551,3.5875247102509853,0.17010772490050538,0.1701542592548262
184.5,623.3595212731884,621.8986168394456,623.1260524381516,623.1258154882149,100.0,0.17010772490050538,0.1701495373658204
184.60000000000002,622.2176691611224,624.6274186494975,622.0942764253102,622.0940821376913,10.472845936947877,0.17010772490050538,0.17015452432119224
184.70000000000002,623.4628252051876,622.4459112475494,623.3065922047589,623.3063850464174,100.0,0.17010772490050538,0.17014850604017281
184.8,622.095003773369,620.6287527737694,621.8794141865186,621.8792018825151,1.9963673684364558,0.17010772490050538,0.1701539527146032
184.9,623.341040081171,625.4896317791575,623.2317910224075,623.231594648412,100.0,0.17010772490050538,0.17014963978297576
185.0,621.9309293769717,621.7710557677086,621.8154129297114,621.815225627784,0.3719254662055498,0.17010772490050538,0.17015588264494963
185.10000000000002,623.1781425250763,627.6876965695627,623.2644303938864,623.264282077514,100.0,0.17010772490050538,0.17015187470254825
185.20000000000002,621.7593174353849,622.4980184455744,621.8678581501093,621.8677252384323,0.0,0.17010772490050538,0.17015772863848003
185.3,623.007760777513,626.3616691489814,623.2578912914624,623.2577821294997,100.0,0.17010772490050538,0.1701531396674017
185.4,621.5901566977806,621.0836665343965,621.801494238871,621.8013807398279,0.0,0.17010772490050538,0.1701589213741748
185.5,622.8398119523906,622.3153134999407,623.0227287594934,623.0225904823221,100.0,0.17010772490050538,0.17015472665315515
185.60000000000002,621.8383248518578,622.1574351947688,622.0223178902072,622.0221880631141,15.615230091310487,0.17010772490050538,0.17015894644847807
185.70000000000002,623.086201922326,621.3282958419858,623.1906619344843,623.1905012989504,100.0,0.17010772490050538,0.17015305392459232
185.8,621.8893375763965,624.2688657280363,622.0856978063446,622.0855735513135,8.328677969829393,0.17010772490050538,0.17015764767066452
185.9,623.1368489404691,627.1219225945599,623.4972940527575,623.497203742119,100.0,0.17010772490050538,0.1701513935139589
186.0,621.7183198394516,621.0494672421322,622.0276085716575,622.0275090800446,0.0,0.17010772490050538,0.17015551245004853
186.10000000000002,622.9670569639708,626.0499601246125,623.3964889818307,623.3964085942308,100.0,0.17010772490050538,0.17014991025169074
186.20000000000002,621.5497444749158,622.3487203753967,621.9870396952213,621.9869670154254,0.0,0.17010772490050538,0.17015494319618232
186.3,622.7996891491333,619.9352710964648,623.0978865260407,623.0977666239065,100.0,0.17010772490050538,0.1701497072729495
186.4,621.7816022227146,622.0453730099509,622.0727675421306,622.0726532049483,14.979678559855902,0.17010772490050538,0.17015396637972607
186.5,623.029885858152,622.7746519509005,623.3001268712171,623.2999987808423,100.0,0.17010772490050538,0.17014816652888243
186.60000000000002,621.6982590866694,621.5218319152241,621.9430452643503,621.942918210497,3.241711991530437,0.17010772490050538,0.17015343894861892
186.70000000000002,622.947139948332,622.7923629681401,623.1775701554033,623.177427869988,100.0,0.17010772490050538,0.17014868635790345
186.8,621.7421467895653,623.6348259703786,622.0375205609568,622.037404547646,7.985240865674953,0.17010772490050538,0.17015387163846596
186.9,622.9907131789087,624.6485250036684,623.3463122716275,623.3462010293122,100.0,0.17010772490050538,0.1701483516827756
187.0,621.5732312283468,620.6186395285258,621.865768265872,621.8656470213476,0.0,0.17010772490050538,0.17015391882295322
187.10000000000002,622.8230077027306,622.3758095629298,623.0863983368486,623.0862556065061,100.0,0.17010772490050538,0.17014971321991973
187.20000000000002,621.7745407917948,621.1733298656449,621.9957297906132,621.9955840689736,13.842618304410959,0.17010772490050538,0.17015429347205266
187.3,623.0228750351766,624.7469333812111,623.3107722880455,623.3106333593638,100.0,0.17010772490050538,0.17014905403269084
187.4,621.6478044882743,620.1400954381943,621.8526093057014,621.8524560242656,1.604819563821497,0.17010772490050538,0.17015449582793998
187.5,622.8970468179656,622.1768195306364,623.0654274083978,623.0652517227509,100.0,0.17010772490050538,0.17015033584252834
187.60000000000002,621.9286058273591,620.8102231511037,622.0377618205247,622.0375797773988,16.87435428935271,0.17010772490050538,0.17015439375782504
187.70000000000002,623.1758356365931,623.794698744864,623.3102309947868,623.31004837697,100.0,0.17010772490050538,0.17014882210034984
187.8,621.7807825188819,622.5161657712471,621.9349935478017,621.9348267412923,0.8940345110758834,0.17010772490050538,0.17015443672044192
187.9,623.0290720290452,622.569740066265,623.1604489784428,623.1602663255206,100.0,0.17010772490050538,0.17014965003455146
188.0,621.8364047488443,622.5224711924067,621.9863490467316,621.9861820095717,8.471222122918785,0.17010772490050538,0.17015477384635141
188.10000000000002,623.0842955831346,623.1570520839529,623.2342424758191,623.2340666843925,100.0,0.17010772490050538,0.17014956028442477
188.20000000000002,621.7391142066401,622.454042224435,621.9074115010143,621.9072511077054,2.746260348865704,0.17010772490050538,0.17015530432178302
188.3,622.9877023271359,620.4146657602312,623.0425816567993,623.04238130737,100.0,0.17010772490050538,0.17015064569438126
188.4,622.0046298032102,620.6208288340017,621.9945557172255,621.9943481938787,16.348153103866924,0.17010772490050538,0.17015495685832535
188.5,623.2513144096301,621.0959050893383,623.1543892217968,623.154153474281,100.0,0.17010772490050538,0.17014966293109232
188.60000000000002,622.1152748722947,620.6868649104015,621.9584722055886,621.9582326227527,10.662383286310888,0.17010772490050538,0.17015438208501824
188.70000000000002,623.3611657374978,624.977140863989,623.285146419117,623.2849201472668,100.0,0.17010772490050538,0.17014942093991786
188.8,621.9678783618116,622.5899965889134,621.9172625320164,621.9170555598652,1.010504898513073,0.17010772490050538,0.17015514606211896
188.9,623.214826547474,623.7803803345114,623.1950792487876,623.1948708895028,100.0,0.17010772490050538,0.17015042741902
189.0,621.9327953854468,624.7791136211158,622.0306437709507,622.030480256219,5.158134265156445,0.17010772490050538,0.17015589221815208
189.10000000000002,623.1799951531474,621.6312086456679,623.2114582064245,623.2112702750369,100.0,0.17010772490050538,0.1701502305718615
189.20000000000002,621.8999834465349,620.4468820864092,621.8636771131266,621.863480727507,5.2247366675153515,0.17010772490050538,0.17015557525737782
189.3,623.1474184830731,622.2875080229018,623.0806553593999,623.080439918217,100.0,0.17010772490050538,0.1701512265410321
189.4,622.0442655454043,623.5280192796373,622.0400940373522,622.0399079883811,11.872026015418147,0.17010772490050538,0.17015611028480648
189.5,623.2906658492121,625.3945869575966,623.3804862626293,623.3803171190192,100.0,0.17010772490050538,0.17015035519275615
189.60000000000002,621.8710339892248,620.872582405601,621.9090523965114,621.9088780610896,0.0,0.17010772490050538,0.1701554683195053
189.70000000000002,623.1186765777189,625.200003821885,623.2476471830076,623.2474850283247,100.0,0.17010772490050538,0.1701507813845659
189.8,621.742913508661,625.349681743059,622.014146541915,622.0140348049083,1.6045945235370347,0.17010772490050538,0.1701565395991504
189.9,622.9914744037445,625.641486334129,623.3663212636142,623.3662253188705,100.0,0.17010772490050538,0.1701509418280357
190.0,621.5739869999128,619.32904067188,621.8299455014898,621.8298221488352,0.0,0.17010772490050538,0.1701561061811062
190.10000000000002,622.8237580616308,626.8874860930878,623.2442141029464,623.2441181302926,100.0,0.17010772490050538,0.1701519646409405
190.20000000000002,621.4088292088657,617.5541491040136,621.6396979419563,621.6395530270978,0.05108574544882316,0.17010772490050538,0.17015795357069535
190.3,622.6597827592726,621.6166284018481,622.8392173630904,622.8390372661535,100.0,0.17010772490050538,0.17015509396111672
190.4,622.0457557224228,625.9811152212062,622.3815650029835,622.3814396207293,30.148715426550748,0.17010772490050538,0.17015769572634443
190.5,622.9759564619654,622.7630085042939,623.2893310626055,623.289198792755,88.10016969349948,0.17010772490050538,0.17015161946023144
190.60000000000002,621.912013331112,624.2222975224114,622.3044763035496,622.3043738017403,13.301421032823743,0.17010772490050538,0.17015457424767788
190.70000000000002,623.1593621138065,620.0299137383387,623.4036566278347,623.4035161140853,100.0,0.17010772490050538,0.17014693508745726
190.8,621.8426709541044,621.738264079899,622.0659052431653,622.0657671709843,3.83873887122423,0.17010772490050538,0.1701514116877212
190.9,623.090516870191,622.1111377419738,623.2653865628521,623.2652297734944,100.0,0.17010772490050538,0.1701459111223315
191.0,621.8108489252581,621.2274360293995,621.9478481937925,621.94769080834,5.213532172078523,0.17010772490050538,0.1701512617755807
191.10000000000002,623.0589229420078,625.620505049814,623.3024078726418,623.302264591882,100.0,0.17010772490050538,0.17014668250542916
191.20000000000002,621.6422878125989,621.227093134773,621.8511931154404,621.8510493068883,0.050262128943874274,0.17010772490050538,0.17015273616354565
191.3,622.8915696611857,621.2662867833408,623.025359059023,623.0251833748949,100.0,0.17010772490050538,0.17014875667378485
191.4,621.9906041910062,625.9115102131891,622.2814169793102,622.2812924731911,19.41231544533389,0.17010772490050538,0.17015275178442285
191.5,623.1348938534366,623.8243384815877,623.4446118570071,623.444488315584,96.14255950592859,0.17010772490050538,0.17014626213502007
191.60000000000002,621.7367189313961,623.093737748998,622.0840123204526,622.0839052915455,0.7655006435997862,0.17010772490050538,0.17015112167615937
191.70000000000002,622.9853242160084,622.3581181171356,623.2931018975798,623.2929773662528,100.0,0.17010772490050538,0.1701455097488883
191.8,621.6565652781691,621.1602424679793,621.9234391883864,621.9233119318005,3.337625873787548,0.17010772490050538,0.17015107224229434
191.9,622.9057448481005,623.438208748368,623.1863990762582,623.1862627111353,100.0,0.17010772490050538,0.1701466984406262
192.0,621.6513594662555,628.2318927581125,622.193665385221,622.1936061688431,6.1152086501274,0.17010772490050538,0.17015239190232603
192.10000000000002,622.9005763293427,621.410428323496,623.3570323082168,623.3569457378417,100.0,0.17010772490050538,0.17014581459988265
192.20000000000002,621.5015069365453,620.6398577432823,621.8939332603225,621.8938361548087,0.6686553522414016,0.17010772490050538,0.17015140676139778
192.3,622.7517970201678,621.9085396802362,623.0932995392152,623.0931761792062,100.0,0.17010772490050538,0.17014722700599771
192.4,621.6820579605554,623.5102065438422,622.0807391262756,622.08063841274,13.022846277197292,0.17010772490050538,0.1701521624036943
192.5,622.9310548975443,622.4746961998785,623.2949482104074,623.2948305241442,100.0,0.17010772490050538,0.1701464751984444
192.60000000000002,621.5230100003491,623.4872860167949,621.9475955170401,621.947501417825,0.3390791672268918,0.17010772490050538,0.1701525463625221
192.70000000000002,622.7731461163493,623.6789091516769,623.2195975708531,623.219495673821,100.0,0.17010772490050538,0.17014784466053956
192.8,621.3802230008811,618.9217152684994,621.6952540779419,621.6951234674417,0.865629951638887,0.17010772490050538,0.17015425165505252
192.9,622.6313812963991,620.5359249903788,622.846068276294,622.8458925649251,100.0,0.17010772490050538,0.17015132268097063
193.0,621.9413871556419,622.5280770179696,622.1680364333829,622.16787273246,27.282040265280013,0.17010772490050538,0.17015482486155573
193.10000000000002,623.1628528943598,620.849064599159,623.284127890152,623.2839348977109,99.03381353234437,0.17010772490050538,0.17014841004994294
193.20000000000002,621.8852026948596,621.3120766512232,621.9716998071319,621.9715082830811,5.308986242799623,0.17010772490050538,0.17015335715660948
193.3,623.1327437039764,627.0102803262243,623.3841833425582,623.3840232119786,100.0,0.17010772490050538,0.1701483929113405
193.4,621.7142440266258,620.0285925539928,621.8766744258603,621.8764993889272,0.0,0.17010772490050538,0.17015366683357921
193.5,622.9630103555222,622.0919801265067,623.0846949940685,623.084498449594,100.0,0.17010772490050538,0.17014940221912037
193.60000000000002,621.9097432863023,620.7287612591786,621.9715559881923,621.9713540760515,13.699721861831442,0.17010772490050538,0.17015405525229155
193.70000000000002,623.1571083454103,627.1105565037266,623.3883110709087,623.3881426966923,100.0,0.17010772490050538,0.17014902486536407
193.8,621.7384340320643,620.6093040992333,621.9052939943534,621.9051175382507,0.0,0.17010772490050538,0.17015420636943132
193.9,622.9870270265847,617.6804111920335,622.9242893656949,622.9240457036577,100.0,0.17010772490050538,0.17014967000960077
194.0,622.3741336905107,622.8891415994149,622.3342835415943,622.3340577480327,30.279682122754302,0.17010772490050538,0.1701521169234885
194.10000000000002,623.4351285908406,624.2167765156055,623.4341584728433,623.4339436945426,93.11130486327068,0.17010772490050538,0.17014590867722337
194.20000000000002,622.1600835167741,622.1657062665806,622.1549964771651,622.1547914719198,5.480534519175389,0.17010772490050538,0.17014991395581747
194.3,623.4056528495918,622.0706460367268,623.3483518955679,623.3481331400179,100.0,0.17010772490050538,0.17014387390700528
194.4,622.0590037941182,622.9461713804174,622.037613128555,622.0374145791037,2.7777520226021117,0.17010772490050538,0.17014928724657602
194.5,623.3052983722847,619.4005383636544,623.1232194965603,623.1229805221064,100.0,0.17010772490050538,0.1701442093509644
194.60000000000002,622.3096240800334,618.1470081460108,621.9560832708534,621.9558154459618,15.95962124206281,0.17010772490050538,0.17014860409902008
194.70000000000002,623.5541199994423,627.4937358489722,623.3898986348566,623.3896661315562,100.0,0.17010772490050538,0.17014421874781327
194.8,622.1325980033109,620.2607168115044,621.8919787350233,621.8917390973071,0.0,0.17010772490050538,0.17014985184605894
194.9,623.3783645691841,627.0746386635759,623.3111399651997,623.3109307293006,100.0,0.17010772490050538,0.17014583814273382
195.0,621.9581037100202,619.6735737712538,621.7921438328412,621.7919201867171,0.0,0.17010772490050538,0.17015191724448533
195.10000000000002,623.2051219933214,621.656350818418,622.9858168974207,622.9855681510354,100.0,0.17010772490050538,0.17014847058288943
195.20000000000002,622.4084151852804,623.0913982586851,622.2262441263273,622.2260173507725,23.420733178095205,0.17010772490050538,0.1701519724848935
195.3,623.6522016719581,621.4953188929339,623.3916107686954,623.3913664621017,100.0,0.17010772490050538,0.17014518655511665
195.4,622.2388987285882,623.5025016636878,622.0400438881082,622.0398273529822,0.3358250252982131,0.17010772490050538,0.1701506443773836
195.5,623.4839023886649,625.7319459280546,623.3947854340726,623.3945878916915,100.0,0.17010772490050538,0.17014541706345931
195.60000000000002,622.0628843319545,622.6733402924654,621.9992254452713,621.9990445534748,0.0,0.17010772490050538,0.17015089701939037
195.70000000000002,623.3091510719776,623.6964789814907,623.269422545239,623.2692390456901,100.0,0.17010772490050538,0.17014595856712011
195.8,621.9103843571963,623.4919127485197,621.935047929777,621.9348914051303,0.7902489833271247,0.17010772490050538,0.17015218253557618
195.9,623.1577448197846,623.1730804271014,623.1861588862662,623.1859923388105,100.0,0.17010772490050538,0.17014761274785883
196.0,621.8496148510987,624.9051411856203,622.00205177658,622.001928238315,4.160502641866422,0.17010772490050538,0.17015362162327954
196.10000000000002,623.097410989936,621.185806963105,623.1653379904972,623.1651838021916,100.0,0.17010772490050538,0.17014839825603537
196.20000000000002,621.8581236374649,621.0703078540671,621.8849129505936,621.8847565486417,6.735113765590274,0.17010772490050538,0.17015396174185096
196.3,623.1058587795403,621.7028389027429,623.0759772941079,623.075794500711,100.0,0.17010772490050538,0.17014960529540687
196.4,622.0013222323311,622.3312973549055,621.9831383865721,621.9829688349886,11.808737618494494,0.17010772490050538,0.17015469384030887
196.5,623.2480305618247,622.1164102261563,623.1869352186903,623.1867461105363,100.0,0.17010772490050538,0.17014951267063042
196.60000000000002,621.9800145673186,622.4530928895346,621.9376800650376,621.9375066553387,5.694557038616214,0.17010772490050538,0.17015501758753698
196.70000000000002,623.22687571649,622.3058787586309,623.1517814854196,623.1515897284819,100.0,0.17010772490050538,0.17015015430435398
196.8,621.9939814257656,623.3334554294271,621.97530652536,621.97514122542,7.010653115139782,0.17010772490050538,0.17015559588980825
196.9,623.2407424051684,621.4635604155271,623.1517267991276,623.1515343889286,100.0,0.17010772490050538,0.17015038783644898
197.0,622.0294584859762,621.4210438824057,621.9147869707227,621.9145978968403,7.827703097172531,0.17010772490050538,0.17015563950730594
197.10000000000002,623.2759650036485,622.7315478545813,623.148122431461,623.1479197919164,100.0,0.17010772490050538,0.17015089214616794
197.20000000000002,622.0359223625641,622.8813535540409,621.9460711725877,621.9458904250932,6.7548757129916375,0.17010772490050538,0.17015634321352158
197.3,623.2823825142804,623.4158906138593,623.2069632057646,623.2067764633309,100.0,0.17010772490050538,0.1701512877081174
197.4,621.921339440235,622.3306783398614,621.8623572461977,621.8621857465504,2.2027534472103873,0.17010772490050538,0.17015718551993536
197.5,623.1686213526045,623.0826541322057,623.1132158593771,623.1130326841527,100.0,0.17010772490050538,0.1701526914531368
197.60000000000002,621.9487679538364,624.1999265865369,621.9876254401524,621.9874803959799,7.485724889442253,0.17010772490050538,0.17015808575090338
197.70000000000002,623.1958531850946,619.6700698068718,623.0871651197181,623.0869711259411,100.0,0.17010772490050538,0.170152542804354
197.8,622.1353427442558,622.7761668839041,622.0556179298,622.0554427352821,13.489952506684059,0.17010772490050538,0.17015691730012508
197.9,623.3810896150042,625.193174800881,623.3866773448533,623.3865169045453,100.0,0.17010772490050538,0.17015096504727892
198.0,621.9608092080291,625.0140955226742,622.0910632877531,622.0909469342591,0.0,0.17010772490050538,0.17015597197530705
198.10000000000002,623.2078080894405,622.1785440054223,623.2921675890925,623.292031351902,100.0,0.17010772490050538,0.17014983815679163
198.20000000000002,621.8408873205597,621.9985996016984,621.9230657099174,621.9229369053428,1.9614209614014797,0.17010772490050538,0.17015527337752898
198.3,623.0887460224119,619.8352025455159,623.0328192623977,623.0326431414126,100.0,0.17010772490050538,0.17015049729812615
198.4,622.1581852502989,622.3178981499191,622.1086028990982,622.1084378768459,18.351702527197354,0.17010772490050538,0.1701544855283196
198.5,623.4037682054694,626.175865520945,623.4788340083174,623.4786928083045,100.0,0.17010772490050538,0.17014836070078
198.60000000000002,621.9833251090599,621.7466726540242,622.0397110415026,622.039572073426,0.0,0.17010772490050538,0.17015291359378337
198.70000000000002,623.230162515589,621.8170216444241,623.2279793248124,623.2278178643472,100.0,0.17010772490050538,0.17014746938790348
198.8,621.971315565943,621.4266290287735,621.9417305253793,621.9415709149011,6.034811411302918,0.17010772490050538,0.17015278725995342
198.9,623.2182391015851,623.6234254119705,623.211662941344,623.211498131661,100.0,0.17010772490050538,0.17014810786391502
199.0,621.8933056304252,625.3187061586408,622.0281527537127,622.0280358064344,3.544426955456622,0.17010772490050538,0.17015400052767393
199.10000000000002,623.1407885451273,621.6658221759891,623.2105623311281,623.2104196753016,100.0,0.17010772490050538,0.17014854010096384
199.20000000000002,621.8339384670924,620.7006493551613,621.8475578487621,621.8474082659703,4.204096339749462,0.17010772490050538,0.17015426386564134
199.3,623.0818469802293,620.9573924289404,623.0087671600635,623.0085819883288,100.0,0.17010772490050538,0.1701501649988766
199.4,622.1144228319642,621.0773495980834,621.9975126616944,621.9973251311214,16.962485504786223,0.17010772490050538,0.17015465483300035
199.5,623.3603198106543,626.4097277604277,623.3831805713415,623.3830193584026,100.0,0.17010772490050538,0.1701493671713961
199.60000000000002,621.9401883889246,620.059740373,621.8770458442856,621.8768697319563,0.0,0.17010772490050538,0.1701545548646995
199.70000000000002,623.1873351434962,627.3133183618997,623.3070955447637,623.3069532247131,100.0,0.17010772490050538,0.17015020176677595
199.8,621.7684441562297,619.2433563801477,621.7700035087701,621.7698361551925,0.0,0.17010772490050538,0.17015589069785142
199.9,623.0168220920611,620.7849063902912,622.9277111455141,622.9275044308728,100.0,0.17010772490050538,0.17015223034833762
