time,true_temperature,measured_temperature,lkf_estimate,ekf_estimate,laser_power,lkf_error_cov,ekf_error_cov
0.0,300.8132054789987,300.22064783191587,300.6579487432991,300.39145256595276,100.0,2.8461229362972826,2.8536957285362563
0.1,303.46947326525896,299.1325147377644,302.12225254017676,301.4218527983659,100.0,1.6523144580559905,1.6638083826828889
0.2,306.1187801244512,307.24861202428735,306.13597483903686,305.01132001115485,100.0,1.1624010587656952,1.1756778747868775
0.30000000000000004,308.76110248318463,308.5915618840719,309.42435553061057,307.87217875441263,100.0,0.8966367447622826,0.9108731099733888
0.4,311.3964164356856,311.63780629348764,312.6937085590504,310.72288197825236,100.0,0.7305247261843529,0.7453356870633204
0.5,314.0246977506302,314.10498408645384,315.85586637296257,313.4748442781706,100.0,0.6173552722882839,0.6325285069722001
0.6000000000000001,316.64592187812997,317.9286305803965,319.1291443174756,316.3528541405795,100.0,0.5356594391737874,0.5510663218024283
0.7000000000000001,319.26006395686784,316.9013610356076,321.8931010674489,318.7178948551206,100.0,0.4741880035739744,0.4897439022686856
0.8,321.8670988213834,321.64791118150794,324.91818222627455,321.36510593875187,100.0,0.4264765260300627,0.44212597201566034
0.9,324.46700100950585,324.87213551707094,327.97762405776353,324.0611293962875,100.0,0.3885454309223019,0.4042473662640916
1.0,327.05974476993157,328.15337931871954,331.0632468688397,326.7981653497355,100.0,0.35781038908556606,0.3735343685029268
1.1,329.6453040699458,330.83029224370847,334.1146976612091,329.51360971964476,100.0,0.3325198637738994,0.3482427538786718
1.2000000000000002,332.2236526032853,335.02056747884376,337.25340119680584,332.3351330449731,100.0,0.31144447152290805,0.32714857518976254
1.3,334.79476379814025,335.88175639468716,340.2146525823473,334.9847457511718,100.0,0.2936957621356585,0.3093668273392066
1.4000000000000001,337.3586108252934,340.5316119208023,343.2912845792488,337.77089688109794,100.0,0.27861559698393995,0.29424300576530305
1.5,339.9151666063937,339.2659057077563,346.0683310728669,340.2551057982359,100.0,0.2657059948328161,0.28128073415885485
1.6,342.46440382236256,341.937895496962,348.84020121652753,342.74834368353254,100.0,0.2545831662574194,0.2700990650541442
1.7000000000000002,345.0062949219302,347.1892736947199,351.76290253186477,345.41653343672425,100.0,0.2449465348700015,0.2603985511057285
1.8,347.54081213029923,349.1846928671011,354.62115311794724,348.03109356467996,100.0,0.23655733781434432,0.25194074152938456
1.9000000000000001,350.0679274579335,352.4027039495343,357.49118375333364,350.6731015590256,100.0,0.22922351844355915,0.24453460851584657
2.0,352.58761270946883,354.3581520263121,360.2994142128132,353.2639543458966,100.0,0.22278885285098815,0.23802448277617422
2.1,355.09983949274414,354.63070143859613,362.9597619830279,355.71128921304296,100.0,0.21712498702282068,0.23228272327657762
2.2,357.60457922794836,359.98512735963254,365.75582114192815,358.3183280722667,100.0,0.21212551377194014,0.22720382322358942
2.3000000000000003,360.10180315688183,358.12088908292804,368.29751634638967,360.6670533432126,100.0,0.20770150415018102,0.2226985911310063
2.4000000000000004,362.5914823523287,367.6265462041113,371.1871207142576,363.40306473403365,100.0,0.20377809240557365,0.21869331777535414
2.5,365.07358772753685,369.2404010452972,373.99632014911197,366.066862812574,100.0,0.20029183507042864,0.21512339807149694
2.6,367.5480900458031,367.218818409522,376.552000697277,368.47200653845846,100.0,0.1971886463712866,0.2119352395073797
2.7,370.0149599301597,367.95656476187577,379.0085754495961,370.78390127275253,100.0,0.19442216789582514,0.20908352787408757
2.8000000000000003,372.4741678731592,371.02406762163025,381.48477505009237,373.1299021586119,100.0,0.1919524691302375,0.2065286975982217
2.9000000000000004,374.9256842467547,374.16980538222947,383.98178951440946,375.51104600007045,100.0,0.18974500270654787,0.20423609306618473
3.0,377.36947931227115,375.8441261728259,386.4281099867276,377.85007284152465,100.0,0.18776975761975478,0.20217559518335304
3.1,379.80552323046516,377.7967009291079,388.83956236031077,380.1636809954445,100.0,0.18600056769852305,0.20032119287626374
3.2,382.2337860716695,383.9640234628545,391.412178258751,382.6626973427552,100.0,0.18441454285604003,0.1986500728174146
3.3000000000000003,384.6542378260181,384.2976549107509,393.8674399102166,385.04683891229064,100.0,0.18299159820871513,0.19714149684376803
3.4000000000000004,387.06684841374863,385.4182729422824,396.2483725009639,387.36206623215753,100.0,0.18171406178726116,0.19577821654735658
3.5,389.4715876955783,390.9929564428185,398.7603370098715,389.82927165914606,100.0,0.18056634580606953,0.19454486613847607
3.6,391.86842548314957,391.16690190829854,401.15215937437733,392.1775332022676,100.0,0.17953466967591888,0.19342709872569833
3.7,394.2573315495412,395.3772730263636,403.61113022576063,394.6082471526249,100.0,0.1786068254082811,0.19241312526917706
3.8000000000000003,396.6382756398414,397.17284161178776,406.0254721612267,397.0006623190705,100.0,0.177771977958808,0.19149178393492133
3.9000000000000004,399.0112274817783,398.2055431279951,408.3637700325884,399.32058935404285,100.0,0.17702049453272165,0.1906535636564108
4.0,401.3761567964042,401.4145170765008,410.7261319191917,401.6754807857574,100.0,0.17634379802839134,0.1898901173048874
4.1000000000000005,403.7330333088293,405.2822378687466,413.13982688823194,404.09434230636157,100.0,0.17573424070334795,0.18919362028545317
4.2,406.08182675900053,404.52388902234776,415.3990833250224,406.35533633858506,100.0,0.17518499486607214,0.18855697377113434
4.3,408.42250691252104,408.3146082921256,417.71104957973876,408.68106123295576,100.0,0.17468995796976425,0.18797463194003522
4.4,410.75504357150686,413.6184093589646,420.13849326898713,411.13868641253646,100.0,0.1742436699432666,0.18744082793362518
4.5,413.0794065854752,414.27624863796734,422.4729711323776,413.5036724196737,100.0,0.17384124096401468,0.18695013669711838
4.6000000000000005,415.3955658622607,417.67353588012827,424.8382157548142,415.908744289991,100.0,0.17347828817725283,0.186498518629019
4.7,417.7034913789548,415.72752832621853,427.0011311129108,418.1030599863864,100.0,0.17315088010937052,0.1860818561588173
4.800000000000001,420.0031531928644,415.6477425405287,429.0530775911312,420.18455219232715,100.0,0.1728554877224413,0.18569740384904482
4.9,422.2945214524835,422.14770312084624,431.2837185860264,422.4640464874628,100.0,0.1725889412207378,0.1853423406782742
5.0,424.57756640847566,423.01543557127985,433.4408173942068,424.67038210580125,100.0,0.1723483918551058,0.18501293572702626
5.1000000000000005,426.85225842466065,427.5162470968717,435.68447815447684,426.9751127879009,100.0,0.1721312780830977,0.18470687149291315
5.2,429.1185679890012,427.81036978876324,437.8292744005928,429.17901310759504,100.0,0.17193529553604026,0.18442139203871302
5.300000000000001,431.3764657245855,431.7759173582379,440.0379135093456,431.4563207585298,100.0,0.1717583703222048,0.1841547981913188
5.4,433.6259224006004,434.3295181702715,442.24645232904123,433.73820041675043,100.0,0.171598635260736,0.18390486953472215
5.5,435.86690894329035,433.41636337032276,444.30623872240915,435.86514960647077,100.0,0.17145440869619932,0.18366987555771727
5.6000000000000005,438.0993964468975,435.99008470719184,446.3741905002693,438.00504565128,100.0,0.171324175590326,0.18344890879758977
5.7,440.3233561845785,443.7384977653486,448.67132010094673,440.39419326010216,100.0,0.1712065706272195,0.18324047472516994
5.800000000000001,442.5387596192921,444.1862192220863,450.8736213545874,442.6855701345604,100.0,0.17110036310212393,0.18304223854065046
5.9,444.7455784146541,445.6357635741264,453.02870656412887,444.92992762674226,100.0,0.1710044433928057,0.18285352385564177
6.0,446.9437844457536,445.7105701870915,455.08019308968335,447.06682183578084,100.0,0.17091781083745394,0.1826735162273193
6.1000000000000005,449.13334980992613,450.4558119107016,457.2327591524323,449.3147765431344,100.0,0.17083956286441668,0.18250174486633414
6.2,451.3142468374794,453.1899983685387,459.39542099454843,451.5763619361225,100.0,0.17076888523759062,0.18233685247098402
6.300000000000001,453.48644810236556,454.50459453366943,461.5070641048321,453.7861505375458,100.0,0.17070504329731778,0.18217802510831893
6.4,455.64992643279606,455.9432687648355,463.5755246489608,455.95235510923334,100.0,0.17064737409058256,0.18202481386097938
6.5,457.80465492179417,461.05079982299833,465.7594217839851,458.2439418037448,100.0,0.17059527929645285,0.18187678273601948
6.6000000000000005,459.9506069376797,463.73528616769624,467.949643300526,460.5443660614484,100.0,0.17054821886332905,0.1817327860607649
6.7,462.087756134482,460.4292934691919,469.89050667017113,462.58114235457464,100.0,0.17050570528386846,0.18159230014458036
6.800000000000001,464.2160764622754,465.1800957957122,471.9378160379276,464.7330793811116,100.0,0.17046729844162395,0.18145609309798744
6.9,466.3355421774335,465.5203024044085,473.89831555421995,466.7943246959924,100.0,0.17043260097062735,0.1813231479979755
7.0,468.44612785279645,464.7378612554769,475.7284981503809,468.71855237214254,100.0,0.17040125407549123,0.18119348656817322
7.1000000000000005,470.5478083877471,470.195296888911,477.7006227126181,470.7950987892267,100.0,0.17037293376520796,0.1810673547366683
7.2,472.64055901819114,473.70051743350666,479.72447131012257,472.92787234047074,100.0,0.17034734745878685,0.18094362815964032
7.300000000000001,474.7243553264368,478.53422477639594,481.85403001527055,475.1740090992796,100.0,0.17032423092527155,0.18082172932094226
7.4,476.79917325096903,474.7477416261295,483.7170234619542,477.13827486605487,100.0,0.17030334552458812,0.1807008560129662
7.5,478.86498909611413,477.8858121710083,485.6214799887093,479.1474691792905,100.0,0.17028447571915056,0.18058217653806302
7.6000000000000005,480.9217795415898,478.28049940336524,487.44855591695324,481.0754815741187,100.0,0.1702674268292479,0.18046518997726074
7.7,482.96952165193676,482.71865284691063,489.3741893321218,483.1086591154269,100.0,0.17025202300799788,0.18035005599952328
7.800000000000001,485.00819288582693,484.09315094216703,491.263095660407,485.10357469740524,100.0,0.17023810541411835,0.18023600843846058
7.9,487.0377711052438,490.11683266244387,493.3149449324018,487.27144831532945,100.0,0.17022553056297102,0.18012305587044075
8.0,489.0582345845316,487.7627321180441,495.1651481803393,489.22644566815336,100.0,0.17021416883830348,0.18001015197976347
8.1,491.0695620193077,488.12213299582004,496.939161640315,491.101286207062,100.0,0.17020390314888137,0.17989827912231274
8.200000000000001,493.07173253523547,490.50372322014283,498.72679950993313,492.99084441232753,100.0,0.1701946277157839,0.17978767387326255
8.3,495.06472569665226,497.5850164941348,500.72733959528705,495.1054219291541,100.0,0.17018624697755566,0.179678072747688
8.4,497.0485215150494,497.25254219027175,502.61481595913745,497.1007652849433,100.0,0.17017867460168012,0.17956815116323596
8.5,499.02310045739995,501.5712810702679,504.592703010274,499.1914958373497,100.0,0.17017183259198426,0.1794584752303135
8.6,500.9884434543303,498.92071230946067,506.3600376397743,501.0602369713405,100.0,0.17016565048261123,0.17934844622599835
8.700000000000001,502.94453190813215,502.99005420468524,508.21310802944714,503.0192473440618,100.0,0.17016006461012154,0.17923918628375576
8.8,504.8913477006108,506.4760965576016,510.1228554018724,505.03777861797334,100.0,0.1701550174561136,0.17913007551249502
8.9,506.8288732007667,510.34886234023764,512.1029234019536,507.1300590655722,100.0,0.17015045705350323,0.17902070786278956
9.0,508.757091272306,506.41110209938466,513.8175977129731,508.9429372876869,100.0,0.17014633645027286,0.17891063252047942
9.1,510.67598528097807,508.51893632218975,515.5371635593849,510.76069848390654,100.0,0.17014261322510876,0.17880135056414415
9.200000000000001,512.585539101735,512.6935591182786,517.3492881944467,512.6753625471164,100.0,0.17013924904988953,0.17869269589281842
9.3,514.4857371257112,511.7026588913896,519.0296806727725,514.4513469491029,100.0,0.17013620929448095,0.1785840118437594
9.4,516.3765642670203,515.1942569476828,520.7755127676825,516.2955963381645,100.0,0.17013346266973567,0.17847599814927173
9.5,518.2580059693638,519.3605174547199,522.6122417999471,518.234682415169,100.0,0.17013098090499604,0.1783681492886492
9.600000000000001,520.1300482124532,517.4126842265903,524.2753252833415,519.9912689257173,100.0,0.17012873845675813,0.1782598519372197
9.700000000000001,521.9926775182382,519.8676904986743,525.9606113854385,521.770603662506,100.0,0.1701267122454803,0.17815210633666226
9.8,523.8458809569413,522.7917113407901,527.6869491789611,523.5923508195422,100.0,0.17012488141781265,0.1780446704008788
9.9,525.6896461528955,527.5076921078614,529.5285214450889,525.5340161407958,100.0,0.1701232271317886,0.17793721054667716
10.0,527.5239612901823,527.8725505763811,531.2945740069864,527.3960282445838,100.0,0.17012173236275716,0.17782897497568365
10.100000000000001,529.3488151180684,528.4701347333415,532.9987389121071,529.1926805533614,100.0,0.17012038172805136,0.17772042585713232
10.200000000000001,531.1641969562386,534.2943784924706,534.8663648616946,531.1592882133821,100.0,0.17011916132858174,0.17761190630174578
10.3,532.9700966998234,531.6457592980054,536.5290221452117,532.9111943231601,100.0,0.17011805860571935,0.17750235422873362
10.4,534.7665048242185,532.0686866207242,538.1274759911347,534.5954045267075,100.0,0.17011706221199094,0.17739305986107745
10.5,536.5534123896949,536.1400673690504,539.8200658597045,536.3769834842674,100.0,0.17011616189425235,0.17728433972013408
10.600000000000001,538.3308110457991,537.0170406773047,541.466282706481,538.1094494152544,100.0,0.17011534838813525,0.17717550196600423
10.700000000000001,540.09869303554,539.3008752569358,543.128251033971,539.8574978533217,100.0,0.17011461332267805,0.17706679022476995
10.8,541.857051199362,542.3269177910284,544.836756882047,541.6531100902508,100.0,0.1701139491341582,0.17695803919206987
10.9,543.6058789789041,546.8460617533299,546.6529984104704,543.5598247623265,100.0,0.17011334898823763,0.17684890360072553
11.0,545.3451704205421,546.2449742390869,548.353894906882,545.3457076927484,100.0,0.1701128067096184,0.17673867802628834
11.100000000000001,547.074920178714,548.5711681984657,550.0696404306233,547.1460617555513,100.0,0.17011231671848454,0.17662813828998167
11.200000000000001,548.7951235190278,549.5755420746409,551.7432864667035,548.9017518737522,100.0,0.17011187397307426,0.17651716200422451
11.3,550.5057763211508,552.7466740474911,553.4690618215923,550.71052686496,100.0,0.1701114739177918,0.1764060046809853
11.4,552.2068750814799,550.5670904559112,555.016835282126,552.3338007652065,100.0,0.17011111243632385,0.17629429054886073
11.5,553.898416915592,555.4394354906673,556.6953087933634,554.091512098626,100.0,0.17011078580927783,0.17618317491809798
11.600000000000001,555.5803995604753,558.8918340662906,558.43763408999,555.9142805922919,100.0,0.17011049067590595,0.17607169782337487
11.700000000000001,557.2528213765406,557.556436195395,560.037041313908,557.5881207190176,100.0,0.17011022399952064,0.17595941879589977
11.8,558.9156813494126,562.4884915563521,561.7671346629895,559.3960393445712,100.0,0.17010998303624544,0.1758473013404097
11.9,560.5689790915009,560.8750002429641,563.3430883286198,561.0435981416884,100.0,0.17010976530677954,0.17573441187183275
12.0,562.2127148433527,562.0144811743199,564.8895987989099,562.659728704828,100.0,0.17010956857088516,0.1756217963918006
12.100000000000001,563.8468894747856,563.0373603404157,566.4031627690865,564.2408448497916,100.0,0.17010939080433543,0.17550957841597226
12.200000000000001,565.4715044858013,564.0688571141915,567.8857753583176,565.7890381978503,100.0,0.17010923017808527,0.17539789598225675
12.3,567.0865620072827,569.9220815263523,569.5440214900335,567.5172146816627,100.0,0.17010908503945069,0.175286863389422
12.4,568.6920648014725,566.0789223253588,570.9568585617432,568.9915405326985,100.0,0.17010895389510317,0.17517518306572344
12.5,570.2880162622359,572.3562806467455,572.5668152678289,570.6677614713994,100.0,0.17010883539570396,0.17506454025886956
12.600000000000001,571.8744204151086,570.5568333484384,574.0206635812757,572.1823109362781,100.0,0.1701087283220198,0.17495344697986964
12.700000000000001,573.4512819171298,573.4722058864023,575.5266282606148,573.7494134940619,100.0,0.1701086315723778,0.17484297227323797
12.8,574.9998679301143,573.2615604752785,576.9311965191121,575.2118156433773,99.29517887693562,0.17010854415132987,0.17473278417810628
12.9,576.4740249707086,574.741083805892,578.2668165219146,576.6041412292749,96.84975642187086,0.1701084651594102,0.17462382922981526
13.0,577.8775163923099,578.3542046821582,579.6308551745217,578.026115775838,94.53056383778303,0.17010839378388026,0.174516401252359
13.100000000000001,579.2087786543301,579.6516744206211,580.9215526295386,579.3732665452363,92.13785358689847,0.17010832929036657,0.1744101289232041
13.200000000000001,580.4718384790348,576.9602295193303,581.9763743469737,580.4789094817047,89.88131938264941,0.17010827101530443,0.17430534984047905
13.3,581.6796296578667,582.6986330468491,583.1775271246753,581.7343288177017,88.09674441489561,0.17010821835911047,0.17420345516696964
13.4,582.8241670010055,582.0991318742015,584.2402762127017,582.8480263360649,86.00006245472464,0.17010817078001347,0.17410317169627348
13.5,583.9130552198799,581.878354418906,585.1945218596574,583.8504931903695,84.17568715463757,0.17010812778848,0.1740052422019632
13.600000000000001,584.9522639656301,587.4736898537973,586.2983936098619,585.0055581088892,82.56374851412457,0.17010808894217763,0.17391014646884553
13.700000000000001,585.9336618362647,588.8370545441203,587.3564346731266,586.1134531605131,80.63506309599636,0.1701080538414237,0.17381659273813377
13.8,586.8598054384993,586.7442224008743,588.2260546919231,587.0284909845415,78.78963846114337,0.170108022125073,0.17372472035939998
13.9,587.7410352111997,587.2208738913738,589.035454750443,587.8814775474812,77.3207779032413,0.17010799346680208,0.17363561971910846
14.0,588.58069112942,587.9777717902039,589.8024805274129,588.6905901786143,75.9674900018871,0.17010796757175153,0.1735494198464012
14.100000000000001,589.38113957461,591.7664989226715,590.6601950525787,589.5914983521061,74.69385883783458,0.1701079441734923,0.17346611955576424
14.200000000000001,590.1374970327386,588.781520502037,591.3111325758107,590.2809947455153,73.22762750733,0.17010792303128444,0.1733848183197907
14.3,590.8610887452543,592.3766450270218,592.0559660647123,591.0653800577822,72.17732477305651,0.17010790392760014,0.17330671762924452
14.4,591.5468603359175,594.3986378649128,592.8181077451387,591.866666449406,70.92940034794474,0.17010788666588558,0.1732308679468679
14.5,592.1939330907009,593.1454514663501,593.4563509478128,592.5411111633284,69.63966090020315,0.1701078710685386,0.17315692909011055
14.600000000000001,592.8091108563589,597.6973632653043,594.2299983782955,593.3525443558242,68.59686036072503,0.1701078569750815,0.17308555582942176
14.700000000000001,593.3850931743788,592.2545690027719,594.700109769688,593.8545353183059,67.27196853217526,0.17010784424050965,0.17301557415750654
14.8,593.9384429051822,595.4188514271561,595.2633957656611,594.4503976558443,66.56094125402875,0.17010783273379987,0.17294891941080473
14.9,594.4641514140773,597.7715788878517,595.8757919242832,595.0953767953899,65.65621260239351,0.17010782233656216,0.1728846348670477
15.0,594.9596096622798,594.7363420973616,596.3030641024536,595.5515193475946,64.64680055534836,0.17010781294182167,0.17282215519585717
15.100000000000001,595.4349262159984,592.7804288597358,596.6097901341127,595.8844038021612,64.010500257463,0.17010780445291795,0.17276257447629081
15.200000000000001,595.896691105849,595.5299298316678,597.0082449269196,596.3095565284981,63.61738731030837,0.17010779678251062,0.17270644234790897
15.3,596.3399701657538,595.8481197435851,597.3856776891107,596.7125852175161,63.03548629234952,0.17010778985168057,0.17265280058459787
15.4,596.7659488387711,596.727152535288,597.7680053715185,597.1198084176868,62.493803062138326,0.17010778358911807,0.17260155596168011
15.5,597.1744051548133,602.4499364111555,598.3606577741579,597.7396349052096,61.939658577619994,0.17010777793038906,0.17255244643573453
15.600000000000001,597.5539840250333,596.4050429202223,598.6417799736678,598.0429196394653,60.9541092535223,0.17010777281727218,0.1725038215094195
15.700000000000001,597.9216179294924,598.7386716085206,598.9991711623836,598.4227729258361,60.59861058861642,0.1701077681971597,0.17245777901641626
15.8,598.2732112311788,599.827219125548,599.3721047737632,598.8176898383589,60.08617628661645,0.17010776402251637,0.17241354819003593
15.9,598.6079610781247,598.0891926140818,599.6387369165308,599.1042329043573,59.5396655631872,0.17010776025039023,0.1723708497989797
16.0,598.9316606750536,600.2471575281631,599.9754678001398,599.4611063924094,59.20703710214674,0.17010775684197077,0.17233027183894176
16.1,599.2405471991224,598.7874329948357,600.2213005203936,599.725290577916,58.73017906211847,0.1701077537621896,0.17229112951075437
16.2,599.539573223141,596.7289694054684,600.3599315217875,599.8802771977638,58.43605778532618,0.17010775097935948,0.17225391477303842
16.3,599.8345653087212,596.5614162995626,600.4826112073763,600.0184472880982,58.3587817736529,0.17010774846484852,0.17221918579971118
16.400000000000002,600.1264053564566,600.2694252875621,600.7557673195904,600.3082877274596,58.31375712010318,0.17010774619278557,0.1721868172922646
16.5,600.4069730703784,602.2145129488339,601.0891708507359,600.6585578295897,57.962493364105676,0.17010774413979385,0.17215554609179878
16.6,600.6730361744628,599.4419064880485,601.2760393169619,600.8600624077486,57.486867581549724,0.17010774228475065,0.17212485244704176
16.7,600.9325435991025,597.8750739236854,601.3824393341517,600.9796140947178,57.30675780115432,0.17010774060856987,0.17209569646039094
16.8,601.1898618674386,599.855487059717,601.5673564850647,601.1780289569808,57.28935828626874,0.17010773909400564,0.17206849000131727
16.900000000000002,601.4407592785172,604.7160557347174,601.9453159074075,601.5711868535001,57.11224827217291,0.170107737725475,0.17204250545296745
17.0,601.6748210391404,602.2330014018354,602.1844284754229,601.8235588332416,56.5417206105994,0.17010773648889746,0.17201629112058237
17.1,601.8995745635431,606.1105715804865,602.5691802852889,602.2227480271839,56.250241062783985,0.17010773537155013,0.17199083220107855
17.2,602.1071706319447,601.6399662535398,602.7297506850514,602.3949581718088,55.66113519462748,0.1701077343619369,0.17196504797140277
17.3,602.3097421066542,601.2134323428469,602.8607500241088,602.5368375425574,55.524265323659705,0.17010773344967012,0.1719405262423931
17.400000000000002,602.5088961321843,598.4966289650879,602.8677545305172,602.5529682124937,55.446638206736935,0.1701077326253637,0.17191735334233532
17.5,602.7113344821992,602.3331472418777,603.0420033945801,602.7376283508302,55.620347184739224,0.1701077318805365,0.17189626271946992
17.6,602.9080270420093,606.9960199074593,603.4017186481193,603.1093120076862,55.45515062455807,0.17010773120752518,0.1718758961143935
17.7,603.0889714851294,605.5034287986244,603.6663141147328,603.3846300100862,54.91219019076917,0.17010773059940532,0.1718548976833098
17.8,603.259321661886,601.4798058755135,603.7377053281303,603.4644786037987,54.55920788586828,0.17010773004992005,0.17183398971593644
17.900000000000002,603.4295167341229,603.4961085487619,603.8922634760345,603.6279487258479,54.59636591240521,0.1701077295534159,0.1718145084503554
18.0,603.5950687954542,598.0723634349638,603.8051631924143,603.5470388818643,54.46464618104844,0.17010772910478444,0.17179574061459885
18.1,603.7690196490889,600.6055540495257,603.839234061025,603.5880692333885,54.82249548019698,0.1701077286994098,0.17177930012253656
18.2,603.9448196708514,605.2406125632666,604.0716350225433,603.8290173361418,54.936054084814636,0.1701077283331212,0.1717641229325202
18.3,604.1117652919546,603.4565846602026,604.2093079041574,603.974090792557,54.64736770594675,0.17010772800215,0.17174871055618648
18.400000000000002,604.2749729440415,606.7582369577256,604.4780724528447,604.2512414607177,54.54897988519062,0.17010772770309085,0.17173374581948747
18.5,604.4273731260984,605.5807199205485,604.6741479642411,604.4548197138042,54.18366613426218,0.17010772743286687,0.171718274747997
18.6,604.5728945866146,604.4505712306966,604.8068470106583,604.5942058677102,53.96346143095102,0.17010772718869774,0.17170285295219115
18.7,604.7149581516157,601.0870371730583,604.7875657543076,604.5799594852172,53.870247064461914,0.17010772696807128,0.17168791846348985
18.8,604.8617565159636,603.6864659642089,604.8852522420007,604.6834595605004,54.08444023459588,0.17010772676871752,0.17167448489763246
18.900000000000002,605.0069711381714,608.3537290581048,605.1760240542025,604.981578788822,54.06210548842438,0.17010772658858533,0.17166159472779133
19.0,605.1401883649137,606.1490618396818,605.3480801933683,605.1597751730817,53.64755124389288,0.17010772642582142,0.17164785114836223
19.1,605.267815665985,605.1312328348256,605.4638399304557,605.2809887433651,53.471060723642765,0.17010772627875112,0.17163416448141014
19.200000000000003,605.3928869986157,604.5101435474812,605.5458370954844,605.3679412842733,53.40732369564225,0.1701077261458613,0.17162092309410665
19.3,605.5172172270336,603.2298602347536,605.569434470014,605.3957751757313,53.41123920098309,0.17010772602578467,0.17160832103154575
19.400000000000002,605.6439459217246,607.5488718503893,605.778651475846,605.610633571076,53.533113666309916,0.17010772591728576,0.17159670568415983
19.5,605.7630585241958,606.9583528160778,605.9459200741851,605.7830523752261,53.2787905399096,0.17010772581924827,0.1715846878573834
19.6,605.8768161755302,604.9119324956199,606.0135219880789,605.8548056650834,53.10762240785717,0.1701077257306635,0.17157259976754397
19.700000000000003,605.9905863731609,603.0511730518446,605.9994016658839,605.8439609443661,53.1370677714918,0.17010772565062002,0.17156114527379906
19.8,606.1087619011496,607.3757028580198,606.1748607873456,606.0240991135666,53.331817603482676,0.17010772557829432,0.17155083545961758
19.900000000000002,606.2211135147998,604.8633095935904,606.2299762185385,606.0827686405963,53.14280027394598,0.1701077255129422,0.1715402370289949
20.0,606.334121130485,607.465418028971,606.3943886357391,606.2514901298746,53.19613353348066,0.1701077254538913,0.1715302194453284
20.1,606.4418856468975,604.8420305135334,606.4348081095371,606.2950852800147,53.0276756536254,0.17010772540053407,0.17151996388907761
20.200000000000003,606.5510815004816,607.0508567747851,606.5692414950164,606.4333167254409,53.10903450054492,0.1701077253523215,0.17151036085074925
20.3,606.656631840964,609.2772959391209,606.788922647858,606.6573891667014,52.999738442438144,0.1701077253087576,0.17150069113653302
20.400000000000002,606.7539389649818,608.2917513164737,606.9486011273343,606.820906418979,52.71651966825027,0.1701077252693941,0.17149036531955486
20.5,606.8462337810522,606.5301611834406,607.0212906359434,606.8966448870455,52.552776099505195,0.170107725233826,0.17147986662287062
20.6,606.9381956120305,607.5415532957234,607.1336807002899,607.0122815782811,52.56383271450184,0.17010772520168735,0.17146982126652188
20.700000000000003,607.0276751212965,606.9817841405983,607.2149252580457,607.096427103053,52.49393651624776,0.1701077251726475,0.17145990841481115
20.8,607.1163404384724,606.3495121966682,607.265067176324,607.1491182194819,52.48618119567346,0.17010772514640768,0.1714503341208278
20.900000000000002,607.2058547675236,609.0062245038573,607.4271070856711,607.3144706683786,52.54080778062075,0.1701077251226979,0.1714412844114881
21.0,607.2901800551833,610.1118788194284,607.6237566682145,607.5146394230558,52.36845817614362,0.1701077251012742,0.1714319255386403
21.1,607.36744768132,607.5960301505422,607.6974646963813,607.5908695331361,52.12447427255871,0.17010772508191616,0.17142204486591978
21.200000000000003,607.4442728031069,608.8325349174899,607.8201939241725,607.7164025109533,52.12760535706663,0.1701077250644246,0.17141255490196344
21.3,607.5180044038593,606.4517439571629,607.8331389592573,607.7312447680756,52.03087537632266,0.17010772504861954,0.1714030748547846
21.400000000000002,607.594542851686,606.6720738896049,607.8579929458965,607.7579755033452,52.15537841439737,0.1701077250343384,0.17139437438153002
21.5,607.673229903647,607.5345538160122,607.9208619624691,607.8229067356995,52.25583718882481,0.1701077250214343,0.17138629561165036
21.6,607.7520031126486,605.4710728103549,607.8934674337931,607.7968200822938,52.27924565675922,0.17010772500977434,0.17137851270639337
21.700000000000003,607.8357064070736,607.9741428131302,607.9791271329951,607.8845152183505,52.484950762747545,0.17010772499923865,0.17137163095129487
21.8,607.9182350653979,608.049653613708,608.0631832925726,607.9705339025403,52.46221533845062,0.17010772498971882,0.1713647712355398
21.900000000000002,607.999663178058,604.4071893382246,607.987664753044,607.8957462788873,52.44197263104571,0.17010772498111687,0.17135794313344987
22.0,608.0885650240102,605.6240796349641,607.9753436753066,607.8844978347572,52.74409041556291,0.17010772497334434,0.17135226368021692
22.1,608.1815152522051,607.5519379163602,608.0500896298139,607.960861786383,52.91924232547543,0.17010772496632123,0.17134717952562772
22.200000000000003,608.273809047256,611.842588356831,608.3035876173672,608.2172260560415,52.918405804359985,0.17010772495997525,0.17134202317076788
22.3,608.3558153447177,609.3906369375687,608.4310022769967,608.3466214522017,52.5550050044827,0.17010772495424117,0.17133554733419223
22.400000000000002,608.4343183483344,604.6471326892927,608.3475640438725,608.2636227705457,52.44424799764019,0.17010772494905996,0.17132876377984277
22.5,608.5206528442509,604.4528245639356,608.2680261876824,608.1844427037998,52.75910913324678,0.1701077249443783,0.17132318309865283
22.6,608.6145832454179,610.5649722940132,608.4602153397373,608.3788204605402,53.06712483970045,0.17010772494014806,0.17131866244978425
22.700000000000003,608.7014659539483,608.8276320104437,608.5628660664859,608.4830361201455,52.8260811216144,0.1701077249363257,0.17131319268554557
22.8,608.7861134494735,609.4502074675427,608.6853419002832,608.607191014597,52.764319441202346,0.17010772493287188,0.1713074938250601
22.900000000000002,608.8674480623029,611.4074319380794,608.8823714815549,608.8064057845484,52.661437742153325,0.1701077249297511,0.17130144880436035
23.0,608.9414498617693,610.1301443042987,609.0088318183402,608.9345701497776,52.406444144405114,0.17010772492693124,0.1712945669266443
23.1,609.0119111911481,609.5434177806777,609.1011741806511,609.0283631519225,52.29226971244877,0.17010772492438322,0.17128742470284025
23.200000000000003,609.080658089314,608.6688056132683,609.1505734119294,609.0788880800695,52.2459000766399,0.17010772492208093,0.17128028728013722
23.3,609.1499884727174,607.2784986008825,609.1394179301727,609.068399913043,52.28556133954507,0.17010772492000056,0.17127345654016277
23.400000000000002,609.2231438989974,613.7552062366755,609.4083793622575,609.3398744611878,52.447353674467735,0.17010772491812082,0.1712673292893791
23.5,609.2850394498997,612.7884114892452,609.6125939894906,609.5462048497297,52.04250583356615,0.17010772491642231,0.1712598670231729
23.6,609.3391597547021,609.3614179024618,609.6539115566682,609.5885562211603,51.76588300798503,0.1701077249148876,0.17125165323660263
23.700000000000003,609.3942623014195,612.0822049519404,609.8101933669844,609.7465951421163,51.816794702912375,0.17010772491350085,0.1712439075626587
23.8,609.4441494510132,610.832804950448,609.9009687309581,609.8386904031374,51.63475090957907,0.17010772491224782,0.17123577524439773
23.900000000000002,609.4923373364086,605.3700698005861,609.7536394302433,609.6910876191922,51.58367348350552,0.1701077249111156,0.17122775514236496
24.0,609.5516168032335,606.622425519213,609.6778254658185,609.6153608501783,52.013468175204025,0.17010772491009252,0.17122151461155954
24.1,609.6181116307132,611.1914427236156,609.807388132024,609.7462715971054,52.30026810473015,0.17010772490916812,0.17121637851353386
24.200000000000003,609.6807546194972,613.3794527268024,610.0203330071898,609.9611055245404,52.172483894904786,0.17010772490833284,0.17121079424041763
24.3,609.7350544644802,608.4256053213987,610.0044766955554,609.9456915828622,51.8747049847895,0.17010772490757808,0.17120421717360287
24.400000000000002,609.7933101322743,609.1842213057314,610.0258243167164,609.9676671056243,52.03757595231721,0.1701077249068961,0.17119835554916776
24.5,609.853501307954,610.7476932431534,610.1148499656991,610.0577151196421,52.12544823573678,0.1701077249062799,0.17119287852820922
24.6,609.9119726342363,611.9885715865277,610.2509901714346,610.1951649469482,52.076275056504684,0.1701077249057231,0.17118727224773955
24.700000000000003,609.966179896989,613.9459789244002,610.4599320909391,610.4058805429246,51.93092375242297,0.17010772490521997,0.17118121699677785
24.8,610.012202222042,609.5992079447922,610.4661845340088,610.4126632584869,51.63693375504102,0.17010772490476536,0.17117424220150834
24.900000000000002,610.0609329851831,613.2080063371059,610.628504844719,610.5764448777521,51.750741691331584,0.1701077249043546,0.17116786653889385
25.0,610.1039655192845,607.8843085456731,610.5512477005002,610.49917744488,51.54891400402356,0.17010772490398346,0.17116093104610772
25.1,610.1541711927422,610.3374735403439,610.5893108369041,610.537872426789,51.82995709531892,0.17010772490364806,0.17115518082267117
25.200000000000003,610.2053269968472,610.5113622517367,610.6341316464907,610.583340533504,51.87868840723307,0.170107724903345,0.1711496880347677
25.3,610.2570542675453,611.3060176905171,610.7114179108869,610.6614496111596,51.91341878846799,0.17010772490307116,0.17114438040422222
25.400000000000002,610.3075933942334,609.0898368958208,610.6898364265455,610.6400811258039,51.88208613704532,0.17010772490282375,0.17113901110215626
25.5,610.3622453740002,608.8604812993241,610.6638532537362,610.614241514852,52.04992229649858,0.1701077249026002,0.17113428420241297
25.6,610.4212263695114,609.873804715394,610.6867682160116,610.6375516153502,52.22695910325396,0.1701077249023982,0.17113016911240236
25.700000000000003,610.481888045085,609.4548244423585,610.6927369317197,610.6437904417584,52.305463386104094,0.17010772490221565,0.1711262619831642
25.8,610.5451244300796,609.9031991125385,610.720353178871,610.671777828088,52.4180478288701,0.17010772490205073,0.17112266259297776
25.900000000000002,610.6097543532511,610.6836898963729,610.7815530255093,610.7335292243486,52.48685527792993,0.17010772490190168,0.17111918869674686
26.0,610.6739571731534,611.1255404836561,610.8585351219022,610.8111495391537,52.487517193165345,0.170107724901767,0.1711155912910594
26.1,610.736871676707,614.9356069526327,611.0929290444493,611.0471095677995,52.455665068163555,0.17010772490164533,0.17111177092590926
26.200000000000003,610.7900282488453,611.0508270046945,611.1415695854034,611.0962748590322,52.10477391519403,0.17010772490153542,0.17110663708468307
26.3,610.8434089796078,614.4897982767066,611.334621640568,611.2906819298937,52.12698058413825,0.17010772490143608,0.17110162837775064
26.400000000000002,610.8892410707566,612.0154378418563,611.4060044392494,611.3627452642486,51.85675962311626,0.17010772490134632,0.17109571201546148
26.5,610.9340598079084,611.095727467282,611.434075882905,611.3912393729879,51.83050550176401,0.17010772490126522,0.17108983544961762
26.6,610.9801802293673,608.8793671140643,611.3680519695592,611.3250771135548,51.89110489055548,0.17010772490119194,0.17108430126556076
26.700000000000003,611.0326418269735,612.8694528800976,611.481375623303,611.4392378224683,52.14167863828614,0.17010772490112572,0.17107974203570392
26.8,611.0817864576278,614.5766300660608,611.6588589465949,611.6179325378637,52.03046484223454,0.17010772490106588,0.17107479582677432
26.900000000000002,611.1241594955352,609.6705384543745,611.6127473340682,611.571796539521,51.78839608606508,0.1701077249010118,0.171069045875204
27.0,611.171769423807,609.99303907991,611.5879422131463,611.5470448993137,51.99645011735531,0.17010772490096293,0.1710641515378128
27.1,611.223450102658,608.6191036215091,611.5101604738904,611.46898674977,52.16198294877663,0.1701077249009188,0.17105987979230836
27.200000000000003,611.2820273449801,613.0518796471775,611.631704489394,611.5913173172157,52.43490938036638,0.17010772490087891,0.17105654548160676
27.3,611.3367705040719,609.7523788375561,611.6036271532695,611.5632121887974,52.305835072302784,0.1701077249008429,0.1710526486683892
27.400000000000002,611.3957089514118,616.376247006796,611.8630241128579,611.8241413910129,52.47791320725153,0.17010772490081033,0.17104930194751689
27.5,611.4433824022663,609.9870518600568,611.827453207169,611.7885370303014,52.069313388910416,0.1701077249007809,0.17104441836431
27.6,611.4956384791917,611.9289591938905,611.8809430078289,611.8424473231544,52.25413674003026,0.17010772490075432,0.17104023334971208
27.700000000000003,611.5476735460549,610.1971924457688,611.858276174408,611.8197800777558,52.25939168109282,0.17010772490073028,0.17103604937790146
27.8,611.6035651081661,617.239956072789,612.1402873305192,612.1034186661082,52.4180283711124,0.1701077249007086,0.17103240552523763
27.900000000000002,611.6469312473777,609.7830608512968,612.0795757932274,612.0425456511715,51.961217007746626,0.17010772490068898,0.17102709262163554
28.0,611.6961850137295,610.4419891813584,612.0558320361595,612.0187982897663,52.194037581108205,0.17010772490067125,0.17102269841306106
28.1,611.7493188114149,617.9232979613818,612.355473823954,612.3201405779548,52.35284432102091,0.17010772490065523,0.17101887267566612
28.200000000000003,611.788947537895,610.6997537249343,612.3204857327887,612.2851383743088,51.85845833886438,0.17010772490064077,0.17101326988712615
28.3,611.8330500828204,608.0252384644247,612.1780497078012,612.1420865333432,52.03711136241341,0.1701077249006277,0.17100843207138083
28.400000000000002,611.8873762163383,611.9484129566512,612.2196106643682,612.183938592304,52.43329417901106,0.17010772490061588,0.17100504680844117
28.5,611.942016675114,610.1090021253094,612.1815554398254,612.1457505616012,52.459250675166444,0.1701077249006052,0.17100167081818055
28.6,612.0012333951389,612.0289365402432,612.2317900141744,612.1962856079153,52.64566923095609,0.17010772490059556,0.1709988672575572
28.700000000000003,612.0602657080728,612.3454355144771,612.2932173342415,612.2580707928433,52.6541362822486,0.17010772490058684,0.17099595573686105
28.8,612.1185004562371,612.9970984869532,612.3789473558276,612.3442874841928,52.63948520446417,0.170107724900579,0.17099286741683442
28.900000000000002,612.1746216609672,614.9216144198144,612.5406396763735,612.5068695357797,52.57510894692329,0.17010772490057188,0.17098944714766037
29.0,612.224541948146,609.5219668082402,612.4591240400142,612.4250192972414,52.35637614839164,0.17010772490056544,0.17098518837979154
29.1,612.2813171411178,614.7571261265409,612.6111911734367,612.5779106059016,52.62732643249587,0.17010772490055961,0.17098189589938542
29.200000000000003,612.3323829250793,613.0197310649612,612.6767472210892,612.6438762377119,52.427264709116514,0.17010772490055437,0.17097782087416052
29.3,612.3823811938449,613.1815550447768,612.7452585502089,612.7128138418309,52.40039468311882,0.17010772490054962,0.17097365194898176
29.400000000000002,612.4311430015684,612.5345985367967,612.7820147585961,612.7498377824498,52.36689133646247,0.17010772490054532,0.17096937724337943
29.5,612.480363174879,615.7128513766035,612.9528801897488,612.9216403033238,52.39684507740007,0.17010772490054143,0.17096523224797097
29.6,612.5228295570149,612.8814986048991,612.98872917419,612.9577796484257,52.15552363261896,0.17010772490053794,0.17096025296807596
29.700000000000003,612.5657895567751,616.6551564204798,613.1840450523702,613.1541723156746,52.185167145930905,0.17010772490053477,0.1709554778100562
29.8,612.6006703173842,610.184702842078,613.08706099885,613.0568517294005,51.89234008827633,0.17010772490053191,0.1709497550425578
29.900000000000002,612.6431640179236,614.0045720252906,613.1648650694608,613.1351346816666,52.18791274353057,0.17010772490052933,0.1709452512979999
30.0,612.6838640305472,612.4751233047174,613.1723399276473,613.1427478724379,52.13149549218163,0.170107724900527,0.17094060827188215
30.1,612.72653669942,613.2869992470179,613.2161382285783,613.1868463534024,52.21634163191469,0.1701077249005249,0.1709363387965329
30.200000000000003,612.769217460073,614.2959752242074,613.3009721203845,613.272174703689,52.22777620645162,0.170107724900523,0.17093214907745471
30.3,612.8096922422477,614.0207590218396,613.3680732004291,613.3396911393455,52.15589775884164,0.17010772490052128,0.17092774007834954
30.400000000000002,612.8489050294852,615.2723586895463,613.4841411525055,613.4564104692221,52.118967976135075,0.1701077249005197,0.17092325888055776
30.5,612.884218472958,610.4085042191556,613.3841416145212,613.3560461164882,51.982465211689735,0.17010772490051831,0.17091836455815484
30.6,612.9272238541764,611.6951411758643,613.3514277063979,613.3232433329296,52.28113345599263,0.17010772490051704,0.17091463207629046
30.700000000000003,612.9742857262956,610.5059455962813,613.273942166854,613.2454337966768,52.44500658978058,0.1701077249005159,0.1709114715014807
30.8,613.0277885985873,613.203780284775,613.3215197406644,613.2932416365859,52.699671324319304,0.17010772490051485,0.17090914571317734
30.900000000000002,613.0809986900415,611.2024194530563,613.2817091190191,613.253251819734,52.7026232281353,0.1701077249005139,0.1709066862768525
31.0,613.1385948640669,612.7325028950081,613.3135051372517,613.2851810883568,52.88157034364168,0.17010772490051304,0.17090472668147125
31.1,613.1967157592758,610.6500036884331,613.2560554008726,613.2274453545492,52.91635999551256,0.1701077249005123,0.17090271038957705
31.200000000000003,613.2601385064239,609.7169894974327,613.1672490370336,613.1381797954128,53.13105700958224,0.1701077249005116,0.17090127661728377
31.3,613.3305256622913,614.0848570545858,613.275699154021,613.2470549784153,53.40970632990087,0.17010772490051096,0.17090059180742734
31.400000000000002,613.3972690497671,611.7125909080896,613.2748719643522,613.246166886179,53.290985414111695,0.1701077249005104,0.17089918360140297
31.5,613.4662277884999,614.1398134931196,613.3798820500814,613.3515985123385,53.39179992972256,0.17010772490050988,0.1708978974904221
31.6,613.5317076966146,617.8189849717448,613.6332831000808,613.6061292914065,53.27892069228031,0.17010772490050943,0.17089597022306197
31.700000000000003,613.5857409249385,615.0670661068564,613.7465666187313,613.7199534489874,52.86529784123007,0.17010772490050902,0.1708924089558987
31.8,613.6358549578457,614.6249934755774,613.8320456514314,613.8058627575725,52.731949991578404,0.17010772490050866,0.17088836629910506
31.900000000000002,613.683537762656,616.9088578464853,614.0084238943407,613.9830952052642,52.6535727468325,0.17010772490050832,0.1708840862215504
32.0,613.7239054820924,612.430665221621,613.9789298411519,613.953551839784,52.39077689939642,0.17010772490050802,0.17087894492385416
32.1,613.7680064456196,615.0126722281792,614.0645552901203,614.0396255958955,52.541828111959,0.17010772490050774,0.170874489908988
32.2,613.8096469934179,618.2271894868287,614.280582439757,614.2566928508916,52.46078434377718,0.1701077249005075,0.17086983612078255
32.300000000000004,613.8418245298933,613.643585962031,614.2821905560327,614.2584240063546,52.11558290527607,0.17010772490050724,0.17086407445079463
32.4,613.8760489971042,613.7963656209893,614.2923982807862,614.2687778298898,52.201036354286394,0.17010772490050702,0.17085883791641032
32.5,613.911845098466,617.1711018394652,614.4473574853564,614.424506050544,52.26914092891713,0.17010772490050685,0.17085401478279358
32.6,613.9414341952904,613.5622756156334,614.4354600687394,614.4126721226502,52.04493942710336,0.17010772490050668,0.17084853458223015
32.7,613.9737681201982,615.7633918026609,614.5205926465309,614.4982702809266,52.155980561664464,0.17010772490050655,0.17084364890176154
32.800000000000004,614.0036267260283,616.7893102435341,614.6429840794797,614.6212924981268,52.07130154230237,0.1701077249005064,0.17083860947880833
32.9,614.0290055380215,612.9062063243359,614.5900844712252,614.5682887100969,51.91054418292076,0.17010772490050627,0.17083316565636567
33.0,614.0593051461934,614.9619894411313,614.6321237031325,614.6105992562315,52.1023688718795,0.17010772490050616,0.17082860534603136
33.1,614.0894143112548,614.2300501224175,614.6409774742318,614.6195804362544,52.10314178704807,0.17010772490050605,0.17082416710945247
33.2,614.1211033199534,616.5995798232683,614.7518818299433,614.7310282026275,52.17048362263964,0.17010772490050594,0.17082007569573826
33.300000000000004,614.1488856992248,613.7124741938842,614.7309827522816,614.7101359132535,52.031777807867186,0.17010772490050585,0.17081557062733094
33.4,614.1798277167982,615.894268080018,614.8071235335043,614.7866670234276,52.15796102748274,0.17010772490050577,0.17081163103964433
33.5,614.2087092085393,616.1646376625919,614.8892258492103,614.8691886757455,52.08853213690009,0.1701077249005057,0.17080751099269087
33.6,614.2352041985013,614.843404240215,614.9089820419292,614.8891146302303,52.00629694550696,0.17010772490050566,0.1708031853882867
33.7,614.262650794452,616.83826822287,615.0136887964201,614.9943278831648,52.049053890234966,0.17010772490050563,0.1707991185190962
33.800000000000004,614.2864815998619,613.3503338521989,614.9615982112734,614.9421206312247,51.920184105534304,0.1701077249005056,0.17079467986307095
33.9,614.3151021413404,616.4297763780961,615.0478034439873,615.0287404570059,52.10667740310227,0.17010772490050557,0.17079102328323714
34.0,614.3410777231114,613.535089946631,615.0042956005549,614.9851361317508,52.01465034696978,0.17010772490050555,0.17078708743752735
34.1,614.3713594046078,618.9323432630987,615.1967784038557,615.178438907497,52.183507636162595,0.17010772490050552,0.17078382420645852
34.2,614.393274827453,615.6768422927959,615.2334643248757,615.2153592279706,51.87661769559513,0.1701077249005055,0.17077948591936584
34.300000000000004,614.4151837805023,613.2918899445469,615.1670526779316,615.1487726490379,51.88212346236834,0.17010772490050546,0.17077528733026373
34.4,614.442605092743,615.0432480380209,615.1838469250736,615.1656905671663,52.095308893743216,0.17010772490050544,0.17077195049935265
34.5,614.4710577894481,614.768760319327,615.1893125726706,615.171228721273,52.14131615181487,0.1701077249005054,0.17076879892193295
34.6,614.5011379897887,617.2960600824608,615.303740730172,615.2861417918847,52.21002755638871,0.17010772490050538,0.17076589562331002
34.7,614.5269908225528,615.4840289003301,615.3315921929974,615.3141592613218,52.05883999724647,0.17010772490050538,0.17076243946148031
34.800000000000004,614.553256559482,617.6163042148274,615.4493160184257,615.432388532201,52.08116346575897,0.17010772490050538,0.1707591013924161
34.9,614.5751063903352,615.1062736620195,615.4504097849896,615.4335576273805,51.92188103867862,0.17010772490050538,0.17075522874041768
35.0,614.5987922030695,615.818379928433,615.4836436886694,615.4669777877266,51.99670727204575,0.17010772490050538,0.17075170543969453
35.1,614.6225782457693,613.2971968387786,615.4082716790937,615.3913794996545,52.00669717347637,0.17010772490050538,0.1707482685005291
35.2,614.6522779043454,616.1660003994068,615.4644682554269,615.4478171593383,52.235479954624054,0.17010772490050538,0.1707456847856512
35.300000000000004,614.6808175803409,616.5867584551376,615.5348650662171,615.5185109908986,52.199626463662945,0.17010772490050538,0.17074293316593328
35.4,614.7074288893187,617.8476138218192,615.6537408884576,615.6378695706039,52.13455369063352,0.17010772490050538,0.17073992849000255
35.5,614.7295071678988,612.6233565109595,615.5403918391361,615.5241597295212,51.97095783551675,0.17010772490050538,0.17073634900688572
35.6,614.7595011421694,613.2719827505064,615.4679835824845,615.4515079861161,52.274635920386956,0.17010772490050538,0.17073390813541903
35.7,614.7951927333439,614.1781816032967,615.4433680352005,615.4268006260804,52.49692432733603,0.17010772490050538,0.1707322037133154
35.800000000000004,614.8340006063579,614.9317064694967,615.4552479933053,615.4387099373148,52.62357104114658,0.17010772490050538,0.17073082366974468
35.9,614.8739537407898,617.8308883295343,615.5911947571288,615.5751355352958,52.676865319304675,0.17010772490050538,0.17072947636152966
36.0,614.9083901949041,616.4731843209098,615.657649939927,615.6418387486618,52.47976276798977,0.17010772490050538,0.1707272731850082
36.1,614.9410362653947,615.9055520987373,615.6951913018571,615.6795296781651,52.42143795377105,0.17010772490050538,0.1707247925615026
36.2,614.9734363262978,619.0392602911054,615.8641266411789,615.8490894123254,52.420760797982915,0.17010772490050538,0.17072226769739565
36.300000000000004,614.9985386037393,611.9412636746188,615.7160607458791,615.7005347880645,52.154650435539025,0.17010772490050538,0.17071876440426886
36.4,615.0333403020078,614.7415176474109,615.7038881973638,615.6883210973825,52.52625433618017,0.17010772490050538,0.17071664121675942
36.5,615.0705307913489,619.7234197954932,615.9067112228875,615.8918608502256,52.62529850657027,0.17010772490050538,0.1707147945004773
36.6,615.0985726623588,618.109176917036,616.0223189945592,616.0079092829708,52.29080039238184,0.17010772490050538,0.17071166211053462
36.7,615.1221488667485,613.7343864210584,615.942063208726,615.9274169473638,52.130124434061784,0.17010772490050538,0.17070799065378098
36.800000000000004,615.1517574892783,612.614593642709,615.8241077102807,615.8090682493793,52.36333493580215,0.17010772490050538,0.17070523176940508
36.9,615.1893997370526,620.2755756203867,616.0456988180964,616.031424077756,52.67344164927739,0.17010772490050538,0.17070356662958036
37.0,615.2168530157935,617.435947657879,616.1260385890367,616.1120732842745,52.29991575174633,0.17010772490050538,0.1707004640811598
37.1,615.2416983401345,615.3584348795314,616.1117353979948,616.0977590169558,52.20899660586659,0.17010772490050538,0.17069707173077026
37.2,615.2690047234696,613.1015439944596,616.0046921745952,615.9903743092265,52.308147550334425,0.17010772490050538,0.17069409407209735
37.300000000000004,615.3037298564667,614.0525612101591,615.9506957665124,615.9361901398956,52.59451322270086,0.17010772490050538,0.1706921539180005
37.4,615.3430088017351,613.9194531336815,615.8983166052515,615.8836117149475,52.775019659963554,0.17010772490050538,0.1706907720697305
37.5,615.3867383056744,615.5759733354942,615.923513573526,615.9088587278467,52.95284039271036,0.17010772490050538,0.17068988311637112
37.6,615.4307443284679,613.5353975548378,615.8612452001892,615.8463421365908,52.97475777963355,0.17010772490050538,0.17068888542221186
37.7,615.47970583212,615.5590192428009,615.8931705052769,615.8783230544296,53.17282754077939,0.17010772490050538,0.1706884142526422
37.800000000000004,615.5285573757079,612.213598237803,615.7814707420073,615.7661919749745,53.181582474557416,0.17010772490050538,0.1706877460917292
37.9,615.584988510334,613.9301647698951,615.7559040511101,615.740459694684,53.47968271371795,0.17010772490050538,0.1706879256788201
38.0,615.6443611570191,615.1994436635035,615.7887855705361,615.7733665939181,53.60524267735216,0.17010772490050538,0.17068825614798047
38.1,615.7035294326271,616.1272090021015,615.859699768918,615.8444405445356,53.61319521294468,0.17010772490050538,0.17068830564467757
38.2,615.7604473572635,615.4148232850854,615.8950488864426,615.8798405267287,53.544102906264406,0.17010772490050538,0.17068782963573859
38.300000000000004,615.8170171456017,615.592521923904,615.9362561754574,615.921122987347,53.54600453661092,0.17010772490050538,0.1706871327538236
38.400000000000006,615.8729175567207,616.8426301972322,616.0283274179236,616.013447736577,53.535728385500896,0.17010772490050538,0.17068619444755256
38.5,615.9254159653768,615.8780686140406,616.0719351605117,616.0571598835288,53.42244440967515,0.17010772490050538,0.17068467456203634
38.6,615.9771081041409,616.0382931223506,616.119779980343,616.1051282399534,53.40594851693614,0.17010772490050538,0.17068297541206925
38.7,616.0277606112008,613.9399209263797,616.0753716537332,616.0605378806758,53.38046052168745,0.17010772490050538,0.17068108400399104
38.800000000000004,616.0823116994619,615.128939123533,616.0878109344569,616.0729731934243,53.54053586143579,0.17010772490050538,0.17067967824589422
38.900000000000006,616.1376999653345,615.6615755145523,616.1234586519562,616.1086936014658,53.58643550400456,0.17010772490050538,0.1706783050602665
39.0,616.1926724600925,615.413282300687,616.146758859685,616.1320286765416,53.58540775190696,0.17010772490050538,0.17067679546634174
39.1,616.2478840569217,615.9091424667706,616.1905949750061,616.1759690799037,53.60891731498994,0.17010772490050538,0.17067525088860372
39.2,616.3022262373111,617.9558073981601,616.3188394098353,616.304603433484,53.59077681746678,0.17010772490050538,0.17067352792972929
39.300000000000004,616.3511697065185,618.413525721141,616.4553889514132,616.441590741585,53.401962075971326,0.17010772490050538,0.17067104024781501
39.400000000000006,616.3942719669786,619.4627499539107,616.6245264750128,616.6112933156699,53.19507155235354,0.17010772490050538,0.1706678019018569
39.5,616.42979019579,616.8644295949454,616.6678082877144,616.6547522210432,52.92105347102702,0.17010772490050538,0.17066365175724474
39.6,616.4644753855698,617.0140420614583,616.7147523421784,616.7018858596921,52.89908813806996,0.17010772490050538,0.17065957834761192
39.7,616.4981255340552,616.3924423981905,616.7321806375468,616.7194098233635,52.86930200217521,0.17010772490050538,0.17065554810617195
39.800000000000004,616.5323168559253,612.5413530252862,616.5857194458335,616.5725163008944,52.89855997659865,0.17010772490050538,0.17065176822598582
39.900000000000006,616.5758226577728,615.6761176586913,616.5889905256282,616.575799273777,53.2581218585279,0.17010772490050538,0.1706493876268444
40.0,616.62059535242,616.0268072873137,616.6085245843656,616.5953923069859,53.3172979200251,0.17010772490050538,0.170647199737123
40.1,616.665753974699,618.2666137560348,616.7230181809384,616.7102435006818,53.34365793053737,0.17010772490050538,0.17064506965028797
40.2,616.7062026799259,613.6905003838004,616.6330234642348,616.6199790022151,53.178353108138694,0.17010772490050538,0.1706423122109564
40.300000000000004,616.7528995268199,617.3592860456862,616.7097761794159,616.696962525064,53.42418231504993,0.17010772490050538,0.1706404514857393
40.400000000000006,616.7968915866212,615.1675919194479,616.687245315294,616.6743620088499,53.33474564410153,0.17010772490050538,0.17063820764994597
40.5,616.8434962870915,613.7735963743506,616.6093533331982,616.5962194611067,53.4447030564412,0.17010772490050538,0.1706363282571705
40.6,616.895667788246,615.8083284544776,616.6275062985999,616.6144008100285,53.666525957316644,0.17010772490050538,0.17063517432906275
40.7,616.9482428622671,617.1983025405702,616.7046135426785,616.6917184953508,53.695519251372616,0.17010772490050538,0.1706339886525015
40.800000000000004,616.9980552255718,619.5360086725032,616.8750254506837,616.8626389615952,53.60546669577468,0.17010772490050538,0.17063235242243185
40.900000000000006,617.0401042636179,616.1016426875221,616.8838378311594,616.87148935646,53.326499373669904,0.17010772490050538,0.17062964099997038
41.0,617.0830554874057,617.9295688215722,616.971101811947,616.9590273508027,53.371583690375715,0.17010772490050538,0.17062711499558458
41.1,617.1226973545324,619.9000880158951,617.1349629069138,617.1234046867244,53.25841742818227,0.17010772490050538,0.17062419475217383
41.2,617.1549257741793,614.911287992314,617.0717105275593,617.0600046558964,52.98992870947163,0.17010772490050538,0.17062036942024736
41.300000000000004,617.1919150643316,616.7812659582561,617.0959017047877,617.084293710746,53.17762872456868,0.17010772490050538,0.1706173534677954
41.400000000000006,617.2289649569847,616.43871701442,617.1046379277304,617.0930802083769,53.18970767776192,0.17010772490050538,0.17061444237787474
41.5,617.2668965462807,612.4000931879868,616.9422898338553,616.9302715047871,53.23270388041631,0.17010772490050538,0.17061173681744307
41.6,617.3148663371913,619.4301208405562,617.0968342755397,617.0852585271981,53.62051857254804,0.17010772490050538,0.1706104424017824
41.7,617.3558730549393,617.803779496203,617.1682100862815,617.1568542855845,53.37119194245411,0.17010772490050538,0.1706081533564024
41.800000000000004,617.3943785229411,615.5258059609981,617.1370566127199,617.1256275829129,53.28793188282553,0.17010772490050538,0.17060556119847567
41.900000000000006,617.4358731462742,617.4326978410448,617.1916701405084,617.1804077003027,53.41062901233955,0.17010772490050538,0.17060342981190338
42.0,617.4757504172802,615.3793710665075,617.1549891868996,617.143632915937,53.360764700556956,0.17010772490050538,0.17060110028731332
42.1,617.518897167908,620.3390035037042,617.3344508708293,617.3236145378357,53.49437794012891,0.17010772490050538,0.17059924591224787
42.2,617.5537229314501,618.2955671341094,617.4104372422045,617.3998475960998,53.19267855095311,0.17010772490050538,0.17059627199264774
42.300000000000004,617.5857797955862,617.6737676317628,617.4537995742079,617.4433697964156,53.09771395846401,0.17010772490050538,0.1705930279618538
42.400000000000006,617.6168141089369,617.3091186645055,617.4787456202968,617.4684244617514,53.06773585986824,0.17010772490050538,0.1705897737901082
42.5,617.6478078575055,615.5930510689286,617.4296506898587,617.4192278273165,53.07444228457913,0.17010772490050538,0.17058664256145234
42.6,617.6827204689337,616.0150082021825,617.404902590927,617.3944331708715,53.23014327517578,0.17010772490050538,0.17058415336875377
42.7,617.720234027003,615.2198806251545,617.3502991834321,617.3396911744248,53.337288256357084,0.17010772490050538,0.17058206972863343
42.800000000000004,617.7619362559468,616.1804384843758,617.3435234187332,617.3328964506163,53.50487533750611,0.17010772490050538,0.17058056654202522
42.900000000000006,617.8052512200231,619.3638349153069,617.474294904126,617.4640252048072,53.57663582061699,0.17010772490050538,0.17057924501171515
43.0,617.8428027122237,618.2773146659268,617.5471514449653,617.5370960220869,53.37123806018721,0.17010772490050538,0.17057710164502998
43.1,617.8776974260372,616.4192273102317,617.5350895675884,617.5250220541835,53.28122546540695,0.17010772490050538,0.17057463080757831
43.2,617.9144822991419,613.7895533186032,617.413844725839,617.4034603451244,53.361623180671806,0.17010772490050538,0.17057247308058118
43.300000000000004,617.9589949800238,622.1574454007883,617.6621287880729,617.6524108791259,53.66221199533889,0.17010772490050538,0.17057138107504333
43.400000000000006,617.9914238996522,617.1785879037778,617.6750952282802,617.6654399547691,53.21928681854453,0.17010772490050538,0.17056860232494933
43.5,618.0243888731834,620.8542388931145,617.8444698935926,617.8352957199996,53.24807426771043,0.17010772490050538,0.17056598704314507
43.6,618.0495064242609,619.5334848073672,617.9419877562085,617.9331213776978,52.96150978004939,0.17010772490050538,0.17056239722530311
43.7,618.0706339703141,619.2692361111929,618.0197839942842,618.0111804651142,52.81802725087602,0.17010772490050538,0.17055844234044615
43.800000000000004,618.0888294190738,617.0181854341681,617.9953303400406,617.9867252316993,52.71329727139215,0.17010772490050538,0.17055429914974052
43.900000000000006,618.109568067651,617.8262852409963,618.0090186027148,618.0005018002054,52.8138404859049,0.17010772490050538,0.17055072003207158
44.0,618.1307964654965,617.4964034043857,618.0086126697713,618.0001438123458,52.83778233089075,0.17010772490050538,0.170547376780879
44.1,618.1532624162348,615.4792654061879,617.9237772874756,617.9151340644618,52.88999686848652,0.17010772490050538,0.17054434789800949
44.2,618.1814785550022,620.0060446303872,618.0413231146359,618.0330052690576,53.112365023609875,0.17010772490050538,0.1705422091622269
44.300000000000004,618.2045908713724,616.7955950605484,618.011815289561,618.0034611803121,52.92779256172756,0.17010772490050538,0.17053942197265276
44.400000000000006,618.2304775998514,620.0453385892797,618.1247904217305,618.1167506535578,53.03834612741548,0.17010772490050538,0.17053710460940194
44.5,618.2514981724275,616.4933176093994,618.07662443889,618.06850548369,52.86209967438853,0.17010772490050538,0.17053418880204946
44.6,618.2762844864449,619.6185507331064,618.1675070360888,618.1596440347031,53.00940495928714,0.17010772490050538,0.17053188937770566
44.7,618.2973781992349,616.6166985168451,618.1228577647332,618.1149224795846,52.877031416914015,0.17010772490050538,0.17052914845877626
44.800000000000004,618.3220375154774,619.7686175173662,618.21802631987,618.2103524850581,53.01682530235514,0.17010772490050538,0.17052698194891347
44.900000000000006,618.342763559914,622.6149160368268,618.4259229579515,618.4187948278426,52.87536176655749,0.17010772490050538,0.17052433039931864
45.0,618.3535227284361,618.3987786575165,618.4348074131974,618.4277623052153,52.50578913271016,0.17010772490050538,0.17052043050959645
45.1,618.3649840933922,618.1350610955815,618.4327853823562,618.4257922626946,52.53507655491257,0.17010772490050538,0.17051683265317236
45.2,618.3777244828216,615.868585359132,618.3357838602211,618.3286102760533,52.58625871732708,0.17010772490050538,0.1705135861399312
45.300000000000004,618.3968206795722,617.8550464642549,618.3342490110279,618.3271038474837,52.82883658784918,0.17010772490050538,0.17051133956097653
45.400000000000006,618.4171435106856,616.5196957663848,618.2773100020789,618.2700578806543,52.88007840651343,0.17010772490050538,0.17050931052292626
45.5,618.4416510802486,619.0384105238275,618.3344578252852,618.3273553224078,53.04296976136564,0.17010772490050538,0.17050787605377626
45.6,618.4642218331063,617.8074761595914,618.3347383250725,618.3276562173868,52.97660132463463,0.17010772490050538,0.17050615932556495
45.7,618.4878984263763,620.019954666757,618.4303107858545,618.4234676735701,53.024222972502805,0.17010772490050538,0.17050459610552549
45.800000000000004,618.5075717024555,617.445813625535,618.4080028107632,618.4011338008245,52.87986538340039,0.17010772490050538,0.17050248700688025
45.900000000000006,618.5295546723077,620.7140588605472,618.5281389867628,618.5215663348351,52.972021790883474,0.17010772490050538,0.1705007316900383
46.0,618.5462117368733,616.9314961371718,618.4765077116721,618.4698482717,52.7774410595138,0.17010772490050538,0.17049827247397106
46.1,618.5667431557825,617.1930856700297,618.4423892079577,618.4356723255838,52.92767870306705,0.17010772490050538,0.17049641171617536
46.2,618.5901983324062,617.7847874829023,618.4380693890594,618.4313548337976,53.0431738720436,0.17010772490050538,0.17049496580731408
46.300000000000004,618.6149709091505,616.6067349211678,618.3852894122398,618.3784634038834,53.09899530727802,0.17010772490050538,0.17049368062646658
46.400000000000006,618.6436470429215,613.7774446047298,618.2187166052612,618.2115112927146,53.25249353306761,0.17010772490050538,0.17049288884977695
46.5,618.6823051538692,615.3006051819688,618.1349394604069,618.1275156632992,53.63578264247811,0.17010772490050538,0.17049336001053045
46.6,618.7264882292429,619.1532534290109,618.224716480273,618.2174542347321,53.85399874467598,0.17010772490050538,0.17049437738240467
46.7,618.7668896020077,620.6087377974898,618.3686196450948,618.3616541336369,53.72344705946269,0.17010772490050538,0.17049464224209557
46.800000000000004,618.8006139940112,621.6989621721224,618.5456323465177,618.5390570901549,53.48293072031686,0.17010772490050538,0.17049383824189632
46.900000000000006,618.8258969408681,622.2798688016686,618.7307173923722,618.7245708828144,53.17423423637933,0.17010772490050538,0.17049183015765643
47.0,618.8423178394204,619.2577433038284,618.769788306844,618.7637617817896,52.84746094223208,0.17010772490050538,0.17048867555530894
47.1,618.8577052348147,618.8753418975327,618.7897841581484,618.7838356729537,52.81294152646374,0.17010772490050538,0.17048553483271808
47.2,618.873077064041,617.2570078454372,618.7400585216586,618.7340327105751,52.81645538740602,0.17010772490050538,0.17048254389188408
47.300000000000004,618.8921602218422,621.892875168788,618.8936108204696,618.8879431445376,52.960220985057546,0.17010772490050538,0.17048018974146703
47.400000000000006,618.9040613210469,621.8971910099629,619.0329850811398,619.0276580934892,52.69502068568707,0.17010772490050538,0.17047694898336843
47.5,618.9095484948342,619.8700089688601,619.0731779974677,619.0679886006355,52.456814206849046,0.17010772490050538,0.17047300885673264
47.6,618.9139381564627,616.5819357569761,618.9705352119381,618.9651791049514,52.41697330655002,0.17010772490050538,0.17046915054514064
47.7,618.924872467927,615.6334604704507,618.8389489547592,618.8333495162033,52.664440506868786,0.17010772490050538,0.17046639410556053
47.800000000000004,618.9438823639179,620.3634693496056,618.9228540280005,618.9174445248777,52.97126618920302,0.17010772490050538,0.17046484112938987
47.900000000000006,618.959413150261,620.2022733910294,618.9925427292958,618.9873001217297,52.8454017266053,0.17010772490050538,0.17046282546739316
48.0,618.9722276404465,618.230373269668,618.9724234067168,618.9671658753041,52.74731753168402,0.17010772490050538,0.17046049398493798
48.1,618.9871328598003,619.1409087205581,618.9941170377982,618.9889251191553,52.82941436578226,0.17010772490050538,0.17045852332238823
48.2,619.0018818159151,620.2760215577497,619.0629624761552,619.0579321225005,52.82750662688832,0.17010772490050538,0.17045657787904345
48.300000000000004,619.0139463283347,619.2181877597696,619.0809393094853,619.0759712061312,52.73041329897296,0.17010772490050538,0.17045431598916574
48.400000000000006,619.0260492647616,618.1059759284911,619.0508476010579,619.0458430222232,52.73507541965026,0.17010772490050538,0.1704521342553378
48.5,619.040758166193,617.0420294486775,618.9795833933945,618.9744528408573,52.83637335724404,0.17010772490050538,0.17045037088387152
48.6,619.0602663721832,620.4680368378708,619.0622511454608,619.0572925538803,53.02090919156709,0.17010772490050538,0.17044928170692183
48.7,619.0763214400039,620.992402685532,619.1599469231095,619.1551971994289,52.89615683998236,0.17010772490050538,0.17044769421327297
48.800000000000004,619.0881211992855,618.5742541586499,619.1459974701953,619.1412425778678,52.74029557689082,0.17010772490050538,0.17044554825453428
48.900000000000006,619.1016441711512,619.8347677372944,619.188079470498,619.1834254991942,52.808292394234314,0.17010772490050538,0.17044370125025446
49.0,619.1138835502705,618.3965176469464,619.1657756213413,619.1610977510156,52.76359229658968,0.17010772490050538,0.1704417211145803
49.1,619.1282827255889,620.9221417128941,619.254139968518,619.2496491060101,52.84813681543663,0.17010772490050538,0.17044008415622505
49.2,619.138910283349,615.3193071518181,619.0963389396808,619.0915636923934,52.71003761438757,0.17010772490050538,0.17043796071595327
49.300000000000004,619.158942250805,618.9280772845004,619.1089170645995,619.1041666928083,53.0667928046971,0.17010772490050538,0.1704371695612649
49.400000000000006,619.1792375376169,616.7250190536275,619.0275735599985,619.0226660246366,53.08204513693908,0.17010772490050538,0.17043635588466952
49.5,619.2048169785708,617.4895179161068,618.9879784440723,618.9829826759242,53.28631981303625,0.17010772490050538,0.17043619763058257
49.6,619.23343130602,621.4565498626927,619.1221366567131,619.1173819265782,53.40735668370181,0.17010772490050538,0.1704363311242637
49.7,619.2557718179743,620.2204429444713,619.1912618979504,619.1866371365567,53.17888436312795,0.17010772490050538,0.17043547819660457
49.800000000000004,619.2753265932625,616.2731267906727,619.0865783491779,619.0817557901289,53.08000757180548,0.17010772490050538,0.17043420182115226
49.900000000000006,619.301397560927,615.6334029775677,618.9662584938789,618.9611940057894,53.33045270675971,0.17010772490050538,0.17043379369114572
50.0,619.3348038601576,619.9730676896845,619.0436648792424,619.0387216199251,53.613464335380904,0.17010772490050538,0.17043428223023133
50.1,619.3649455869652,619.6749979380108,619.1016597104642,619.096808938744,53.49952189091013,0.17010772490050538,0.17043415853467359
50.2,619.3928635698397,618.9230774879705,619.1228795442902,619.1180564422895,53.42387916388505,0.17010772490050538,0.17043362125770878
50.300000000000004,619.420525728938,619.3230251813948,619.1600034499254,619.1552395329649,53.42170359237113,0.17010772490050538,0.17043297490983936
50.400000000000006,619.4470770998624,619.0895086909804,619.184482729224,619.1797567213674,53.387285015690686,0.17010772490050538,0.17043211557781654
50.5,619.473192145936,620.6718049307516,619.2748038954628,619.2702422570537,53.377953071671875,0.17010772490050538,0.17043115482380533
50.6,619.4953440863808,620.7778276488634,619.3615391107201,619.3571432024054,53.23577957772874,0.17010772490050538,0.1704296285059005
50.7,619.5137284349098,619.7826369125926,619.3981952649395,619.3938778700791,53.09990625500137,0.17010772490050538,0.17042761691853964
50.800000000000004,619.5310281855963,618.3795355852736,619.3724530287712,619.3680990498186,53.063998140953125,0.17010772490050538,0.17042552747893744
50.900000000000006,619.550580085957,620.3535724823132,619.4342150209123,619.429982227774,53.1533747909759,0.17010772490050538,0.17042381708282725
51.0,619.567693004185,620.739503407539,619.5071262221488,619.5030393195524,53.06680861278749,0.17010772490050538,0.1704218190407644
51.1,619.5817710045301,619.1483779931743,619.5059681195019,619.5018960999361,52.95716403603512,0.17010772490050538,0.17041948079103922
51.2,619.5967792146697,621.8145593346353,619.6192416092505,619.6153902323796,52.9959315142684,0.17010772490050538,0.17041736872858126
51.300000000000004,619.606588601292,622.4354372964339,619.7484267291833,619.7448325920604,52.80428934705756,0.17010772490050538,0.17041463667464127
51.400000000000006,619.6103541170756,621.5789814881111,619.8290630219998,619.8256474115828,52.579456301775224,0.17010772490050538,0.1704112296233086
51.5,619.6106814403795,617.797913770691,619.7416381019237,619.7381077953578,52.451070188614594,0.17010772490050538,0.17040756255757264
51.6,619.6165652354441,620.9723900927524,619.7988768389677,619.7954737223675,52.660268343111134,0.17010772490050538,0.17040487214085365
51.7,619.6202499832856,619.1651602911546,619.7743573359187,619.7709418639382,52.579081751867946,0.17010772490050538,0.1704020213664836
51.800000000000004,619.6261101725961,618.2601892581129,619.7146797147094,619.7111864930106,52.66193605008722,0.17010772490050538,0.1703996150893985
51.900000000000006,619.6360181503104,620.1074988134084,619.7404418950326,619.7370085871821,52.81583492701238,0.17010772490050538,0.17039786379347616
52.0,619.6453904068449,619.875126553837,619.7546013478183,619.7512083571283,52.7983206527975,0.17010772490050538,0.17039608853527546
52.1,619.6548446243405,622.2727766488548,619.8701682641758,619.8669854929394,52.80390902933375,0.17010772490050538,0.17039437528384166
52.2,619.658951247859,619.2594221332114,619.8467998676338,619.8436026832649,52.60518490278221,0.17010772490050538,0.17039198714112438
52.300000000000004,619.6651499411282,618.3416669464319,619.7875955525369,619.7843198653466,52.68501449529868,0.17010772490050538,0.17038999079824427
52.400000000000006,619.6753494658617,617.7350351033708,619.7094062417722,619.7060130012153,52.83723693248182,0.17010772490050538,0.17038860673901063
52.5,619.6905532326871,621.9020093567244,619.8171686714004,619.8139546793731,53.02829053073219,0.17010772490050538,0.1703879125877727
52.6,619.7007990749745,617.8556843275644,619.742866169231,619.7395413607625,52.84576762762292,0.17010772490050538,0.17038650172279785
52.7,619.7158329957584,619.549411885705,619.7489362990999,619.7456230741296,53.028698851236484,0.17010772490050538,0.17038575544665147
52.800000000000004,619.7313415678482,621.8995135235459,619.8552076464351,619.8520684271746,53.05057919376085,0.17010772490050538,0.1703850303908604
52.900000000000006,619.7419594310011,618.1530730298739,619.7923076161729,619.7890761717749,52.87066780339924,0.17010772490050538,0.17038360236268946
53.0,619.7567425977309,620.2689923702443,619.8265752307914,619.8234009885269,53.030261552480795,0.17010772490050538,0.17038275853828316
53.1,619.7704805704014,620.6255418619955,619.8734084645872,619.8703133628954,52.994877909091485,0.17010772490050538,0.17038174220813915
53.2,619.7824993520418,623.8038903833851,620.0515338689374,620.0487310937436,52.93385002672553,0.17010772490050538,0.170380479458465
53.300000000000004,619.7857750573685,618.8718430926415,620.0027903239908,619.9999318838118,52.608027254091695,0.17010772490050538,0.17037804735907694
53.400000000000006,619.7924579000739,620.5909977025532,620.0328628531047,620.0300668232791,52.737126355117326,0.17010772490050538,0.1703761947453908
53.5,619.798320819478,621.4174759349881,620.0958541878566,620.0931725893433,52.70805580794993,0.17010772490050538,0.17037429732683604
53.6,619.8016006781482,616.8605892821987,619.95949933867,619.956625218988,52.61241254992796,0.17010772490050538,0.170372122042273
53.7,619.8129624118674,621.5012418462906,620.0350256016355,620.0322731153951,52.91744103844866,0.17010772490050538,0.17037113334071802
53.800000000000004,619.8210516721495,618.952288044268,619.9953523650632,619.9925489808135,52.797322514480555,0.17010772490050538,0.17036968881944908
53.900000000000006,619.8320335524494,621.2130218137071,620.0566170075098,620.0539124129511,52.90834529383574,0.17010772490050538,0.17036866317573085
54.0,619.8404990320385,616.9379231166376,619.9307033928543,619.9278156429967,52.816579305430864,0.17010772490050538,0.17036728814894322
54.1,619.8564618142227,620.4847805940179,619.9691127095624,619.9662791273998,53.10099468890973,0.17010772490050538,0.17036694712232325
54.2,619.8711130779889,622.3989098569856,620.0858741801676,620.0832163096782,53.055904928829506,0.17010772490050538,0.1703663555213994
54.300000000000004,619.8802606842303,617.2267529290368,619.9717196001259,619.9688968626866,52.852698401176085,0.17010772490050538,0.17036497252368402
54.400000000000006,619.8962639288981,614.8264621500953,619.7677808190283,619.7646459133701,53.113148326532304,0.17010772490050538,0.1703645396518252
54.5,619.9239076564575,620.3608537621568,619.8205782204203,619.8174983736614,53.555503766031556,0.17010772490050538,0.17036561186412674
54.6,619.9494316901313,619.7734079221783,619.8439354499955,619.8408710189742,53.48312386171253,0.17010772490050538,0.17036619355041413
54.7,619.9744115292992,621.8222383068664,619.9529199431937,619.9500030965555,53.469469860897064,0.17010772490050538,0.1703665441780749
54.800000000000004,619.9942644645098,621.854986502171,620.0531540378986,620.0503811322737,53.283205674768894,0.17010772490050538,0.1703660688139958
54.900000000000006,620.0094654726928,618.2238122808604,619.9896763008328,619.9868076073674,53.11344579200971,0.17010772490050538,0.1703649100786866
55.0,620.0287774743256,624.6445168846435,620.2064432690523,620.2038947104443,53.27222476574875,0.17010772490050538,0.17036431442118924
55.1,620.0371982539593,622.1505252095932,620.296099923279,620.2936973108392,52.867511612490524,0.17010772490050538,0.17036220639794566
55.2,620.0415457160454,615.9319797526477,620.113012557948,620.1103566250688,52.71646943859227,0.17010772490050538,0.17035964858531277
55.300000000000004,620.056413333812,620.5698560058938,620.1463485549348,620.1437417483596,53.113547243882415,0.17010772490050538,0.17035865221964722
55.400000000000006,620.0701998703861,618.565630463448,620.0918658991282,620.0891809010262,53.07683957981717,0.17010772490050538,0.17035750525445614
55.5,620.0876012628063,618.3462495700883,620.0343144759476,620.0315409506054,53.21656946547369,0.17010772490050538,0.1703568556378481
55.6,620.1087707537996,622.4964133381231,620.1598412565622,620.1572410393204,53.363033956809275,0.17010772490050538,0.1703566774170771
55.7,620.123904810415,621.7647734370265,620.2423938860296,620.2399141842151,53.14156136898606,0.17010772490050538,0.17035560481701714
55.800000000000004,620.1353109755444,618.4123972049063,620.1748208395678,620.1722496151312,53.00531593735457,0.17010772490050538,0.17035403397292662
55.900000000000006,620.1510232027499,622.8425646398395,620.3032050603152,620.3008181385968,53.170422579370914,0.17010772490050538,0.17035309603313148
56.0,620.1605481952522,616.743406840356,620.1600266815801,620.1574438560756,52.94177735105382,0.17010772490050538,0.1703513161998815
56.1,620.1784200297495,618.971161357113,620.1267509065771,620.1241158916287,53.258451477535516,0.17010772490050538,0.17035073497870176
56.2,620.198739952404,621.0738425513298,620.1870150691017,620.1844575873386,53.355366247513075,0.17010772490050538,0.17035044369582755
56.300000000000004,620.2164965805218,622.6144282736823,620.3074924846883,620.3051025738719,53.2643382802199,0.17010772490050538,0.1703497397062438
56.400000000000006,620.2284713574635,619.9275469906125,620.3023153180751,620.2999237117299,53.051497281414576,0.17010772490050538,0.17034822836198293
56.5,620.2413934915909,619.4664600393987,620.2787776123082,620.2763568490693,53.090355768581226,0.17010772490050538,0.17034689421420307
56.6,620.256239702986,619.259485335696,620.2495385751678,620.247077662535,53.16622592541168,0.17010772490050538,0.17034585265431204
56.7,620.2733076511117,623.2866432399007,620.3952438751055,620.3929835653164,53.25381352185486,0.17010772490050538,0.1703451165670501
56.800000000000004,620.283232824577,623.0201205374344,620.5156655707575,620.5135806498793,52.989571880639,0.17010772490050538,0.17034339414120533
56.900000000000006,620.2873789889549,620.9455148472439,620.5364228567793,620.534383187939,52.77474190501448,0.17010772490050538,0.1703409627951072
57.0,620.2910851511575,622.4232104412479,620.6186014868953,620.6166900073812,52.7592929970155,0.17010772490050538,0.17033861047188223
57.1,620.291064025622,617.8643676705958,620.4992881146941,620.4972377603448,52.62001245805744,0.17010772490050538,0.17033588606403716
57.2,620.2980960301986,619.9039118032227,620.4793853105745,620.4773185099494,52.88544457452681,0.17010772490050538,0.17033428044972235
57.300000000000004,620.3068467552586,623.3332620936256,620.6080056624494,620.6061162853941,52.95200989021798,0.17010772490050538,0.1703329677949212
57.400000000000006,620.3093664228323,621.6968564957218,620.6547492410713,620.652936937336,52.71985317647465,0.17010772490050538,0.17033084756734287
57.5,620.3100434670241,620.6821023270555,620.6542744918787,620.6524791493699,52.65118250321757,0.17010772490050538,0.17032858887248825
57.6,620.3114036556368,619.9620148642384,620.623861159679,620.6220424914453,52.677073287656015,0.17010772490050538,0.17032654612726522
57.7,620.3150433934807,619.8286034045366,620.5914773327437,620.5896292241922,52.76322617859078,0.17010772490050538,0.17032491471612612
57.800000000000004,620.3210601169264,621.3773346920585,620.6288659964705,620.6270734041045,52.85365642085507,0.17010772490050538,0.1703236691495027
57.900000000000006,620.3257145029046,619.339391351586,620.5764710796577,620.57462202084,52.803997326989396,0.17010772490050538,0.17032226840003303
58.0,620.3338075337289,622.2161769499932,620.6523429887767,620.6505936116783,52.93465387330999,0.17010772490050538,0.17032137575726072
58.1,620.3384697254295,623.4856327480458,620.7752091520781,620.7736221130697,52.80770475551657,0.17010772490050538,0.17032001604145738
58.2,620.3371920381718,621.9078290182224,620.8192269786017,620.8177108847866,52.5854115316032,0.17010772490050538,0.17031789483734078
58.300000000000004,620.3342001460068,622.974489991088,620.9047748468952,620.9033812881222,52.520556879321475,0.17010772490050538,0.17031565516496847
58.400000000000006,620.3272736952457,622.902203301006,620.9792186662834,620.9779369544741,52.37168225976906,0.17010772490050538,0.17031300840671737
58.5,620.3170115456294,621.1465087014216,620.9720656947595,620.9708003620298,52.24429155752052,0.17010772490050538,0.17031007407813004
58.6,620.3077807278414,619.4795810814686,620.8952978274898,620.893964640578,52.2803567387889,0.17010772490050538,0.17030746972919408
58.7,620.303298364884,621.8287552209713,620.926727536746,620.9254462491526,52.45658853528661,0.17010772490050538,0.17030566658922988
58.800000000000004,620.2977659567334,618.9405728427882,620.8327384661264,620.8313646953325,52.41587085564586,0.17010772490050538,0.17030380545869064
58.900000000000006,620.2978888233143,620.6906598397285,620.8232175500393,620.8218409037773,52.62722031633286,0.17010772490050538,0.17030279813765903
59.0,620.2991355733149,619.1218021009058,620.7485293364654,620.7470736845436,52.66954949040534,0.17010772490050538,0.1703019518959365
59.1,620.3049853330912,617.411380028294,620.6092256066619,620.6076111615278,52.84311319202743,0.17010772490050538,0.1703017218674558
59.2,620.3188805348595,622.564386759689,620.7037202562448,620.7022032805083,53.1474621264438,0.17010772490050538,0.17030251491019074
59.300000000000004,620.3283003440706,621.6232930997295,620.7493166863904,620.7478477998326,52.98275585567754,0.17010772490050538,0.17030254413484036
59.400000000000006,620.3358657143516,620.8072705454463,620.7562387659465,620.7547763589614,52.91548833903073,0.17010772490050538,0.1703022362872942
59.5,620.343645494737,620.834070652303,620.7642161577959,620.7627612552943,52.92558345718347,0.17010772490050538,0.17030190321639915
59.6,620.3515798989918,620.7996961012653,620.7705391449449,620.7690897639911,52.9334860519647,0.17010772490050538,0.17030153974644485
59.7,620.3597541696145,620.7628396175414,620.7752669261007,620.7738210494613,52.94463813693116,0.17010772490050538,0.17030116077235424
59.800000000000004,620.3682502225687,619.3570987033252,620.7203442552087,620.7188338875121,52.95893735549626,0.17010772490050538,0.17030077932360255
59.900000000000006,620.3802540139869,619.883636666471,620.6939572104387,620.6924102567974,53.09322334051946,0.17010772490050538,0.1703008264387722
60.0,620.3942296367849,620.2638880108877,620.6870222553606,620.685458484727,53.170646499380894,0.17010772490050538,0.17030105462129339
60.1,620.4091301006116,617.3041688449706,620.5555465878416,620.553823444372,53.20919545867455,0.17010772490050538,0.17030130591383638
60.2,620.4316098747373,622.0446971514976,620.6395549264488,620.6379081587722,53.49842730494068,0.17010772490050538,0.17030247715409555
60.300000000000004,620.4501285996744,620.2602812387237,620.6398724715134,620.6382126146212,53.35537879455254,0.17010772490050538,0.17030292388209775
60.400000000000006,620.4691667392211,619.4125424923527,620.6047483703842,620.603034550224,53.37988775670832,0.17010772490050538,0.17030332020713046
60.5,620.4906155907743,620.6709903368715,620.6273251140368,620.6256210063158,53.475713540000484,0.17010772490050538,0.1703039268578869
60.6,620.511382184771,618.7415707999118,620.5662247208273,620.5644353152495,53.45578441775384,0.17010772490050538,0.17030430694268972
60.7,620.5359395483788,616.0689021853191,620.3982688410235,620.3962651929436,53.604011446733885,0.17010772490050538,0.17030508640827122
60.800000000000004,620.5699908557283,618.0591027999877,620.3325431434729,620.3304299796425,53.96788903941629,0.17010772490050538,0.1703069976532597
60.900000000000006,620.6080475603014,621.3962202816164,620.416065531656,620.4140137556755,54.12775516622199,0.17010772490050538,0.17030919343367695
61.0,620.642118293322,618.8617523550665,620.3841064837792,620.3819863947391,53.98794747659938,0.17010772490050538,0.17031056948281098
61.1,620.6783838664414,620.3495415417586,620.4193405588175,620.4172303457907,54.0796823345247,0.17010772490050538,0.17031203810428147
61.2,620.713244239884,620.0513935185409,620.4390516472833,620.4369360642901,54.03652212896359,0.17010772490050538,0.1703131055004046
61.300000000000004,620.7475299088223,619.9493627488487,620.4531357706771,620.4510100267554,54.024241331321925,0.17010772490050538,0.17031392238457382
61.400000000000006,620.7815404884377,615.3670630175917,620.2716229817917,620.26925074442,54.02308330612374,0.17010772490050538,0.17031455352881802
61.5,620.825733380997,616.2773307523527,620.1478106458942,620.1452459956827,54.41540936335035,0.17010772490050538,0.1703164280924019
61.6,620.876999664851,620.9696047995776,620.2367660784892,620.2342611998957,54.69346640086816,0.17010772490050538,0.1703190092737168
61.7,620.9239446856258,618.3738780832355,620.207134901547,620.2045507362411,54.54459338044307,0.17010772490050538,0.17032069437168176
61.800000000000004,620.972916524316,621.4333059638075,620.3113457390839,620.3088489783491,54.6334688003899,0.17010772490050538,0.1703224250950232
61.900000000000006,621.0167513421861,619.1123398088978,620.3071011169752,620.3045644914839,54.45328382639035,0.17010772490050538,0.1703232315740937
62.0,621.061257267069,622.9866896933257,620.4687758263876,620.4664104259426,54.49030715520597,0.17010772490050538,0.1703239853719221
62.1,621.0975578129879,620.0454862108808,620.4897988448861,620.4874396347822,54.19345118202912,0.17010772490050538,0.17032349423675744
62.2,621.1331892976482,620.6900423287556,620.5367996176429,620.534481270342,54.17801836800223,0.17010772490050538,0.1703228933531892
62.300000000000004,621.1667615903106,623.5770763360189,620.7025193867565,620.7003950556187,54.110090284179165,0.17010772490050538,0.17032200578335793
62.400000000000006,621.1919280736334,619.5299323922472,620.6800877895163,620.6779332971076,53.80275876306946,0.17010772490050538,0.170320001834673
62.5,621.2187654885802,620.9775254978377,620.722104910365,620.7199982278112,53.872402947120584,0.17010772490050538,0.17031834809900478
62.6,621.2438215879481,620.3769302573958,620.7349759770522,620.7328836237607,53.81257310343541,0.17010772490050538,0.1703165452878283
62.7,621.2686563277225,620.725969794696,620.7620135453162,620.7599531279421,53.81097347529876,0.17010772490050538,0.17031481834765147
62.800000000000004,621.2925102978965,620.1513279296028,620.7625047819571,620.7604454504775,53.780734935656454,0.17010772490050538,0.17031305765115348
62.900000000000006,621.3168027388897,622.2255377737133,620.8517664906246,620.8498140641852,53.80364583608095,0.17010772490050538,0.17031145825390476
63.0,621.3367836333618,618.5100844648051,620.774632700595,620.7725945750561,53.64791046802363,0.17010772490050538,0.17030936328837754
63.1,621.3613572139396,621.4474374947205,620.8307786045596,620.8288061943343,53.82612350053128,0.17010772490050538,0.17030802279558638
63.2,621.3833848491753,623.1778297930476,620.95545960874,620.9536358416312,53.73691220003154,0.17010772490050538,0.1703064010639326
63.300000000000004,621.3992049954784,617.9435596000859,620.8455663298879,620.8436265345775,53.50921654702142,0.17010772490050538,0.1703040299646411
63.400000000000006,621.4213711732397,621.0078186281648,620.8776253016406,620.8757246919159,53.75229889578304,0.17010772490050538,0.1703026769728781
63.5,621.442277551947,621.6278813816306,620.9334104985724,620.9315773444786,53.7108453341871,0.17010772490050538,0.17030121805109855
63.6,621.4606559025233,623.3691872424147,621.0582048368855,621.0565194159514,53.62132425561704,0.17010772490050538,0.17029949199786754
63.7,621.4728194846027,620.6043469085536,621.0534045538395,621.051728063062,53.392374918511955,0.17010772490050538,0.17029702578489087
63.800000000000004,621.4857083350731,619.5904179944207,621.0065026860235,621.0047874586595,53.422940343660045,0.17010772490050538,0.17029482765505932
63.900000000000006,621.5015696615538,620.5484630592524,621.0056067261005,621.0038993498395,53.538273677878436,0.17010772490050538,0.17029317606811897
64.0,621.517935109039,625.5348505045931,621.2174041178718,621.2159336734993,53.561510902020146,0.17010772490050538,0.1702916857259203
64.10000000000001,621.5234294838428,619.0857177978063,621.1341364599564,621.1325973009765,53.15678291796545,0.17010772490050538,0.1702888034060651
64.2,621.5338493593705,621.9156379763908,621.1801033547933,621.1786261975218,53.34362969000131,0.17010772490050538,0.1702867969669953
64.3,621.5422725072088,620.2642696347652,621.151723276266,621.1502318527079,53.271285634935495,0.17010772490050538,0.17028464739022414
64.4,621.5526757789335,623.1350800933018,621.24879338338,621.2474143310209,53.34807200603628,0.17010772490050538,0.17028290610324376
64.5,621.5583457276891,620.8107837186539,621.2377431116751,621.2363698339058,53.17273290610004,0.17010772490050538,0.17028062660990864
64.60000000000001,621.565070567847,623.7817481675637,621.3546376618805,621.3533969607604,53.213958201991204,0.17010772490050538,0.17027864277900037
64.7,621.5660056129191,623.4509003881428,621.4461667009356,621.4450369583328,52.99786997867435,0.17010772490050538,0.17027600073415528
64.8,621.5625170239217,622.686945291078,621.496438360507,621.4953811864626,52.831639613946166,0.17010772490050538,0.17027294741691623
64.9,621.5568175973692,623.2357686987735,621.5654164197083,621.5644495765133,52.747497345821934,0.17010772490050538,0.17026982106745278
65.0,621.5479097289232,624.1236337613145,621.6656208056799,621.6647736928522,52.62521606995543,0.17010772490050538,0.1702664933967286
65.10000000000001,621.5341286767217,622.1011555469235,621.6701182896421,621.669304207518,52.439420100349054,0.17010772490050538,0.17026275781045205
65.2,621.5205987716697,620.9184774628111,621.6242444952655,621.62341658044,52.44516602894224,0.17010772490050538,0.17025934660590442
65.3,621.5100097576628,625.6466529495178,621.7844461440084,621.7837814996916,52.55220711729396,0.17010772490050538,0.1702565931451999
65.4,621.4913372150942,621.1522886610956,621.737757023754,621.7370807811652,52.245139463793834,0.17010772490050538,0.1702529420680922
65.5,621.475655303221,620.2710246080757,621.6586438991417,621.6579257425732,52.35267009303494,0.17010772490050538,0.1702499780890449
65.60000000000001,621.4646883902067,622.1822098456083,621.6691413339477,621.6684509088537,52.525900912793276,0.17010772490050538,0.17024786952185691
65.7,621.4536341529588,618.1807252585493,621.5087898131618,621.5079872890947,52.519666071143625,0.17010772490050538,0.17024588507334965
65.8,621.4516226414297,620.617167256349,621.4685924703155,621.4677669004419,52.85701343777082,0.17010772490050538,0.17024524913966593
65.9,621.4522099068492,621.0171518192623,621.4498756399283,621.4490416375679,52.95427654607191,0.17010772490050538,0.17024496187002275
66.0,621.4542400535877,621.0977176328485,621.4369007363676,621.4360613266168,53.00873665544423,0.17010772490050538,0.17024483418269543
66.10000000000001,621.4574009217874,620.4234451554688,621.3969929184121,621.396125136636,53.05183666408025,0.17010772490050538,0.1702448091275607
66.2,621.4631275513426,622.0463772286736,621.4305632852734,621.4297238148337,53.14924779267556,0.17010772490050538,0.17024507157950844
66.3,621.4674848505942,621.1030816341116,621.4210822589324,621.4202376032282,53.09925319813186,0.17010772490050538,0.17024506232395056
66.4,621.4727747649697,620.8552651948557,621.4024570904317,621.4015988891229,53.13552324531051,0.17010772490050538,0.17024511898734548
66.5,621.4794819717126,621.7666667104968,621.4249099042751,621.4240699612759,53.19028468462997,0.17010772490050538,0.17024530133472368
66.60000000000001,621.4854056930577,621.3689724991665,621.42863331208,621.4277972351902,53.16260184071111,0.17010772490050538,0.17024530012309577
66.7,621.4915466290583,624.4010906674846,621.5613687363665,621.5606406141067,53.172369320530706,0.17010772490050538,0.170245268549766
66.8,621.4910063645497,618.0314233612108,621.4102825733596,621.4094398560804,52.92257615655663,0.17010772490050538,0.1702442762276676
66.9,621.4989676490641,619.9992941328253,621.3585178430194,621.3576321371246,53.242383274048265,0.17010772490050538,0.17024446923546294
67.0,621.5101015055483,620.663948191667,621.3406808298784,621.3397763520785,53.363922390588705,0.17010772490050538,0.17024501443332693
67.10000000000001,621.5225857154203,623.0647548190263,621.4271984725902,621.4263586091129,53.41773619716011,0.17010772490050538,0.17024563241015714
67.2,621.5308375151247,619.9915780097231,621.3747653874724,621.3738818429823,53.261808097000255,0.17010772490050538,0.1702455614404535
67.3,621.5422910405737,621.3387874252987,621.3853500581192,621.3844709052813,53.384522810831534,0.17010772490050538,0.17024587300160232
67.4,621.5535691180871,622.8133927924192,621.4580320064965,621.4572081151632,53.380999977180714,0.17010772490050538,0.1702460743650553
67.5,621.5613509602209,620.0061353265512,621.4044550036324,621.4035872924848,53.252453476265295,0.17010772490050538,0.17024572701958204
67.60000000000001,621.5723907839504,619.9359327545694,621.3537249569234,621.3528126677827,53.37715924869735,0.17010772490050538,0.17024579721749528
67.7,621.5865275414177,623.2062833598178,621.447632234613,621.4467901388443,53.49668037142364,0.17010772490050538,0.17024622396839315
67.8,621.5960216329526,619.0523362846308,621.3558788059538,621.3549606312502,53.325757527911925,0.17010772490050538,0.17024592675258401
67.9,621.6108048870906,622.6837925553433,621.428243193412,621.4273774326323,53.52736693678779,0.17010772490050538,0.17024631831435383
68.0,621.6220917938091,626.4550538676226,621.6541525210699,621.6534676972425,53.3997595596972,0.17010772490050538,0.17024614512842584
68.10000000000001,621.6216806720361,622.7570948591841,621.700468715802,621.6998287342967,52.96254435350437,0.17010772490050538,0.17024435054578013
68.2,621.6191940757517,622.4801137555168,621.7307191048278,621.7301120326679,52.88432399205295,0.17010772490050538,0.17024239060811286
68.3,621.6154932038927,622.1288282493671,621.7433511881164,621.742763437027,52.83795627498395,0.17010772490050538,0.1702403976150643
68.4,621.6115203765131,621.182479594776,621.7148268018517,621.7142263111282,52.82672583189553,0.17010772490050538,0.17023850234818125
68.5,621.6094739816613,618.7744877329883,621.5871317599631,621.5864414360262,52.89815782058178,0.17010772490050538,0.1702369933486755
68.60000000000001,621.6146484793046,621.0010802685009,621.5673636046137,621.5666592065064,53.16936315642542,0.17010772490050538,0.17023655099563942
68.7,621.62125798385,621.0711403796331,621.5529665127787,621.552250867988,53.22476102339999,0.17010772490050538,0.17023629110798477
68.8,621.6290104840682,621.1459486237562,621.5436061681019,621.542882125832,53.269555191756844,0.17010772490050538,0.1702361571944227
68.9,621.6376324814507,625.7520578538129,621.7314809659417,621.7308966860855,53.304363854810695,0.17010772490050538,0.1702361006430117
69.0,621.6365783606147,623.9907841241978,621.8259285913352,621.8254209428019,52.94252576744268,0.17010772490050538,0.17023468662912866
69.10000000000001,621.6308604766792,624.240913160332,621.9218560459974,621.9214282534655,52.76672304458199,0.17010772490050538,0.17023272220322222
69.2,621.6204078407882,619.5934329795235,621.8108096437429,621.810314055487,52.586994140720144,0.17010772490050538,0.1702302497130414
69.3,621.6162907735419,619.893280443873,621.7240201531688,621.7234697723829,52.82261939612229,0.17010772490050538,0.17022881713746016
69.4,621.6171973026434,622.2614368277134,621.747030174744,621.7464989046324,53.01057326460651,0.17010772490050538,0.17022814816240328
69.5,621.6172464544167,618.7941508466539,621.6206321065777,621.6200153027189,52.978550011061266,0.17010772490050538,0.17022737417854297
69.60000000000001,621.6244234466345,622.2099230369041,621.6525939528842,621.6519971656651,53.246817061861066,0.17010772490050538,0.17022758668147808
69.7,621.6302475826619,620.4991988001482,621.6089733433294,621.6083445753554,53.197833364312075,0.17010772490050538,0.17022754429106385
69.8,621.6387595341063,623.835240219334,621.7120033244524,621.7114438732951,53.300555099177814,0.17010772490050538,0.17022781856489674
69.9,621.6421139314468,617.5958820804437,621.5397021362211,621.539022508608,53.108742064565455,0.17010772490050538,0.17022731765001398
70.0,621.655035308604,621.6260049129178,621.5565228720607,621.5558480771051,53.46969456885362,0.17010772490050538,0.1702281088416873
70.10000000000001,621.6673937529861,620.0548782033716,621.5052447633211,621.504527208624,53.45198495108838,0.17010772490050538,0.17022869881565975
70.2,621.6828283914331,622.9851428920118,621.5841574174966,621.5834876306137,53.57108141596427,0.17010772490050538,0.17022959963751413
70.3,621.6943727779905,620.9142900992169,621.5674701259613,621.5667833593772,53.42882569567878,0.17010772490050538,0.1702298394112453
70.4,621.7071430162397,620.5710956170086,621.5382699482037,621.5375563185601,53.478066404558135,0.17010772490050538,0.17023017362518525
70.5,621.721803594497,620.8236028358659,621.52315572077,621.5224239065354,53.55264492300671,0.17010772490050538,0.17023068366644256
70.60000000000001,621.7375959898732,620.8624921820905,621.5116307596655,621.5108825983444,53.59918550799061,0.17010772490050538,0.17023125062075503
70.7,621.7543243302039,621.1393705183207,621.5134581497364,621.5127028139194,53.638659298389165,0.17010772490050538,0.1702318430073826
70.8,621.7712713687773,619.8354457800709,621.4600683865708,621.4592655552715,53.65139183910001,0.17010772490050538,0.17023236176314746
70.9,621.7913862481977,621.8209686486418,621.4969164285934,621.4961298193635,53.77517370084316,0.17010772490050538,0.17023321340421002
71.0,621.8098376702303,623.3363636382838,621.5949279093073,621.5942048581408,53.7179838744654,0.17010772490050538,0.17023371301659468
71.10000000000001,621.8233585777305,616.904695336358,621.4099644307296,621.409100362123,53.53739174832958,0.17010772490050538,0.170233452029295
71.2,621.847082245253,622.0601847606927,621.4632880194256,621.4624502985548,53.92500973674384,0.17010772490050538,0.17023455106188715
71.3,621.8682494766389,618.0472161292445,621.3410230509357,621.3400831955906,53.835185360894684,0.17010772490050538,0.17023515499933342
71.4,621.8962490754359,621.0034385088771,621.3572317124328,621.3562873636074,54.09801873486713,0.17010772490050538,0.17023658154471497
71.5,621.923663840366,624.9979428376719,621.5421436785231,621.5413249824844,54.08354752519752,0.17010772490050538,0.1702377497751936
71.60000000000001,621.9414765732018,625.9513115243326,621.7494207615326,621.7487540240459,53.729559037618664,0.17010772490050538,0.1702374643093561
71.7,621.9485109218417,621.9557179091761,621.7662968555268,621.7656459929606,53.3287134142553,0.17010772490050538,0.17023570295110016
71.8,621.9549650965013,621.0039090621658,621.7413520990046,621.7406862458488,53.308773016496275,0.17010772490050538,0.17023398633733752
71.9,621.9630739754659,622.1071163942893,621.7661908314436,621.7655453260697,53.37278564826135,0.17010772490050538,0.1702326129518617
72.0,621.9701716250663,622.2764461647373,621.7960868764128,621.7954659085852,53.33691203455875,0.17010772490050538,0.17023118925361436
72.10000000000001,621.9759883504522,618.5114776906753,621.6632105062174,621.6624979906647,53.2906162104419,0.17010772490050538,0.1702296835133181
72.2,621.9892249126515,626.0165771724229,621.8632410993125,621.8626692437414,53.57142706637624,0.17010772490050538,0.1702292819872849
72.3,621.9920712520318,624.7967346551517,621.9916146194012,621.9911389708092,53.18395786778556,0.17010772490050538,0.170227468041393
72.4,621.9883779718594,620.2017373700336,621.9119668616504,621.9114463841571,52.93860702394188,0.17010772490050538,0.17022489652606138
72.5,621.9892752650552,622.4144171372426,621.9347404477298,621.9342418579896,53.11037773340445,0.17010772490050538,0.17022314740080513
72.60000000000001,621.9892777743357,621.4591563568695,621.9149103505094,621.9144052498118,53.07694436715955,0.17010772490050538,0.17022139939641287
72.7,621.9906627393968,619.9943009327507,621.8350931194786,621.8345408318171,53.128973531017024,0.17010772490050538,0.17021996099753892
72.8,621.9966315008384,623.491216057735,621.9123486089394,621.9118489533171,53.30185695868828,0.17010772490050538,0.17021923666529595
72.9,621.9987782079751,616.7448811738293,621.6952526993658,621.6946168934649,53.15962222615514,0.17010772490050538,0.17021802004671605
73.0,622.0128404642569,625.5402653189989,621.8743934653937,621.8738698489856,53.60864017692494,0.17010772490050538,0.17021848978848086
73.10000000000001,622.017615252635,619.8195425336099,621.7925664861593,621.7919927174983,53.262895567393635,0.17010772490050538,0.1702176144865874
73.2,622.0270678384965,622.4016171885343,621.8291198578567,621.8285688524978,53.440229903193284,0.17010772490050538,0.17021741336086313
73.3,622.0348601488196,624.5638857156929,621.9542906136822,621.9538204512326,53.38029194466918,0.17010772490050538,0.17021696421419777
73.4,622.0362583729662,623.6910179964453,622.0300630200269,622.0296458352735,53.14175054268738,0.17010772490050538,0.1702156492648735
73.5,622.0339147494471,621.1462000934742,621.990280601755,621.9898456627196,53.00130331625271,0.17010772490050538,0.17021390976368037
73.60000000000001,622.0340112368833,619.1703067635714,621.8707646310579,621.8702611709298,53.0925052047333,0.17010772490050538,0.1702126237932596
73.7,622.0408020613413,621.6277653973183,621.8680980487621,621.8675933761297,53.34447157660371,0.17010772490050538,0.17021232488972096
73.8,622.0480268003263,622.255024930994,621.8927023661818,621.8922128948734,53.36263123244265,0.17010772490050538,0.17021207147862408
73.9,622.0542256964847,623.0549337472111,621.949172067048,621.9487179280912,53.32597006600642,0.17010772490050538,0.17021166171359367
74.0,622.0576966109792,623.2459600987803,622.0083954266121,622.0079798543172,53.22497282028984,0.17010772490050538,0.17021087994187573
74.10000000000001,622.0582968170114,621.4090354829566,621.9838378835801,621.9834119832965,53.11786916929469,0.17010772490050538,0.1702097421223354
74.2,622.0605082930817,623.8578385704062,622.066186761638,622.065813003999,53.1786707915032,0.17010772490050538,0.1702088894959512
74.3,622.0586130463388,620.8334496412367,622.0119160253454,622.0115160114743,53.02471062005823,0.17010772490050538,0.1702075201612071
74.4,622.0599193367085,623.1856238776874,622.0634220980938,622.063055386848,53.14468944499279,0.17010772490050538,0.17020667370485362
74.5,622.0587661728321,622.1061175563567,622.0641197126411,622.0637581048214,53.05248014037704,0.17010772490050538,0.17020553340585728
74.60000000000001,622.0578725461701,623.2841458056357,622.1151222309011,622.1147939576949,53.061937123381895,0.17010772490050538,0.1702044957280842
74.7,622.054548223627,619.2179285488779,621.9883380341555,621.9879441473306,52.97021747805795,0.17010772490050538,0.17020318634418546
74.8,622.058297548833,622.0352126368529,621.994405735096,621.9940162216808,53.23553765731328,0.17010772490050538,0.17020291941735513
74.9,622.0620045095039,623.3680636081436,622.0568406430822,622.0564869332801,53.234953346396104,0.17010772490050538,0.17020263188599455
75.0,622.0626556609651,625.2756315008834,622.1944014297117,622.1941267165055,53.1209470538647,0.17010772490050538,0.17020191747480776
75.10000000000001,622.0562416543245,621.1893241818407,622.1445997222295,622.1443046009126,52.85522622024888,0.17010772490050538,0.1702002730271087
75.2,622.0527884429553,627.0217750050358,622.3480969810196,622.3479159410007,52.96492740542547,0.17010772490050538,0.17019914598285513
75.3,622.0387527132856,620.9407566542144,622.2727353489644,622.272524651917,52.56572556583935,0.17010772490050538,0.1701966506495626
75.4,622.0290570652568,620.7903540087586,622.1987767083994,622.1985351633723,52.72528289748749,0.17010772490050538,0.17019494048010508
75.5,622.0236155964632,622.1962359091848,622.1922830213844,622.1920427007854,52.88277652294321,0.17010772490050538,0.17019392932525895
75.60000000000001,622.01881263862,622.067550349085,622.1812138557422,622.180971929447,52.90534102110925,0.17010772490050538,0.1701930607266566
75.7,622.0148898643256,620.0370703470676,622.0851545218563,622.0848680906823,52.93717284449155,0.17010772490050538,0.17019235408100072
75.8,622.0163853575528,623.7782887578672,622.1581256036673,622.1578756163947,53.140031841113995,0.17010772490050538,0.17019240945863656
75.9,622.0142539819301,622.3623065544349,622.1637974068614,622.1635523937177,53.003938033525365,0.17010772490050538,0.17019192868037786
76.0,622.0120982944968,620.4683239123206,622.0886055546837,622.0883256179138,53.00244895494207,0.17010772490050538,0.17019145110730244
76.10000000000001,622.0142378543956,622.0139231575529,622.0869726872071,622.0866915375902,53.163519250370754,0.17010772490050538,0.17019156225261514
76.2,622.0167314727306,621.7522139813827,622.0746457818288,622.0743579696062,53.17742049564202,0.17010772490050538,0.17019167233061197
76.3,622.0201484872118,622.6378659025554,622.1014967282432,622.101221118319,53.212844051913955,0.17010772490050538,0.17019185890321212
76.4,622.022392149318,621.0499517935945,622.0583872858,622.0580900272713,53.16960554330521,0.17010772490050538,0.1701918307876943
76.5,622.0272019681017,624.6682027963989,622.1737632115761,622.1735213832268,53.26678682512792,0.17010772490050538,0.1701921154891604
76.60000000000001,622.0261025413488,621.1531476882398,622.1283062172054,622.1280436231767,53.0456888993847,0.17010772490050538,0.17019153470146953
76.7,622.0276993189407,616.9687687442151,621.9097306991534,621.9093607525772,53.146863983253056,0.17010772490050538,0.17019133722387078
76.80000000000001,622.0412356155306,624.2442755900279,622.0228485348506,622.0225278205103,53.59663611692636,0.17010772490050538,0.17019273962712572
76.9,622.0489606533829,620.9834329732597,621.986210127313,621.9858677212123,53.38157670285508,0.17010772490050538,0.17019318524192215
77.0,622.058887916883,624.367629031719,622.097471574072,622.097180973633,53.46653822423882,0.17010772490050538,0.1701938509351117
77.10000000000001,622.0631084310655,622.1055194650501,622.1016171980331,622.1013278222953,53.25443990966109,0.17010772490050538,0.17019364424547806
77.2,622.067357004179,626.0010893971973,622.2712805258207,622.2710757915032,53.25663293411367,0.17010772490050538,0.17019342529423198
77.30000000000001,622.0627879212828,623.248194991779,622.3070411829865,622.3068580570311,52.92592623778275,0.17010772490050538,0.17019199593921594
77.4,622.0565740289586,621.437256290221,622.2624085181756,622.2622081370124,52.86279312615658,0.17010772490050538,0.17019044337162384
77.5,622.0530133092423,622.5396184556896,622.2693689278545,622.2691748045613,52.96097088482394,0.17010772490050538,0.17018936222343073
77.60000000000001,622.0493418985627,622.9973517187155,622.2953204082642,622.2951413955224,52.95584580168051,0.17010772490050538,0.1701883330254217
77.7,622.0445439911086,624.8538075165668,622.3978307139208,622.3977027997215,52.9124612058032,0.17010772490050538,0.17018721314248553
77.80000000000001,622.0345299789027,623.0973145377073,622.4155302847298,622.4154157742298,52.714861369407686,0.17010772490050538,0.17018545637056048
77.9,622.0238415241482,623.3148714886311,622.4408900101367,622.440792063835,52.68678126264879,0.17010772490050538,0.1701837390797881
78.0,622.012069462845,621.5110968969033,622.3871724015326,622.3870563006247,52.64312076280001,0.17010772490050538,0.17018200195560743
78.10000000000001,622.0034400181095,622.3984674748243,622.3767861110324,622.3766692132278,52.75822172621432,0.17010772490050538,0.170180820277494
78.2,621.9956298097125,622.0120060073629,622.3512060807859,622.3510814353989,52.78672920887587,0.17010772490050538,0.1701798262305025
78.30000000000001,621.9894475710227,620.281734343406,622.254817996318,622.2546551148237,52.84589395017977,0.17010772490050538,0.17017911183500273
78.4,621.988671792327,620.6531285190443,622.184141411232,622.183948453686,53.047700040182,0.17010772490050538,0.17017916321266868
78.5,621.9919157683179,622.3053212760902,622.1910784736613,622.1908860618056,53.19877387792056,0.17010772490050538,0.1701797198862285
78.60000000000001,621.9950226955535,623.0962526542504,622.2311991273272,622.2310216092844,53.19448980106321,0.17010772490050538,0.170180170663827
78.7,621.9962186766837,621.1038348535411,622.1827902503644,622.182590984338,53.12340849001271,0.17010772490050538,0.17018028533447827
78.80000000000001,622.0002368626791,619.703072221813,622.0799242865329,622.079678387113,53.229943830062076,0.17010772490050538,0.17018073780684453
78.9,622.0099796948333,621.1952056245802,622.051127532755,622.0508635410115,53.44647224064114,0.17010772490050538,0.1701818898216157
79.0,622.02147613511,621.5638112831906,622.0411819882356,622.040907228095,53.515093297433936,0.17010772490050538,0.1701831371734512
79.10000000000001,622.0337140901071,622.4551761194898,622.07042667979,622.0701585172798,53.54609685098603,0.17010772490050538,0.1701843340869765
79.2,622.0445968969675,619.6991314037418,621.9798016262487,621.9794866662884,53.49839268744364,0.17010772490050538,0.17018520157558142
79.30000000000001,622.0605313271204,619.0779067939595,621.8721665703929,621.8717932540059,53.691441522763526,0.17010772490050538,0.1701866395462321
79.4,622.0824143924551,620.9285723093243,621.85438095039,621.8539870150787,53.9196104147885,0.17010772490050538,0.17018871580732173
79.5,622.105431426903,620.9434380527739,621.8393468804092,621.838932963169,53.96818302249204,0.17010772490050538,0.17019071812069655
79.60000000000001,622.1294320418639,620.8096721847355,621.8204708035153,621.8200344293689,54.01140179667979,0.17010772490050538,0.17019263366142331
79.7,622.1546185064707,620.8399002022861,621.8051179372094,621.8046601621322,54.0624985199863,0.17010772490050538,0.17019449857254224
79.80000000000001,622.1807991119097,621.5389870914906,621.8213825971108,621.8209193275012,54.10670045283831,0.17010772490050538,0.1701962921946056
79.9,622.2062813340914,620.6534425672417,621.7986928504279,621.7982044744368,54.08747292882535,0.17010772490050538,0.17019779251793163
80.0,622.2331473555403,624.6487282009178,621.948537017276,621.9481155534188,54.14642059020972,0.17010772490050538,0.17019930980520762
80.10000000000001,622.2521737112198,625.330188782533,622.1126062182528,622.1122655345434,53.858617276711584,0.17010772490050538,0.17019959330029721
80.2,622.2626162446395,619.2699741125003,622.0027255042165,622.0023239270005,53.54069465911688,0.17010772490050538,0.17019865866024309
80.30000000000001,622.2791314494209,619.6807039364045,621.9216506628803,621.9212000434273,53.77205463493281,0.17010772490050538,0.1701986079636471
80.4,622.3001659388591,622.2258149318552,621.9572755873796,621.956835638839,53.94659040164479,0.17010772490050538,0.17019914695602428
80.5,622.3194730191199,621.3201602728907,621.9511097112102,621.9506594267807,53.88725085443303,0.17010772490050538,0.17019937355271442
80.60000000000001,622.339288662632,619.3120593022845,621.8604718643821,621.8599655300526,53.91159668428188,0.17010772490050538,0.17019962055288732
80.7,622.364124754705,621.5831343691987,621.8758569197065,621.8753486710159,54.10588482243758,0.17010772490050538,0.1702004975967657
80.80000000000001,622.3883040718819,622.9358089996745,621.9475464778333,621.9470680849405,54.08786505380081,0.17010772490050538,0.17020117612704447
80.9,622.4088184280132,618.8543844418008,621.8387666236903,621.8382217240346,53.956455545102216,0.17010772490050538,0.17020126759928972
81.0,622.4353186218283,619.343256927588,621.7620473632614,621.7614492470997,54.18726604967364,0.17010772490050538,0.17020213544536458
81.10000000000001,622.4660776637671,623.541322608326,621.8719262389643,621.8713764262457,54.35469651107251,0.17010772490050538,0.1702034723434375
81.2,622.4911142132344,622.9605462588025,621.9463880104796,621.9458713369349,54.147628388518086,0.17010772490050538,0.17020388219090826
81.30000000000001,622.5123324219353,627.2178321582122,622.1947216753621,622.1943391364881,54.01067985377017,0.17010772490050538,0.17020371078264265
81.4,622.520448381082,624.155838494839,622.2881185805884,622.2877899102672,53.52330086329895,0.17010772490050538,0.17020175441225252
81.5,622.5237690960565,625.1487780313468,622.4145734675841,622.4143175559118,53.34502141663815,0.17010772490050538,0.17019930774991462
81.60000000000001,622.5205375593421,621.8507707886077,622.3882500482594,622.3879879148429,53.09932294978981,0.17010772490050538,0.17019617836986817
81.7,622.518930873209,620.3980170569032,622.3029857677968,622.3026869787358,53.15960235277909,0.17010772490050538,0.17019354005118084
81.80000000000001,622.522093900537,618.2905607359628,622.1368848317035,622.1365078365313,53.33867735520605,0.17010772490050538,0.1701917726526645
81.9,622.5343346208351,618.0572780530035,621.9778184646203,621.9773622159054,53.68117056124962,0.17010772490050538,0.17019137759444547
82.0,622.5552564553648,624.6436631496623,622.1151399455321,622.1147455957959,54.011188180342494,0.17010772490050538,0.17019217070712886
82.10000000000001,622.5690025339575,624.4311373999184,622.2298841653228,622.2295448955072,53.74677396460358,0.17010772490050538,0.17019189036121696
82.2,622.576793964147,627.2201122440307,622.4519357111922,622.4517065341449,53.52637991622589,0.17010772490050538,0.17019080351546464
82.30000000000001,622.57290897856,620.59117228712,622.3699359997976,622.3696749513091,53.0890395736089,0.17010772490050538,0.17018820982867816
82.4,622.5736185042799,618.5756446314288,622.2106636501924,622.2103335105401,53.26090598976748,0.17010772490050538,0.17018645930157483
82.5,622.5830403229843,624.8624989166657,622.3350017203263,622.3347290398441,53.588985536200134,0.17010772490050538,0.17018603031332455
82.60000000000001,622.5860005897316,620.581485505486,622.2649910838946,622.2646900965842,53.348347187193646,0.17010772490050538,0.17018473961207578
82.7,622.5928968626719,619.9486110943839,622.1753295692126,622.1749897137419,53.497278172747556,0.17010772490050538,0.17018407909272065
82.80000000000001,622.6047695934186,623.530942758134,622.2472752463051,622.2469664546259,53.68642904129484,0.17010772490050538,0.17018413013325767
82.9,622.6129721424342,622.0604054504074,622.2496821609495,622.2493751489707,53.5515058949806,0.17010772490050538,0.1701836529365252
83.0,622.6212271646338,619.5457680733238,622.1451372399476,622.1447844968837,53.55569475480128,0.17010772490050538,0.17018320244386045
83.10000000000001,622.6352482148437,626.2550575419691,622.3366832265405,622.3364134398598,53.7749282140063,0.17010772490050538,0.17018355102595878
83.2,622.6392013626763,624.0879746264086,622.4170235754307,622.4167918380215,53.399806193655536,0.17010772490050538,0.17018247588728463
83.30000000000001,622.6390495207289,624.2505403198052,622.4963886662418,622.496195492109,53.246381478952,0.17010772490050538,0.17018092029143367
83.4,622.6348528339204,625.5657956148106,622.6238765605565,622.6237425347957,53.09411221585589,0.17010772490050538,0.17017893766327832
83.5,622.6240479950225,618.5132383583436,622.4387600678157,622.4385591554956,52.84428070513448,0.17010772490050538,0.1701762201287538
83.60000000000001,622.6233506743795,621.7278825905371,622.4091411965045,622.4089321879426,53.22176187217983,0.17010772490050538,0.1701751060219302
83.7,622.6244296953244,623.0483790268593,622.4388452134713,622.4386505784476,53.288426485406376,0.17010772490050538,0.17017431257996768
83.80000000000001,622.6241106992833,621.4973275550832,622.399783506715,622.3995769818914,53.23610319861197,0.17010772490050538,0.17017337874498975
83.9,622.6260698284063,624.4585692835819,622.4907721068686,622.4906025126801,53.32175462190533,0.17010772490050538,0.17017281664671918
84.0,622.623352849625,623.4079451455224,622.5281033053117,622.5279515885748,53.14629753520119,0.17010772490050538,0.17017164749888528
84.10000000000001,622.6188358429074,622.4103564092377,622.5194163651095,622.5192657458851,53.0778198675261,0.17010772490050538,0.17017031898775098
84.2,622.6149804064806,618.8669740823312,622.3610742443772,622.3608702536917,53.10149889544646,0.17010772490050538,0.1701691802557485
84.30000000000001,622.6197797298365,624.9618617350432,622.4780460679476,622.4778846591062,53.42618117729644,0.17010772490050538,0.17016929794367783
84.4,622.6185048574532,620.3966569188677,622.3892878886514,622.3890974164932,53.19887351987646,0.17010772490050538,0.17016855468704498
84.5,622.622159625476,621.2046110140571,622.3440051868441,622.3437991300548,53.38405703093745,0.17010772490050538,0.170168525154244
84.60000000000001,622.6284096300581,623.5225582139877,622.4020550696556,622.4018693154778,53.48271561251374,0.17010772490050538,0.1701688251162674
84.7,622.631727636013,620.9414698860544,622.34469534382,622.344489759011,53.37405654851287,0.17010772490050538,0.17016867373804198
84.80000000000001,622.6382851301275,623.2446838380049,622.3912553846923,622.3910658597629,53.49687076385635,0.17010772490050538,0.17016895117369515
84.9,622.6425221062362,622.3174182406451,622.3938954890452,622.3937072356433,53.41130790375503,0.17010772490050538,0.17016886272991738
85.0,622.6467892780078,622.8428634147757,622.4188088787164,622.4186298607576,53.413588079637705,0.17010772490050538,0.1701687621120649
85.10000000000001,622.6498957399521,621.4495427942152,622.3821511702959,622.3819598190273,53.371056530801525,0.17010772490050538,0.1701684890378966
85.2,622.6551327077044,623.5227086794937,622.4375395552761,622.4373678426382,53.45207701607186,0.17010772490050538,0.17016850651126392
85.30000000000001,622.6575769800367,622.0827236898255,622.42630439683,622.4261296912318,53.348387290423716,0.17010772490050538,0.17016811920256214
85.4,622.6607932740909,623.6098212722617,622.4813260847895,622.4811714753627,53.37810229632412,0.17010772490050538,0.1701678492132774
85.5,622.6612391904132,624.1891985149102,622.5556271523693,622.5555002148405,53.274707013308856,0.17010772490050538,0.1701672048511098
85.60000000000001,622.6578899076532,624.7312383380088,622.645662874157,622.6455697700869,53.13199453220466,0.17010772490050538,0.17016608244169212
85.7,622.6499122209966,625.6286961650381,622.7649434941088,622.7648943423878,52.956899724011045,0.17010772490050538,0.17016441397377893
85.80000000000001,622.6357529574606,619.3968063396986,622.6073097348853,622.6072157105943,52.72210163598534,0.17010772490050538,0.17016203991046755
85.9,622.6302188075358,626.0911359450397,622.7503478262068,622.7503014356876,53.042886742466365,0.17010772490050538,0.1701610375056043
86.0,622.6172267153285,622.5014901181527,622.7264540569231,622.72640503408,52.76071227792306,0.17010772490050538,0.1701590929651668
86.10000000000001,622.6057102559666,626.3218040632688,622.8675360510192,622.8675322092023,52.812741030797355,0.17010772490050538,0.17015750843063232
86.2,622.5868516840538,626.3016763164247,622.9936536089497,622.9936898818827,52.533311358460764,0.17010772490050538,0.17015505200251113
86.30000000000001,622.561465631136,623.6886647320899,622.9960112623442,622.9960534420751,52.282559114281156,0.17010772490050538,0.17015191629804768
86.4,622.5361769156765,622.731876980558,622.9574817373253,622.9575191131634,52.27937145947559,0.17010772490050538,0.1701490654955469
86.5,622.5131684548077,624.6506519925422,623.0044733072735,623.0045251745205,52.35836492616743,0.17010772490050538,0.1701467689628944
86.60000000000001,622.4878656152222,617.8957231738935,622.7595123883148,622.7595149231483,52.26580755170795,0.17010772490050538,0.17014435231041275
86.7,622.4758682454445,618.5960573098403,622.5690545225908,622.569017535641,52.75973290522077,0.17010772490050538,0.17014394614204734
86.80000000000001,622.4742346543507,618.6121465379038,622.3985716333108,622.398495630782,53.146537504879,0.17010772490050538,0.17014495964993603
86.9,622.4818743207708,622.3150730151148,622.4028896876415,622.4028097946191,53.49509635828921,0.17010772490050538,0.1701471100672673
87.0,622.4894284929278,623.6508811548306,622.4637725883875,622.4637027774185,53.49393993266886,0.17010772490050538,0.17014902036941412
87.10000000000001,622.493874894833,624.5917002746352,622.5587218214743,622.5586724380097,53.37901693929592,0.17010772490050538,0.17015030371811288
87.2,622.4933996707696,622.4292941377547,622.552318408294,622.5522659067369,53.19499089373336,0.17010772490050538,0.17015077358028324
87.30000000000001,622.4934271327583,622.6812097751191,622.5574244925571,622.5573717254797,53.21378129721154,0.17010772490050538,0.17015124336584722
87.4,622.4933405318608,622.8182183007846,622.5679953112514,622.5679438262919,53.20949594247119,0.17010772490050538,0.17015162961529112
87.5,622.4928473879113,623.3157895829646,622.5988125256197,622.5987678091793,53.19417230258394,0.17010772490050538,0.17015190076548697
87.60000000000001,622.4908662010821,625.8431716415253,622.7341549120526,622.7341446541232,53.138036658717226,0.17010772490050538,0.17015192110986652
87.7,622.4818155268073,621.4294417353753,622.6682978621423,622.6682720610349,52.87144152228832,0.17010772490050538,0.17015095667155006
87.80000000000001,622.4764583318185,620.6758376310905,622.57713455195,622.5770859881947,53.0080039878544,0.17010772490050538,0.17015056209104715
87.9,622.4761375743616,621.9882344084925,622.5510925061473,622.5510360824258,53.19610527365303,0.17010772490050538,0.17015086570950239
88.0,622.4773626093679,624.012329971031,622.6138995060992,622.6138575075985,53.25419472436658,0.17010772490050538,0.17015132771850847
88.10000000000001,622.4753828683622,620.1267147829406,622.5052874726241,622.5052170613643,53.13391329894513,0.17010772490050538,0.17015128851520656
88.2,622.4793620085998,625.300297783291,622.6277732826657,622.6277323098428,53.35764202079984,0.17010772490050538,0.17015203954411515
88.30000000000001,622.4769406973734,623.0437348991167,622.6421168200428,622.6420792394271,53.11783420074437,0.17010772490050538,0.1701518286786039
88.4,622.4739092794271,622.166707548117,622.617851109205,622.6178071442952,53.09421954918163,0.17010772490050538,0.1701515330413784
88.5,622.4723308675065,618.9987732142769,622.4614377061904,622.461353007263,53.14808566800246,0.17010772490050538,0.1701514408533904
88.60000000000001,622.479261027392,624.634310841441,622.5605833695008,622.5605214327556,53.467880411994116,0.17010772490050538,0.1701524905610311
88.7,622.481028135029,621.3348416934031,622.5095982672368,622.5095214408229,53.27543834668131,0.17010772490050538,0.17015271885523536
88.80000000000001,622.4856629944175,620.6120097120978,622.4331614663522,622.433061870211,53.38384311613851,0.17010772490050538,0.17015329361141066
88.9,622.4945183338576,622.9102761306012,622.4623287477337,622.4622333920137,53.54393163866035,0.17010772490050538,0.17015436576915538
89.0,622.5019427041233,625.1564574221869,622.5842633982778,622.5841989395822,53.492466261134794,0.17010772490050538,0.17015512168121694
89.10000000000001,622.5029827023438,623.1124984118047,622.6071635969286,622.6071047281588,53.25419317660199,0.17010772490050538,0.17015491922021553
89.2,622.5029422393659,624.9372023620041,622.7054997898002,622.7054676071773,53.21381055216715,0.17010772490050538,0.17015456904450182
89.30000000000001,622.4977929903273,621.7318173431261,622.6577504665929,622.6577064382436,53.02153011805836,0.17010772490050538,0.1701535382404088
89.4,622.4953495848006,624.068735261258,622.7143080421447,622.7142792898784,53.121975391543266,0.17010772490050538,0.17015295227353586
89.5,622.4900330809451,620.9080553294019,622.6308782190154,622.6308286983933,53.01318689537494,0.17010772490050538,0.1701520115227503
89.60000000000001,622.4893273654793,622.2640961309116,622.6136346927658,622.6135803811579,53.185279791361154,0.17010772490050538,0.17015176574149912
89.7,622.4896858500307,621.790173128349,622.578106800195,622.578042696005,53.22514062202035,0.17010772490050538,0.1701516676497917
89.80000000000001,622.4920822804318,622.1428049633155,622.5612922301689,622.5612225677154,53.30193556536613,0.17010772490050538,0.170151835561396
89.9,622.4955118287087,624.2476925033957,622.6358324912136,622.6357808113054,53.34146359626822,0.17010772490050538,0.17015210804403452
90.0,622.495091254443,622.61969146406,622.6337781868457,622.6337257410989,53.19748930097518,0.17010772490050538,0.1701518124865442
90.10000000000001,622.4949200847531,624.5561228380344,622.7144126746404,622.714380716757,53.20676218397708,0.17010772490050538,0.1701515592682464
90.2,622.4905797294005,622.5961942834741,622.7037040920034,622.7036702394001,53.04980842549343,0.17010772490050538,0.17015074451226384
90.30000000000001,622.4869582595433,623.9566533607078,622.752041892933,622.7520206575698,53.07569267781311,0.17010772490050538,0.17015008509508858
90.4,622.4808990637177,621.9494467367122,622.7102625351033,622.7102322305419,52.982971634898085,0.17010772490050538,0.17014913766073858
90.5,622.4772208732988,624.1276110691205,622.7654252582188,622.7654086737996,53.070946166648426,0.17010772490050538,0.17014858384553216
90.60000000000001,622.4707390567863,623.2207494717925,622.7765757628541,622.7765628652428,52.964439193395094,0.17010772490050538,0.1701476823273742
90.7,622.4638101754887,624.3582984173219,622.8350773040042,622.8350789131925,52.94586518185625,0.17010772490050538,0.1701467860327402
90.80000000000001,622.453904983113,622.6106569056975,622.8134574679832,622.8134558096151,52.83198229682481,0.17010772490050538,0.1701455508905935
90.9,622.4453093090025,622.6302939629823,622.7949315539655,622.7949270394798,52.878593945883544,0.17010772490050538,0.1701445910653725
91.0,622.4378542490524,624.5349463410024,622.859357259679,622.8593672701,52.9192022157593,0.17010772490050538,0.17014385750732558
91.10000000000001,622.4271053676609,624.9985664582395,622.9370981978876,622.9371255439199,52.79322808181786,0.17010772490050538,0.17014272644896533
91.2,622.41235786213,624.8382011674353,623.0002600494807,623.0003015375127,52.639840278738895,0.17010772490050538,0.17014113961719732
91.30000000000001,622.3943985308712,622.1540142727905,622.9429616098205,622.9429942854603,52.51498527617832,0.17010772490050538,0.17013924684322007
91.4,622.3796683324706,622.1627427530882,622.8918459754511,622.891870769132,52.63166983742852,0.17010772490050538,0.17013795219246458
91.5,622.3678290880467,623.4345974388389,622.9000216815837,622.9000485608412,52.73649816239378,0.17010772490050538,0.17013715292643494
91.60000000000001,622.3557065131758,624.2977192280593,622.9441453895906,622.9441803175597,52.722642093366815,0.17010772490050538,0.17013637085652836
91.7,622.3413802416788,622.657730631597,622.9141432671057,622.914174112987,52.63643677675431,0.17010772490050538,0.17013534343636913
91.80000000000001,622.3288138741249,619.4011543585262,622.7487244856038,622.7487296230667,52.69880744476987,0.17010772490050538,0.17013463240227988
91.9,622.3252362239152,623.5684635292997,622.7772563888803,622.7772650224146,53.03370912837986,0.17010772490050538,0.1701351896583914
92.0,622.3202668172363,624.4754919351471,622.8415890542661,622.8416074441353,52.98036567945991,0.17010772490050538,0.17013548539205667
92.10000000000001,622.3119956702318,620.8543982593442,622.7455407379011,622.7455434733777,52.85476476157702,0.17010772490050538,0.1701352851005104
92.2,622.3089962871101,616.4966261155749,622.473926354741,622.4738831833097,53.05093726835855,0.17010772490050538,0.17013580030660844
92.30000000000001,622.3206346287928,622.3979535233577,622.4807486483186,622.480701491543,53.60101901666143,0.17010772490050538,0.17013823448477008
92.4,622.3320050850697,625.9485997420051,622.6380545041694,622.6380325579138,53.59407538527944,0.17010772490050538,0.17014038319420255
92.5,622.3350692136567,622.8462823159427,622.6477490273478,622.6477267692283,53.28453292695864,0.17010772490050538,0.17014118290403016
92.60000000000001,622.3377296763779,622.2394374626675,622.630790292723,622.630762635787,53.27016723663742,0.17010772490050538,0.17014183416803857
92.7,622.3414105515185,619.8700374075873,622.5149053928586,622.5148518364946,53.30928787716196,0.17010772490050538,0.17014254460903822
92.80000000000001,622.3513935522828,619.9768393440705,622.4153719976122,622.41529315728,53.547460957381944,0.17010772490050538,0.17014402575435086
92.9,622.3667909876843,624.1619325019433,622.5040094330301,622.5039446490159,53.75392538423839,0.17010772490050538,0.17014608430047246
93.0,622.3775386315787,621.5502053445261,622.4728345918518,622.4727584914714,53.583082954276314,0.17010772490050538,0.1701473004245315
93.10000000000001,622.3900465006174,625.0268189709507,622.5928159242043,622.5927641005684,53.65222768445068,0.17010772490050538,0.170148623999427
93.2,622.3962354579788,624.3846103332222,622.6735693996036,622.673534846038,53.41778882525098,0.17010772490050538,0.1701489486961798
93.30000000000001,622.3982143445369,621.2288267028637,622.612122393479,622.6120720527476,53.261011985851326,0.17010772490050538,0.17014865528476109
93.4,622.4035882370448,620.2493047921425,622.5153327028665,622.5152570708119,53.38931685190463,0.17010772490050538,0.17014883485138638
93.5,622.4142372136852,623.5503978743927,622.5688187761292,622.568752828354,53.58929424506796,0.17010772490050538,0.17014969784307737
93.60000000000001,622.4221214409673,623.1971823519032,622.6020564147597,622.6019962746958,53.48811520170017,0.17010772490050538,0.1701500885401233
93.7,622.4283281474362,626.5523103658487,622.7747767007995,622.7747578405276,53.42710834626967,0.17010772490050538,0.17015019936161524
93.80000000000001,622.4254091830127,626.4263881454392,622.9248777784236,622.9248959459485,53.08533763620075,0.17010772490050538,0.17014904548660903
93.9,622.4145923164009,620.5140202928001,622.8085149116216,622.8085080978793,52.78731246589953,0.17010772490050538,0.17014691276531027
94.0,622.4101287943608,624.9629529378474,622.8931340525564,622.8931467755804,53.02350308105906,0.17010772490050538,0.17014582971988196
94.10000000000001,622.4012676432028,623.8236568467545,622.9208630637013,622.9208829759118,52.856794257901186,0.17010772490050538,0.1701442363097914
94.2,622.3910569194944,623.242668498047,622.9211558807974,622.9211771084963,52.80361302747917,0.17010772490050538,0.17014259474381374
94.30000000000001,622.3809645407977,620.6677334570517,622.8119735426279,622.8119744044714,52.80531299122524,0.17010772490050538,0.17014110885860725
94.4,622.3768375543963,622.7609890385777,622.8028707553518,622.8028698502762,53.02709865523041,0.17010772490050538,0.1701405581067849
94.5,622.3733162129021,622.8654895907342,622.7992155778604,622.7992138384251,53.048779065117884,0.17010772490050538,0.17014012580890156
94.60000000000001,622.3701076008277,623.9648820259288,622.8427711277236,622.8427773901973,53.059598950435934,0.17010772490050538,0.17013976099885394
94.7,622.3646885589516,623.7739178176704,622.8739063988404,622.8739186003588,52.97554407298957,0.17010772490050538,0.17013911460625636
94.80000000000001,622.3577268000494,621.3336094464272,622.7982040382674,622.798203031975,52.916022466662916,0.17010772490050538,0.17013830396574794
94.9,622.3549320813061,621.0540160242224,622.7183097645878,622.7182941208954,53.07097157311071,0.17010772490050538,0.17013812022276564
95.0,622.3565186181299,617.5170605763899,622.4961397163601,622.496082567066,53.23510645406107,0.17010772490050538,0.1701385330626197
95.10000000000001,622.3700763089488,625.7178292150354,622.6452196371273,622.6451865131943,53.68606873604926,0.17010772490050538,0.17014051622480708
95.2,622.3757472965298,625.9681236606874,622.7900894332221,622.7900827016258,53.39290897866067,0.17010772490050538,0.17014122596618572
95.30000000000001,622.3737732044974,622.8996920424593,622.7899998566778,622.7899928578455,53.10671577478138,0.17010772490050538,0.1701408153940271
95.4,622.3719136909689,622.0689645941084,622.754682926105,622.7546688665207,53.110495533763526,0.17010772490050538,0.17014044431904257
95.5,622.3720497341524,623.1071469219972,622.7671672389681,622.7671549046097,53.18509682774801,0.17010772490050538,0.1701403645056691
95.60000000000001,622.3716229950743,623.3865251433282,622.7903756798801,622.7903672592325,53.16395320252384,0.17010772490050538,0.1701402010083694
95.7,622.3700613208619,621.9861905961725,622.7517914411778,622.7517754628259,53.12112482068583,0.17010772490050538,0.1701398841112824
95.80000000000001,622.3706674955425,623.4425873209494,622.7791229387273,622.7791114254181,53.20229065887087,0.17010772490050538,0.1701398769543599
95.9,622.3699151871753,625.9319686016183,622.9096679262022,622.9096805486126,53.1513276194322,0.17010772490050538,0.1701396713887718
96.0,622.3622934190842,624.8355784581742,622.9805275884127,622.9805538211041,52.89259256755707,0.17010772490050538,0.1701385375882982
96.10000000000001,622.3510049417293,623.6252836203887,622.9928385299692,622.9928679566448,52.75254048436315,0.17010772490050538,0.17013699827348053
96.2,622.339184705635,622.6053810374594,622.9605788919715,622.9606039911657,52.72948353371532,0.17010772490050538,0.17013551766058516
96.30000000000001,622.3292140615176,619.3820755003385,622.7945325279528,622.794532177773,52.79590542476175,0.17010772490050538,0.17013441365606138
96.4,622.328234703362,624.3111257282143,622.8548827204319,622.8548911043939,53.13160372976943,0.17010772490050538,0.17013462066397517
96.5,622.3241331792226,625.5042817221768,622.9599840818047,622.9600087110795,53.013836965483705,0.17010772490050538,0.17013436910841823
96.60000000000001,622.3145253600103,621.8417537684966,622.8988147057996,622.8988306056332,52.8055016650018,0.17010772490050538,0.17013337843962434
96.7,622.3083042454724,622.6219225431424,622.8770354117795,622.8770480929726,52.930369569838035,0.17010772490050538,0.17013292685216772
96.80000000000001,622.3033577954952,621.2975014588643,622.8011911573506,622.8011925249307,52.97666411422949,0.17010772490050538,0.17013267633813747
96.9,622.3025705861992,625.1877151939282,622.8984974918594,622.8985124454617,53.13186332506399,0.17010772490050538,0.17013299972675242
97.0,622.2966840587694,621.9643702202962,622.8490094054918,622.8490171217571,52.93973835954728,0.17010772490050538,0.17013258516474333
97.10000000000001,622.2935499612685,620.4599669208887,622.7405942727146,622.740585730744,53.041738835738926,0.17010772490050538,0.17013256916796582
97.2,622.2963093700318,624.4577328576117,622.8131925877294,622.81319346467,53.262695760457774,0.17010772490050538,0.1701333406293767
97.30000000000001,622.2952799783718,623.9796976445624,622.8582511533775,622.8582581818305,53.120848357959034,0.17010772490050538,0.17013351021487683
97.4,622.2919406482573,622.9979566283159,622.8571052230199,622.8571118288534,53.033636341819786,0.17010772490050538,0.17013333582540566
97.5,622.2887639842813,622.4292771836658,622.8319650668751,622.8319676440235,53.03885792948549,0.17010772490050538,0.17013318596620752
97.60000000000001,622.2870307962817,621.0039334766998,622.7488173281242,622.7488069481965,53.09232662270496,0.17010772490050538,0.17013323237053882
97.7,622.2898359570424,622.0312776979858,622.717818559017,622.7178020812177,53.262659944877036,0.17010772490050538,0.1701338768688622
97.80000000000001,622.2943835236312,623.6051389599528,622.756977217311,622.7569652925819,53.32899165802252,0.17010772490050538,0.17013468326542858
97.9,622.2969217305576,621.104455743911,622.6859542948794,622.6859297987235,53.25459558236828,0.17010772490050538,0.17013512698891742
98.0,622.3033400338295,621.9892894447765,622.6598173370838,622.6597865213236,53.40130727209785,0.17010772490050538,0.1701360422924657
98.10000000000001,622.3112319163383,622.4926624191464,622.6578394529785,622.6578060247294,53.458495961684434,0.17010772490050538,0.17013705796673487
98.2,622.3193032857752,623.8363447967823,622.7133288312214,622.7133030356778,53.46737889462537,0.17010772490050538,0.170137989069663
98.30000000000001,622.3244836363375,624.2763974428469,622.782066907395,622.7820520879394,53.36075184237193,0.17010772490050538,0.1701384269449146
98.4,622.3260711730276,626.8217950659604,622.952238367561,622.9522535782037,53.22693321696926,0.17010772490050538,0.17013832306599516
98.5,622.31865502375,622.5112216964037,622.9220416515209,622.9220525033136,52.88850770065867,0.17010772490050538,0.1701369935342968
98.60000000000001,622.3129575240737,619.8429457617159,622.7814644430837,622.7814524347241,52.951189325405736,0.17010772490050538,0.17013601096360972
98.7,622.3148705472943,623.0181068829522,622.7901399102547,622.790128564193,53.23607493823747,0.17010772490050538,0.17013614274068253
98.80000000000001,622.3164044186601,621.3986683945732,622.729165622892,622.7291433988232,53.22232139365778,0.17010772490050538,0.17013619811882924
98.9,622.3212800026675,625.0019656421971,622.827664237452,622.827657439846,53.34850029040903,0.17010772490050538,0.17013668975331547
99.0,622.3209710665237,619.2725724973017,622.6726920698162,622.6726588929655,53.154695633965005,0.17010772490050538,0.1701364185377086
99.10000000000001,622.3290281175151,623.8910741795924,622.7298280264331,622.7298027341081,53.46946613879636,0.17010772490050538,0.17013729701232486
99.2,622.3341023505778,621.4449617922406,622.677303237694,622.6772674491151,53.35938042916999,0.17010772490050538,0.1701376754024001
99.30000000000001,622.3420576678776,620.9931804825176,622.6109653827659,622.610915737314,53.46917832466492,0.17010772490050538,0.17013839743321427
99.4,622.3536252874432,620.8752177105156,622.546416020568,622.5463514795451,53.60727259089393,0.17010772490050538,0.17013952998051948
99.5,622.3687014885656,624.7583866782578,622.6536478057326,622.6536004005358,53.74243759163626,0.17010772490050538,0.1701410202828977
99.60000000000001,622.3781021297372,617.4213850406983,622.4382088518319,622.4381164887097,53.53290374564964,0.17010772490050538,0.17014158811442526
99.7,622.3990758045422,619.4526792134292,622.3309895741979,622.3308687164443,53.97099040441461,0.17010772490050538,0.17014366218114144
99.80000000000001,622.4258161775414,623.6204854340612,622.4120000926065,622.411889372852,54.193677261780955,0.17010772490050538,0.17014631188777812
99.9,622.4482554188568,622.7050632961125,622.4461271657487,622.4460181441714,54.03901705523714,0.17010772490050538,0.1701481174562156
100.0,622.4689072027452,621.5863476199654,622.4294286932699,622.4293099465875,53.977799331156646,0.17010772490050538,0.17014950012099525
100.10000000000001,622.490490345935,620.5836097417842,622.3719495055245,622.3718102805915,54.01842262685848,0.17010772490050538,0.17015086911783495
100.2,622.5151811754263,623.1049995566647,622.4276734973632,622.4275418460345,54.141203856044626,0.17010772490050538,0.17015252129590472
100.30000000000001,622.5369252644737,623.4893843002167,622.4943281894947,622.4942087346768,54.03696530669826,0.17010772490050538,0.17015360875382188
100.4,622.5551448911599,620.5793158903627,622.4306948417319,622.430553735164,53.91018944206685,0.17010772490050538,0.17015410671612774
100.5,622.576807782722,622.4859177298914,622.4547231617508,622.4545832350566,54.04469390374077,0.17010772490050538,0.17015501666161503
100.60000000000001,622.5972231336743,619.7554921038691,622.3603975891989,622.3602261994668,54.0035890716051,0.17010772490050538,0.17015566325291578
100.7,622.6227162313921,619.5408410679063,622.2666262349896,622.2664208503841,54.200200880790106,0.17010772490050538,0.17015692982621475
100.80000000000001,622.6532462496052,622.0723384770075,622.2901627482966,622.2899552936626,54.39664737045164,0.17010772490050538,0.170158752235767
100.9,622.6825351348231,625.6382075561371,622.4631990856739,622.4630365797516,54.35817893095791,0.17010772490050538,0.17016022665962816
101.0,622.7025985920711,624.8162964006267,622.5840655821686,622.5839361195049,54.018885992982455,0.17010772490050538,0.17016030302931637
101.10000000000001,622.7162437007015,628.2767025183725,622.840088687508,622.8400352859568,53.782747552280846,0.17010772490050538,0.17015949420517357
101.2,622.7162637067466,622.2818306211994,622.8155140610544,622.8154552987986,53.27364886651745,0.17010772490050538,0.17015690467158434
101.30000000000001,622.7176786850811,624.1503835409767,622.8729586174716,622.872917105616,53.32615428784581,0.17010772490050538,0.17015474254471777
101.4,622.7161035121444,622.0597344583327,622.835791159662,622.8357417360879,53.21400150315484,0.17010772490050538,0.17015237128088648
101.5,622.7165987069955,622.3468970656363,622.8146516966495,622.8145983126615,53.29149482485013,0.17010772490050538,0.17015049784391764
101.60000000000001,622.718303067442,625.3871410676848,622.9250147671919,622.924989185886,53.33713568857643,0.17010772490050538,0.17014895780678607
101.7,622.7141886194962,623.6616049219547,622.9509609844108,622.9509433067315,53.11860405026845,0.17010772490050538,0.17014676456029665
101.80000000000001,622.7087773334974,623.5103714439555,622.9679186166999,622.9679065615098,53.06868637551028,0.17010772490050538,0.17014459397508194
101.9,622.7025517962182,622.2932104847313,622.9314561480925,622.9314384959106,53.03658080033843,0.17010772490050538,0.17014250916484827
102.0,622.6983669744689,622.649181800465,622.9138524962963,622.9138328540821,53.11170254657782,0.17010772490050538,0.1701408896829582
102.10000000000001,622.6952105222626,623.2619430929549,622.924137212558,622.9241206823136,53.14927550169396,0.17010772490050538,0.17013955367263392
102.2,622.6915900190394,621.4512233055696,622.8564415065819,622.856413976135,53.13095863840777,0.17010772490050538,0.17013827134091963
102.30000000000001,622.6916715537533,622.3338385489558,622.8331594373751,622.833128342661,53.269307911003786,0.17010772490050538,0.17013760348319512
102.4,622.6930741396231,622.2857529255948,622.8102532936288,622.8102185041856,53.319047894525106,0.17010772490050538,0.1701371683572338
102.5,622.6957744163378,621.4194540393389,622.7528950530478,622.7528504320874,53.36826538643396,0.17010772490050538,0.17013694073638627
102.60000000000001,622.7016094895959,624.1600845297507,622.817953637193,622.8179196495101,53.486973026309606,0.17010772490050538,0.17013715049915876
102.7,622.7040330429302,623.6992923819594,622.8569622161901,622.8569350005815,53.360155394968956,0.17010772490050538,0.1701368672141746
102.80000000000001,622.7044437334876,623.8144335329997,622.8970216417016,622.8970015967767,53.28505534282038,0.17010772490050538,0.17013632750224578
102.9,622.7027894909297,628.3513352792652,623.1260599654107,623.1260781074579,53.20745213446226,0.17010772490050538,0.170135548508476
103.0,622.6889799356798,623.3797094446903,623.1206568544148,623.1206758145812,52.7495383320252,0.17010772490050538,0.17013318130406183
103.10000000000001,622.6755643278624,624.5442721509575,623.1653294619776,623.1653558840248,52.76063615963287,0.17010772490050538,0.170131081544117
103.2,622.6598664973818,621.4399449691464,623.073490808189,623.0735069066455,52.67112246190533,0.17010772490050538,0.17012885976082454
103.30000000000001,622.6491826172098,618.657112933959,622.8725563901028,622.8725498358625,52.85558534759747,0.17010772490050538,0.17012751914801996
103.4,622.6493283187322,619.2753872215719,622.7181805291707,622.7181553635211,53.26027399080491,0.17010772490050538,0.1701277661052062
103.5,622.6577925241769,623.1326620885707,622.7434682120917,622.7434442354909,53.57338138185258,0.17010772490050538,0.17012910861938496
103.60000000000001,622.6649601438868,624.0413566714367,622.8049623011952,622.8049447704831,53.526869195558085,0.17010772490050538,0.17013013740623678
103.7,622.6688997825296,619.1439838008059,622.6520939686282,622.6520549103947,53.407318677868844,0.17010772490050538,0.17013062008067023
103.80000000000001,622.6810683130366,624.1500543218174,622.7276094580991,622.7275784456126,53.71807784894171,0.17010772490050538,0.17013216433064196
103.9,622.6892483348554,624.8706339480204,622.8262873724178,622.8262692585923,53.57125499404971,0.17010772490050538,0.17013301100422745
104.0,622.6922110850647,626.7914522858978,622.9968169866083,622.9968236172305,53.37711067550433,0.17010772490050538,0.1701330593166673
104.10000000000001,622.6861297155467,624.1231546273924,623.0367722675176,623.0367851373912,53.03753372205578,0.17010772490050538,0.17013186468017152
104.2,622.6779984275188,622.8969821798361,623.0205954101008,623.0206067556143,52.958742830360315,0.17010772490050538,0.1701304948501319
104.30000000000001,622.6708195996478,623.9622713905335,623.0513808702783,623.0513966038418,52.99239352635811,0.17010772490050538,0.17012937430902605
104.4,622.6620822399935,623.6841454281548,623.0672696006455,623.0672877281125,52.931799863864626,0.17010772490050538,0.1701281380433347
104.5,622.652585049421,621.9939932297027,623.0097055756215,623.0097176383694,52.900844738042,0.17010772490050538,0.17012690541877332
104.60000000000001,622.6462526361254,621.8004735522325,622.9497328763259,622.9497385607989,53.017387741144695,0.17010772490050538,0.1701262093781863
104.7,622.6432062533981,619.4547065037323,622.7960804209586,622.7960693876133,53.13934851067762,0.17010772490050538,0.17012601547077075
104.80000000000001,622.6484420252978,622.3163194969231,622.779656375335,622.7796420642807,53.450226163172616,0.17010772490050538,0.1701269547745057
104.9,622.6546116270565,622.9987861465017,622.7940008343064,622.793986671803,53.48678438919514,0.17010772490050538,0.1701279219452238
105.0,622.660069271492,623.9539869987037,622.8476163749301,622.8476074548228,53.46165530743233,0.17010772490050538,0.17012869105564096
105.10000000000001,622.6627186099115,623.0839788129636,622.8589218917745,622.8589135699848,53.35743766684468,0.17010772490050538,0.17012899629542913
105.2,622.6648254608212,619.8365300296947,622.7310615015045,622.7310363562992,53.33773630082078,0.17010772490050538,0.17012918945559463
105.30000000000001,622.6738241482063,627.1933095553,622.9290197507669,622.9290188771023,53.59768036462893,0.17010772490050538,0.17013029099199495
105.4,622.6722958508929,620.6948436013288,622.8307792114002,622.8307654586357,53.20392513425177,0.17010772490050538,0.1701298491742805
105.5,622.6760847048546,622.5791694835427,622.8226282888111,622.8226125719167,53.40362431659858,0.17010772490050538,0.1701301623975362
105.60000000000001,622.6803666281636,623.159878273306,622.840075960925,622.8400616424145,53.423203964317445,0.17010772490050538,0.1701305039091482
105.7,622.6837729127008,622.6952907624569,622.8360917818795,622.8360761792878,53.39140520689763,0.17010772490050538,0.17013068523204844
105.80000000000001,622.6874499684734,620.0607984932458,622.7205513467877,622.7205192592731,53.40251537135814,0.17010772490050538,0.17013087734785623
105.9,622.6973556650464,621.7716566918176,622.6894903960443,622.689451900298,53.63792401879478,0.17010772490050538,0.170131888491783
106.0,622.7089636440844,621.0782746136618,622.6321814745482,622.6321320822449,53.704664217742156,0.17010772490050538,0.17013302656573925
106.10000000000001,622.7236720224577,623.6164973475468,622.6887075175684,622.6886638421707,53.82448253302588,0.17010772490050538,0.17013446960043435
106.2,622.7353932552664,621.777413728676,622.6614597947687,622.661409356374,53.716032374752444,0.17010772490050538,0.17013536252576358
106.30000000000001,622.7486085621643,620.5292645504549,622.5839955200771,622.5839293574335,53.77542725278229,0.17010772490050538,0.17013636604842297
106.4,622.7659968774857,621.7554661563581,622.5666080786616,622.5665349824129,53.93604795708891,0.17010772490050538,0.1701378335769288
106.5,622.7843398170505,620.7074805517909,622.5065497344679,622.5064613604745,53.9766713573059,0.17010772490050538,0.17013928455695285
106.60000000000001,622.8059145331086,619.7971265802734,622.4139775891543,622.4138658812369,54.10325398757792,0.17010772490050538,0.17014102990354307
106.7,622.8324506917015,621.9077869646612,622.4206576966011,622.4205402786178,54.29580628724079,0.17010772490050538,0.1701432767120048
106.80000000000001,622.8586355236226,625.7155739090747,622.5887865103266,622.5886991841239,54.28975208969294,0.17010772490050538,0.17014525703843747
106.9,622.8758452945292,621.8555230727399,622.5760045897144,622.5759106497796,53.95904728683935,0.17010772490050538,0.1701458260905695
107.0,622.8937636693362,626.55766957526,622.7646219890086,622.7645670911323,53.99036524903012,0.17010772490050538,0.17014643183949296
107.10000000000001,622.9016303054239,618.2643162561855,622.5816895076019,622.5815928418369,53.61690669541341,0.17010772490050538,0.17014560989210226
107.2,622.9193150504764,623.9661322478654,622.6597691410564,622.659686516515,53.98853926558584,0.17010772490050538,0.17014619331500044
107.30000000000001,622.9328530806924,622.6619393700427,622.6746631786718,622.674581639447,53.83725505106463,0.17010772490050538,0.1701461530766029
107.4,622.945628680309,622.151193932685,622.6664613094383,622.6663759508373,53.81221898880619,0.17010772490050538,0.17014600769178012
107.5,622.9588771145528,626.4875095914878,622.843617575941,622.8435699975774,53.83346660651716,0.17010772490050538,0.1701459348521841
107.60000000000001,622.9626954601629,625.7011388991505,622.9696045949152,622.9695845343874,53.482142813061046,0.17010772490050538,0.17014458272830635
107.7,622.9598377088939,626.8262611674422,623.1308229873424,623.1308370316609,53.23191789409722,0.17010772490050538,0.170142445872833
107.80000000000001,622.948436350124,621.299188894861,623.0407931873083,623.0407921544266,52.90960452923362,0.17010772490050538,0.17013934401587955
107.9,622.941931005801,624.7765180545359,623.1077198793568,623.1077315960085,53.09078636215791,0.17010772490050538,0.1701371950156309
108.0,622.9319263303928,620.6446124027316,622.9922135313806,622.9922080714773,52.95733016303404,0.17010772490050538,0.17013476701734312
108.10000000000001,622.928174523986,626.8770109520034,623.1534011436943,623.1534206301485,53.189955131381716,0.17010772490050538,0.17013341171863058
108.2,622.9158816452914,622.5428812113928,623.1140705433571,623.1140855926299,52.86749580773784,0.17010772490050538,0.17013101636579828
108.30000000000001,622.9057768950805,622.2425638710496,623.0659303613445,623.0659400478139,52.94652502684883,0.17010772490050538,0.17012913762530474
108.4,622.8983255590347,624.4927737478963,623.1183443674462,623.118360691167,53.043656716002594,0.17010772490050538,0.1701277895213575
108.5,622.8881504031522,623.0625761560972,623.1046767621043,623.1046920638921,52.93913182238469,0.17010772490050538,0.17012619064724824
108.60000000000001,622.8787867052371,624.4594066754761,623.1517972423258,623.1518176083428,52.96692215629559,0.17010772490050538,0.170124845123372
108.7,622.8669854118737,626.1760473036319,623.2671850036031,623.2672161824897,52.872652891310885,0.17010772490050538,0.17012328707329344
108.80000000000001,622.8491052111506,622.0470447784705,623.1953523852347,623.1953778659633,52.64068358119203,0.17010772490050538,0.17012104116908663
108.9,622.8351589048507,623.2581530808568,623.1822321344364,623.1822565650172,52.78390643558519,0.17010772490050538,0.17011953383926556
109.0,622.8220014157077,624.588702889597,623.2270064438319,623.2270334025385,52.80982647182738,0.17010772490050538,0.17011826723597426
109.10000000000001,622.8065383736475,620.9183634183186,623.1111730095274,623.1111933700142,52.71950246275931,0.17010772490050538,0.17011679764843635
109.2,622.797352557384,622.288220784253,623.0652465318927,623.0652641258808,52.951570594107686,0.17010772490050538,0.17011631109638964
109.30000000000001,622.790695938372,619.8601966527784,622.9207008763935,622.9207107384511,53.044276441115656,0.17010772490050538,0.17011620481158998
109.4,622.7918298317546,622.5607935543753,622.9055886237127,622.9055965207816,53.33567610859057,0.17010772490050538,0.17011715771954994
109.5,622.79382372365,623.6060002224912,622.9365070380453,622.9365156494569,53.36834857872179,0.17010772490050538,0.17011812795012665
109.60000000000001,622.7942169350649,624.3858111516588,622.997535690248,622.9975473385397,53.30864516487675,0.17010772490050538,0.1701187797787118
109.7,622.7914045029822,623.1217397021181,622.998712852931,622.9987240074254,53.188106313325704,0.17010772490050538,0.17011892540167542
109.80000000000001,622.7885899192061,625.0011135057302,623.0797343650389,623.0797503752596,53.18726573548004,0.17010772490050538,0.1701190481297131
109.9,622.7815083179088,622.9663646081043,623.0660995422834,623.0661144196341,53.0259154960591,0.17010772490050538,0.1701185705606331
110.0,622.7752244629733,622.4664118700387,623.0325949949564,623.0326074985933,53.05402626311363,0.17010772490050538,0.17011823788439712
110.10000000000001,622.7707975095749,621.8131687677746,622.9747072151888,622.9747157650673,53.12221403020936,0.17010772490050538,0.17011818033746684
110.2,622.7695253660163,622.2022939431071,622.9392302241233,622.9392359015633,53.23975033961056,0.17010772490050538,0.17011854827404335
110.30000000000001,622.7702038149973,621.6620570434562,622.8843978974478,622.8843991208424,53.31281770760305,0.17010772490050538,0.17011913785110347
110.4,622.7738620902202,625.1000473059629,622.981351258055,622.9813584062293,53.425147277836324,0.17010772490050538,0.17012006804732138
110.5,622.7723863377779,623.8607475416046,623.0159002631538,623.0159094709746,53.232915123000225,0.17010772490050538,0.17012020442489487
110.60000000000001,622.7691207003712,618.9943154937827,622.8400569168418,622.8400530518413,53.16515389879987,0.17010772490050538,0.1701200765357604
110.7,622.7753061696108,623.9831906323774,622.8941266068966,622.8941256272802,53.51996620654808,0.17010772490050538,0.17012123679035426
110.80000000000001,622.7786417290516,623.1514285363792,622.9074553645228,622.9074545534587,53.41437979939746,0.17010772490050538,0.17012189223839183
110.9,622.7813094762888,622.2274507837525,622.8802126068389,622.8802086338471,53.39014740150592,0.17010772490050538,0.17012238725081869
111.0,622.7854776607456,620.7205123600177,622.7916912367726,622.7916783125875,53.447337154390596,0.17010772490050538,0.17012303172718543
111.10000000000001,622.794415797098,620.6523848687245,622.7092606678048,622.7092379703905,53.62798101378405,0.17010772490050538,0.17012425575976517
111.2,622.8077879252983,623.3245120190994,622.748864506179,622.748843350462,53.79726931847404,0.17010772490050538,0.17012595896451493
111.30000000000001,622.819065976994,620.1371770257599,622.6490430592972,622.6490082473703,53.722070124826374,0.17010772490050538,0.17012720982387727
111.4,622.8357016106407,624.1966643400204,622.7320194929057,622.7319915637764,53.92675024853622,0.17010772490050538,0.1701290632429367
111.5,622.8479190359357,616.5840384654471,622.4830218262574,622.4829586728622,53.76496370008612,0.17010772490050538,0.1701301351776206
111.60000000000001,622.8734600331694,618.8484632351534,622.3555187592065,622.3554303527116,54.269699895185965,0.17010772490050538,0.1701329083768829
111.7,622.9058058767422,624.273030404259,622.4717236923746,622.4716455736539,54.532702231960144,0.17010772490050538,0.17013633692838015
111.80000000000001,622.9319238778758,621.3489597344171,622.4520713337321,622.4519826904767,54.30705533433899,0.17010772490050538,0.17013859123846914
111.9,622.9590847409415,623.2707877541777,622.5163021804077,622.5162186099192,54.35336127378852,0.17010772490050538,0.17014076932543892
112.0,622.982805374149,623.2869823754602,622.5749283064823,622.5748504924549,54.23122724880439,0.17010772490050538,0.17014227043348823
112.10000000000001,623.0033926957449,620.5280789581578,622.5104815594542,622.5103852783891,54.119714978808474,0.17010772490050538,0.17014320048911796
112.2,623.0274279002011,623.1786663434051,622.5653971006008,622.5653065828667,54.25504155415611,0.17010772490050538,0.17014450700614558
112.30000000000001,623.0485272309659,623.4050588247455,622.6245705801242,622.6244881088734,54.15104587937224,0.17010772490050538,0.170145288120201
112.4,623.066469644099,624.2171374286377,622.7124662954124,622.7123994684372,54.03793794627015,0.17010772490050538,0.17014556363863723
112.5,623.0797277012351,623.72629643047,622.7707657493265,622.7707092817674,53.86649123245816,0.17010772490050538,0.1701451739876731
112.60000000000001,623.0898926257152,624.0783621146262,622.8382748857214,622.8382313655495,53.75366451298009,0.17010772490050538,0.17014439805745574
112.7,623.0964791396863,624.4141932915578,622.9133603855399,622.9133317598046,53.621738031760316,0.17010772490050538,0.1701432063033823
112.80000000000001,623.0990902711283,623.6162435033391,622.9470253493812,622.9470033859277,53.473903925652145,0.17010772490050538,0.17014158386980485
112.9,623.0999472201876,622.1286729340426,622.914096773275,622.9140688103894,53.40859063954662,0.17010772490050538,0.17013987302323852
113.0,623.102610895239,624.2141869526644,622.9732284684011,622.9732112158267,53.47681910251936,0.17010772490050538,0.17013856574393177
113.10000000000001,623.1021594905678,623.6334625702699,623.0017657875214,623.0017538355199,53.36030217948641,0.17010772490050538,0.17013695480134094
113.2,623.100233920577,623.2814254378893,623.0125017209123,623.0124920328067,53.304699401744784,0.17010772490050538,0.17013529165466404
113.30000000000001,623.0977880767092,624.6016057336643,623.0783369385188,623.0783378387364,53.28459808684323,0.17010772490050538,0.17013371062562624
113.4,623.0918796980226,624.3934109276408,623.1287198023565,623.128728547909,53.15362309659645,0.17010772490050538,0.170131803752451
113.5,623.0833415765785,621.73559430578,623.0610155989685,623.0610162966782,53.05305439277221,0.17010772490050538,0.1701297147317466
113.60000000000001,623.0784867671166,625.0021835054276,623.1390565917064,623.1390671785641,53.18936873226698,0.17010772490050538,0.17012831873026946
113.7,623.0695219927724,623.359752138307,623.1394094405059,623.1394205821883,53.033376296709484,0.17010772490050538,0.17012649046378842
113.80000000000001,623.0606056457755,621.6752829341971,623.0680941960306,623.0680985628449,53.03277528363916,0.17010772490050538,0.17012483590296917
113.9,623.0555652706976,624.0896299441373,623.1066419272216,623.1066501389213,53.17623833669768,0.17010772490050538,0.1701238586950517
114.0,623.0485239279348,618.9753436361422,622.9238317073994,622.9238240563534,53.09956868315561,0.17010772490050538,0.1701226956560719
114.10000000000001,623.0513089221665,623.0220273253987,622.9315449145242,622.9315373906072,53.467482607727845,0.17010772490050538,0.17012297171219876
114.2,623.0537220607956,622.314014079306,622.9084291116561,622.9084189930305,53.45424056531413,0.17010772490050538,0.17012316471328104
114.30000000000001,623.0574106036609,623.442741207755,622.9356994868035,622.9356912603082,53.50289317053721,0.17010772490050538,0.17012350641311882
114.4,623.059680304503,623.0199239738972,622.9423027809964,622.9422947344119,53.45049172337877,0.17010772490050538,0.17012361676835835
114.5,623.0616379719681,624.900271351264,623.02826089271,623.0282605212337,53.43936182782723,0.17010772490050538,0.17012366812124208
114.60000000000001,623.0590455689393,622.3383521116594,622.9966606232982,622.9966574519714,53.26864764897125,0.17010772490050538,0.17012309016546334
114.7,623.0581919678484,623.6360836650213,623.0234639134915,623.0234630288307,53.333387212976255,0.17010772490050538,0.1701227970749609
114.80000000000001,623.0559536299776,624.9844913262483,623.1049493919633,623.1049555308265,53.281041428969196,0.17010772490050538,0.17012233736301358
114.9,623.0494127000674,623.7203942002801,623.1244988171266,623.1245067451089,53.11850686966946,0.17010772490050538,0.17012133011857986
115.0,623.0418865440462,623.6644684827734,623.1397116575747,623.1397209058418,53.07965937365359,0.17010772490050538,0.17012027795002685
115.10000000000001,623.0336086724108,624.8593644506046,623.204213473047,623.2042272292456,53.04933384312924,0.17010772490050538,0.17011921671418984
115.2,623.0219478795841,623.5908994777828,623.2082750684847,623.2082891149954,52.91977892402929,0.17010772490050538,0.1701177893580081
115.30000000000001,623.010139493146,621.5489156052217,623.12507428159,623.1250839940443,52.9110722613797,0.17010772490050538,0.17011647024857926
115.4,623.0028441855628,623.213602112182,623.1210354933471,623.1210449154291,53.07773166334147,0.17010772490050538,0.17011588264975586
115.5,622.9958236070431,623.8885026820295,623.1461114480526,623.1461218784128,53.086099371417504,0.17010772490050538,0.17011538098278892
115.60000000000001,622.987521847176,625.9623268250813,623.2568616667064,623.2568765407207,53.035984226665995,0.17010772490050538,0.17011474554990483
115.7,622.9733656257773,623.7471689206845,623.2622504673734,623.2622651839488,52.81340613664311,0.17010772490050538,0.17011336705719285
115.80000000000001,622.9589948681551,624.3105439462172,623.2910276659608,623.2910426644002,52.80150619834739,0.17010772490050538,0.17011208256764718
115.9,622.9431605424008,624.7433054191874,623.3352808413101,623.3352959591226,52.742540810800655,0.17010772490050538,0.17011071313623358
116.0,622.9250389826169,625.550944769122,623.4093858233259,623.4094005827808,52.6521812617645,0.17010772490050538,0.17010915456949785
116.10000000000001,622.9030405636412,617.6788132388726,623.141199687324,623.1412136495381,52.50137800862035,0.17010772490050538,0.17010720825505554
116.2,622.8954543101358,624.3360654616739,623.1830801725943,623.1830933453392,53.037839738610266,0.17010772490050538,0.17010739812882195
116.30000000000001,622.8856881682626,626.6326179272195,623.3184087255114,623.3184208365494,52.95374941355473,0.17010772490050538,0.170107265586528
116.4,622.8687558545994,624.4691961184678,623.3480905628606,623.3481012789177,52.68141022276882,0.17010772490050538,0.1701061630147944
116.5,622.8503151807163,624.0243328889724,623.355820295443,623.3558295285081,52.62006832524301,0.17010772490050538,0.17010495148708224
116.60000000000001,622.8315414887368,621.8662253357467,623.2709430457511,623.2709527550908,52.60255353077712,0.17010772490050538,0.17010380104467435
116.7,622.8173809022499,623.5112026896103,623.2645206141922,623.2645293887556,52.771097550060944,0.17010772490050538,0.17010337851803034
116.80000000000001,622.8036328644646,621.9516222257428,623.1923902502642,623.1923999508778,52.78279898884375,0.17010772490050538,0.17010304363568968
116.9,622.7938053095609,625.6145785061523,623.2832721687703,623.2832786536525,52.92663386509064,0.17010772490050538,0.17010326510531548
117.0,622.7791834165357,623.2601424178249,623.264859944718,623.2648659027558,52.74354367300469,0.17010772490050538,0.1701028053006801
117.10000000000001,622.7656144167804,622.7633111089986,623.2271400767117,623.2271462124,52.779220515770504,0.17010772490050538,0.17010252384323954
117.2,622.7541267773,625.0955414018848,623.2923738228525,623.292377144728,52.85388843435799,0.17010772490050538,0.17010254370647293
117.30000000000001,622.7392172497184,623.1252994611257,623.2672272383767,623.2672303626015,52.72200279825481,0.17010772490050538,0.17010208804417784
117.4,622.7257198953286,624.6836128291799,623.310848166962,623.3108488700195,52.771124058881824,0.17010772490050538,0.17010185926192875
117.5,622.7099586774447,619.7442684730777,623.1399892318424,623.1399952555105,52.68227855534553,0.17010772490050538,0.17010133595532423
117.60000000000001,622.7033926623462,621.6986092485253,623.0694154595473,623.0694231960437,53.02408583180851,0.17010772490050538,0.17010210420646027
117.7,622.7006454891491,621.6433360903785,623.0036040087086,623.0036128529881,53.16603571878173,0.17010772490050538,0.17010331068971893
117.80000000000001,622.701454200645,622.0370671796904,622.961187888342,622.9611967261869,53.299120276362935,0.17010772490050538,0.1701048783481578
117.9,622.7045613459618,621.6155355456887,622.9051562093126,622.9051645622728,53.385840562703436,0.17010772490050538,0.17010660238096498
118.0,622.7106889041206,624.5464448310016,622.9794606460669,622.979468214086,53.5003532449089,0.17010772490050538,0.17010856638307134
118.10000000000001,622.7128691838037,622.1719771892443,622.9453624890998,622.9453689161655,53.35345125914179,0.17010772490050538,0.17010980135889536
118.2,622.7169002909241,621.3538716925755,622.8799518751516,622.8799561135932,53.42369616582097,0.17010772490050538,0.17011116436858553
118.30000000000001,622.7244503823463,623.4496084009099,622.9103091259146,622.9103130079538,53.5572222098298,0.17010772490050538,0.170112870169288
118.4,622.7303967714194,621.8910804729014,622.8713973787887,622.8713987273879,53.498905291028876,0.17010772490050538,0.17011419070213046
118.5,622.7384424962632,620.7684541914097,622.7887255479118,622.7887217135317,53.579519864886805,0.17010772490050538,0.17011566576716394
118.60000000000001,622.7509200892756,622.627050256421,622.7934948612127,622.7934892277854,53.748486675463994,0.17010772490050538,0.17011759780275673
118.7,622.763149524346,621.1072788943468,622.7332447803211,622.7332329890685,53.7425167546788,0.17010772490050538,0.17011930824822225
118.80000000000001,622.7786040647464,623.9618115089404,622.8005508737009,622.8005417032,53.86719690222186,0.17010772490050538,0.17012129009027896
118.9,622.7904636540661,621.9111833523995,622.7739750942059,622.7739615686919,53.73607405692683,0.17010772490050538,0.17012259181243675
119.0,622.8037505652218,622.9405150221233,622.7939406456137,622.7939267205514,53.792994710256096,0.17010772490050538,0.17012396011501707
119.10000000000001,622.8159757491393,622.2498618663939,622.7826193003577,622.7826021386386,53.756625139331504,0.17010772490050538,0.17012505090522
119.2,622.8288126210034,621.549626000348,622.7427508023274,622.7427271462474,53.782948281770814,0.17010772490050538,0.1701261179415934
119.30000000000001,622.8437845990323,622.1979734784495,622.7345655056439,622.7345382847645,53.86677099509078,0.17010772490050538,0.17012737056692623
119.4,622.8591946741142,622.2402436480234,622.7291066853853,622.7290760883487,53.88730333520881,0.17010772490050538,0.17012856097795256
119.5,622.8748962475131,620.9766245949436,622.670566263435,622.6705253536036,53.902436967156945,0.17010772490050538,0.17012967537944484
119.60000000000001,622.8937239916186,623.1012457528562,622.7083855293778,622.7083462938717,54.02433318311121,0.17010772490050538,0.170131106081979
119.7,622.9105240558836,620.9084542506624,622.6492640695919,622.6492133533822,53.9531078396362,0.17010772490050538,0.17013212359247676
119.80000000000001,622.9304789912078,626.0537956118941,622.8150281515891,622.8149987188766,54.07638158708153,0.17010772490050538,0.17013347090392483
119.9,622.9415695602887,622.2383592659813,622.8019591340286,622.8019260246683,53.74816086890385,0.17010772490050538,0.17013348487477767
120.0,622.9533676879093,619.3271979435652,622.6664898127934,622.666434339392,53.77778699707375,0.17010772490050538,0.17013359164428035
120.10000000000001,622.9724098346642,624.2533088589942,622.7542517044744,622.7542067266152,54.05360602423241,0.17010772490050538,0.17013467010949654
120.2,622.9867560415518,621.7081321205704,622.7250557773121,622.7250039073878,53.88201918251998,0.17010772490050538,0.1701350070398873
120.30000000000001,623.0026640339444,627.716613693707,622.9544250925542,622.9544081932576,53.944674781900915,0.17010772490050538,0.17013552248012162
120.4,623.0063188428845,622.070224682219,622.9206680983687,622.9206456711532,53.487822128228736,0.17010772490050538,0.1701343229634071
120.5,623.0118025392449,622.0949266427549,622.8914129127388,622.891385608713,53.55764071572585,0.17010772490050538,0.17013348373000423
120.60000000000001,623.0188704943246,623.6675410161333,622.9320425209588,622.9320206093973,53.618746984519206,0.17010772490050538,0.170132937272723
120.7,623.023786197721,624.2189447617124,622.9920938760412,622.9920803035409,53.539656777056535,0.17010772490050538,0.1701321480957284
120.80000000000001,623.0255168893204,623.873796805855,623.0314720781057,623.0314639972522,53.421116585734026,0.17010772490050538,0.17013099866406917
120.9,623.0251737350702,620.7118268418138,622.9324540053349,622.932433429721,53.343534558338845,0.17010772490050538,0.17012967386089858
121.0,623.0301534950746,626.7555537649428,623.1004642727927,623.1004646391901,53.543771359104156,0.17010772490050538,0.1701291953297426
121.10000000000001,623.026181207745,624.4973408027429,623.1555667686632,623.1555740306653,53.208204293773896,0.17010772490050538,0.17012754278179187
121.2,623.0193073691428,620.459776317279,623.0334246413621,623.0334194989613,53.09792977051688,0.17010772490050538,0.1701256493222878
121.30000000000001,623.019005360449,623.5222290241072,623.0538245136001,623.0538215544078,53.34340463893534,0.17010772490050538,0.1701248253421387
121.4,623.0176468786669,625.0176071897605,623.1357925551748,623.1357975952905,53.30356231249819,0.17010772490050538,0.17012393246827803
121.5,623.0119455905406,624.6981691453416,623.1959415746048,623.1959521703914,53.13975225478001,0.17010772490050538,0.17012253031832805
121.60000000000001,623.0030763287822,618.2347810568807,622.9751657370467,622.9751595674925,53.01898358287426,0.17010772490050538,0.1701208265124326
121.7,623.0060504903277,623.9262850018638,623.0186648435631,623.0186617335928,53.462317192997105,0.17010772490050538,0.1701208900446665
121.80000000000001,623.0067264156005,623.538416689113,623.0413309609038,623.0413294736584,53.37662624346052,0.17010772490050538,0.17012063134892258
121.9,623.0062217614231,625.6014484755431,623.149481282025,623.1494877349384,53.332377468592796,0.17010772490050538,0.1701202327857093
122.0,622.9999731654896,622.8312806295177,623.1289558373641,623.128961088155,53.11606606868344,0.17010772490050538,0.17011908718028113
122.10000000000001,622.9948658533687,623.7972764812683,623.1515794050993,623.1515861572536,53.15732975136851,0.17010772490050538,0.17011820108348152
122.2,622.98859246536,620.7287236496467,623.0414327613661,623.0414334362955,53.11206375159881,0.17010772490050538,0.1701172361014408
122.30000000000001,622.9882466676595,623.7194191092276,623.0695686255114,623.0695707277998,53.33345485915211,0.17010772490050538,0.17011716388730497
122.4,622.9864294631718,624.1026206018669,623.1111937736401,623.111198068293,53.27798456886546,0.17010772490050538,0.17011689415814188
122.5,622.982423474795,620.455136193445,622.9935292071012,622.9935275561631,53.19511790719621,0.17010772490050538,0.17011634805864473
122.60000000000001,622.9847410300405,623.1726819008849,623.0032986792792,623.0032972146732,53.43202365589428,0.17010772490050538,0.1701167087164286
122.7,622.9865617472302,622.8675185305151,622.999146137326,622.9991441704003,53.41395136672735,0.17010772490050538,0.17011696337060334
122.80000000000001,622.9886301724218,623.9513364877868,623.0415409070799,623.0415410217702,53.4237660135692,0.17010772490050538,0.17011722331225101
122.9,622.9884595254655,623.0972322087773,623.0433802932796,623.0433803942371,53.34005690061178,0.17010772490050538,0.17011715014501183
123.0,622.9882206864595,623.6387919938396,623.0680929263892,623.068094279091,53.337444351735456,0.17010772490050538,0.17011707045709423
123.10000000000001,622.9866919901863,622.641858806674,623.0479463603425,623.0479466017558,53.28883563923676,0.17010772490050538,0.1701168188298003
123.2,622.9862720681592,621.4978561000324,622.9811996475307,622.9811962618726,53.33015152788963,0.17010772490050538,0.17011673755241777
123.30000000000001,622.9894472342528,621.0325594155881,622.9014164062344,622.9014082490622,53.465340245037396,0.17010772490050538,0.1701171483955262
123.4,622.9969057138509,622.4261752922685,622.8889810419871,622.8889712960607,53.62740218816748,0.17010772490050538,0.17011809827963872
123.5,623.0050409072205,623.3111159227491,622.9154959291005,622.9154870202343,53.65488638120988,0.17010772490050538,0.17011904630963653
123.60000000000001,623.0117709002744,621.787079127896,622.8745933833508,622.8745808544634,53.60420006266037,0.17010772490050538,0.17011971000141093
123.7,623.0206995588079,622.6577732525635,622.8748998654304,622.8748863192048,53.68876658565761,0.17010772490050538,0.1701206060291367
123.80000000000001,623.029620957844,622.402045628917,622.8643705316681,622.8643550983301,53.69090679298262,0.17010772490050538,0.17012141288382285
123.9,623.0391138242653,626.5398486109418,623.0309404533389,623.0309380862026,53.714825683748884,0.17010772490050538,0.17012221778750167
124.0,623.0397176624648,624.3477965241958,623.0875791265918,623.0875813172403,53.382850327141824,0.17010772490050538,0.17012173559164806
124.10000000000001,623.0373236385489,627.2391722913748,623.2615028411554,623.2615185484044,53.270188051894024,0.17010772490050538,0.17012088844404882
124.2,623.0256738803547,622.3680256422565,623.2107637087396,623.2107760407091,52.921198404081714,0.17010772490050538,0.17011885973290375
124.30000000000001,623.0167881817517,624.1551619526307,623.2411097708318,623.241123757024,53.02207565906523,0.17010772490050538,0.17011739542951207
124.4,623.0063293621156,619.1672050574448,623.056260302323,623.0562652451854,52.96046898886529,0.17010772490050538,0.17011585203622273
124.5,623.0057942368129,619.8839849063955,622.920494443049,622.9204926343028,53.33112336009057,0.17010772490050538,0.1701157999437648
124.60000000000001,623.0125391088708,623.4092873731342,622.9483518482582,622.9483505842267,53.60496365551265,0.17010772490050538,0.17011673807931244
124.7,623.0178087042422,624.781191707553,623.0318040151632,623.0318067392972,53.55126424982273,0.17010772490050538,0.17011738313905922
124.80000000000001,623.0186368660845,626.5486518741176,623.1820641432879,623.1820750352297,53.38553387228874,0.17010772490050538,0.17011735988047655
124.9,623.0114650622555,623.7308649179241,623.19738318108,623.1973947094617,53.084676530071434,0.17010772490050538,0.17011624762324676
125.0,623.0035180603813,626.2850258185091,623.3197711970128,623.319787863085,53.05356323451272,0.17010772490050538,0.1701151314283021
125.10000000000001,622.9890788496355,621.5382316424019,623.2279494144246,623.2279624814512,52.80707904863525,0.17010772490050538,0.1701132339555387
125.2,622.9796023644744,626.2901651383248,623.3474208476393,623.3474366244266,52.98995018708842,0.17010772490050538,0.1701121868018307
125.30000000000001,622.9637924214801,622.3373914927602,623.2867359103843,623.2867497848652,52.74902753489339,0.17010772490050538,0.17011037291731096
125.4,622.9512846664693,621.0571093352307,623.1776683209781,623.177680483038,52.869033716167564,0.17010772490050538,0.17010917521486288
125.5,622.9446554875107,623.2248506259829,623.1717420723556,623.1717536401572,53.08689551499151,0.17010772490050538,0.17010888542174782
125.60000000000001,622.9383830894675,624.4140316395608,623.2169780875935,623.2169893722756,53.09853166435141,0.17010772490050538,0.17010866666531785
125.7,622.9297340270612,623.6023102091509,623.2231309200873,623.2231416344571,53.00739030639188,0.17010772490050538,0.17010814055035672
125.80000000000001,622.920800687909,622.132183995796,623.1661268108177,623.1661369597617,52.99435436568442,0.17010772490050538,0.1701076206224709
125.9,622.9149565215134,623.7504440287944,623.18366696995,623.1836765904316,53.10820234547751,0.17010772490050538,0.17010756493645574
126.0,622.9082132800582,622.3707475211128,623.1407615704208,623.1407707696694,53.072786318233526,0.17010772490050538,0.1701073872905648
126.10000000000001,622.9038009891491,621.9908762627549,623.086015642347,623.0860244391779,53.15869025206112,0.17010772490050538,0.17010753838736117
126.2,622.9023466846489,625.8274922649498,623.1999473610813,623.1999559125304,53.26882266865239,0.17010772490050538,0.17010807235927006
126.30000000000001,622.8948350394057,622.6861666224622,623.1688256325446,623.168833731125,53.040460162822036,0.17010772490050538,0.17010772748883227
126.4,622.8890262004295,625.5354179168394,623.2619966641843,623.2620043089734,53.1025161883216,0.17010772490050538,0.17010764197160813
126.5,622.8782780614316,619.9801091443576,623.1095255032385,623.1095333039133,52.91505498953516,0.17010772490050538,0.1701068881077673
126.60000000000001,622.8757203960762,624.927425796927,623.1827817146931,623.1827889231774,53.22040166661618,0.17010772490050538,0.17010731435046092
126.7,622.8692794520673,623.0374956040921,623.1682946434707,623.1683015018143,53.07356253885609,0.17010772490050538,0.17010716751987448
126.80000000000001,622.8636497664859,624.7319174940842,623.2273173837461,623.2273236693311,53.10235436656419,0.17010772490050538,0.17010714011335676
126.9,622.8549034088021,624.0066717716263,623.2495463431503,623.2495520413331,52.983536794837306,0.17010772490050538,0.17010668677507654
127.0,622.845012127216,624.4436239143685,623.2880982102984,623.2881030228747,52.93808453041993,0.17010772490050538,0.17010611586912472
127.10000000000001,622.8331064828213,624.9146741782182,623.3427728469402,623.3427762066616,52.85960153710806,0.17010772490050538,0.17010532020660488
127.2,622.8183296418002,623.0934047782763,623.3144507162453,623.3144536687852,52.74832740746762,0.17010772490050538,0.17010420438491552
127.30000000000001,622.8051202670707,623.5368015563,623.3077892028319,623.3077914276256,52.803327946532605,0.17010772490050538,0.17010340230601978
127.4,622.7923178092954,621.0484614561334,623.1959354303146,623.1959400502616,52.8150745145755,0.17010772490050538,0.1701027263016722
127.5,622.7855389973186,627.6262043048064,623.3750419619308,623.375041003933,53.03831786880092,0.17010772490050538,0.1701029281673038
127.60000000000001,622.769231300021,622.4253832601088,623.3149167398686,623.3149165975934,52.67786555141873,0.17010772490050538,0.17010180974611366
127.7,622.756191921232,622.0569510780692,623.2451234667832,623.2451250193516,52.796465198121965,0.17010772490050538,0.17010123642787853
127.80000000000001,622.7469296789058,620.4894934710159,623.1156606531255,623.1156664773282,52.93509710441214,0.17010772490050538,0.17010122565603714
127.9,622.7446226741708,623.928834287921,623.145481587415,623.1454859706249,53.194357523685596,0.17010772490050538,0.17010215615191113
128.0,622.7407487617128,622.8784102358096,623.1276355300306,623.1276400180927,53.134763677385926,0.17010772490050538,0.17010278036660367
128.1,622.7378569519165,620.9020656700643,623.0275407773692,623.0275473967549,53.17067918226937,0.17010772490050538,0.17010347395564704
128.20000000000002,622.7403375267226,620.2797073626997,622.9110693876393,622.911077491499,53.37208895097743,0.17010772490050538,0.17010482721155112
128.3,622.7490532030355,620.3543935630565,622.8095400940027,622.809547647165,53.60741798657431,0.17010772490050538,0.17010689494962222
128.4,622.7631922764915,624.4660522359012,622.8931573425062,622.8931638661267,53.81388219877063,0.17010772490050538,0.17010949940468367
128.5,622.7728546236697,622.1121637908974,622.8683333084915,622.8683380262732,53.649218122186056,0.17010772490050538,0.17011124547890022
128.6,622.7838417626151,627.5446797091777,623.0771042474446,623.0771139407047,53.701686421630136,0.17010772490050538,0.17011300280116753
128.70000000000002,622.783674707438,622.0842252794095,623.0326963753263,623.032704200983,53.28486345336009,0.17010772490050538,0.17011307497823028
128.8,622.7859000283134,624.5107920252406,623.0959758303179,623.0959852242166,53.37485589079386,0.17010772490050538,0.1701134624177301
128.9,622.7847608684317,626.8665870372768,623.2530943507546,623.2531085554031,53.248833992084315,0.17010772490050538,0.17011335288665277
129.0,622.7752526795197,622.7736045198628,623.2203344156401,623.2203472792035,52.93355624415744,0.17010772490050538,0.17011211283433175
129.1,622.7675350211089,622.553753088387,623.181499247162,623.1815108410983,52.99837532376462,0.17010772490050538,0.17011123050964794
129.20000000000002,622.7619282069062,623.8821628356188,623.2030520953836,623.2030636346149,53.075733091563905,0.17010772490050538,0.17011071544151352
129.3,622.7552021727156,623.8764902699113,623.2221841702808,623.2221955101163,53.03209686818466,0.17010772490050538,0.17011009358787865
129.4,622.7474885168195,621.709314073686,623.1472117579401,623.1472218486986,52.99311116208061,0.17010772490050538,0.17010939286257926
129.5,622.7438151797604,621.5313187884952,623.0722050077609,623.0722139641848,53.143086266429115,0.17010772490050538,0.1701093042874294
129.6,622.7441749195606,621.489583573556,623.0029812388352,623.0029888725484,53.29387989581477,0.17010772490050538,0.17010976880927764
129.70000000000002,622.7482498836864,623.1527495143074,623.0114811792456,623.0114882867175,53.43380019036216,0.17010772490050538,0.17011069085559047
129.8,622.7518807384791,619.2739255563464,622.8542078162789,622.8542108495719,53.41818647915672,0.17010772490050538,0.1701114620122499
129.9,622.7639221331252,624.001032392987,622.9138449901251,622.9138484105596,53.735699244952166,0.17010772490050538,0.17011329979137235
130.0,622.772770625305,624.6027794085913,622.993139552857,622.9931449966333,53.61878563887126,0.17010772490050538,0.17011452708928548
130.1,622.7773833401255,623.7822083978116,623.0296088502344,623.0296151722914,53.46176101675748,0.17010772490050538,0.1701150601253017
130.20000000000002,622.7800568524766,621.7817681236094,622.9773712090574,622.9773746878798,53.390024513718345,0.17010772490050538,0.17011527673768048
130.3,622.7855331975278,620.1593312164641,622.861430238191,622.861427455451,53.49623173566283,0.17010772490050538,0.17011585137919344
130.4,622.7972085558782,624.712899152578,622.9508642261043,622.9508649504446,53.73101192596586,0.17010772490050538,0.1701172116005121
130.5,622.80410017448,622.1562043533819,622.922632672072,622.9226308722853,53.5541282864742,0.17010772490050538,0.17011779112751943
130.6,622.8125031552102,623.1008936832769,622.9374712172491,622.9374693492508,53.61287013407007,0.17010772490050538,0.17011851925457408
130.70000000000002,622.820113757353,619.5372297873051,622.7993211158582,622.7993091381092,53.58531848664643,0.17010772490050538,0.1701190690344993
130.8,622.8351049884479,620.8058384525019,622.7290947381928,622.729075433789,53.86514581754867,0.17010772490050538,0.1701205677581239
130.9,622.8538328013859,624.697864757062,622.8315496640226,622.8315363632474,54.00982247185101,0.17010772490050538,0.17012243067732208
131.0,622.867065858892,621.5178839903128,622.7885543869688,622.7885353412145,53.80808524930174,0.17010772490050538,0.17012336992746466
131.1,622.8825851162296,625.0865635121958,622.9017375680129,622.9017274893597,53.89770193995553,0.17010772490050538,0.17012452990277993
131.20000000000002,622.8920437145292,621.5417524988993,622.8528592078395,622.8528430604805,53.673800368771474,0.17010772490050538,0.17012475609046399
131.3,622.9041111672232,621.0920680206256,622.7898454439973,622.7898212422864,53.77454079592508,0.17010772490050538,0.17012531464864494
131.4,622.919536771144,624.6724753537356,622.8855204681443,622.8855045683848,53.90418621989042,0.17010772490050538,0.17012627593363738
131.5,622.9298371350897,621.4975646400837,622.8366283642986,622.8366058677796,53.715464522009725,0.17010772490050538,0.17012644962354864
131.6,622.9427453723263,623.1554610294332,622.8632353573322,622.8632142671036,53.816395864542464,0.17010772490050538,0.17012696080218065
131.70000000000002,622.9542231139528,624.5210484501166,622.9453158289722,622.9453028231568,53.76604692322342,0.17010772490050538,0.17012722900079708
131.8,622.9613105110259,623.4732108461645,622.9746380155922,622.974627644963,53.603916782885385,0.17010772490050538,0.17012687508430177
131.9,622.9668352455502,627.0417399930639,623.1528166545223,623.1528253331204,53.54702086282336,0.17010772490050538,0.17012634204365173
132.0,622.9628498444379,621.6197255782929,623.0825055945984,623.0825074116809,53.19059723317733,0.17010772490050538,0.1701245663613195
132.1,622.9626478027325,625.1478878195198,623.1693200622839,623.1693298704787,53.331908001939475,0.17010772490050538,0.1701234724780934
132.20000000000002,622.9578281895855,622.6014229521475,623.139111280063,623.1391186153716,53.15806978563915,0.17010772490050538,0.1701218535131906
132.3,622.9546515502963,625.5655503195378,623.2379965269544,623.2380113289838,53.2186011096997,0.17010772490050538,0.17012061007988702
132.4,622.9462190157208,624.717133175347,623.2908406994449,623.2908587898439,53.01993556918534,0.17010772490050538,0.17011876833840495
132.5,622.9350012011015,622.2780963096013,623.2346133194916,623.234628031763,52.91283205956669,0.17010772490050538,0.17011672049972446
132.6,622.9268296385407,620.1184963061305,623.0921740113042,623.0921820454912,53.024447295410894,0.17010772490050538,0.17011527886575686
132.70000000000002,622.9263019226378,623.2126682478323,623.0956501286563,623.0956579483436,53.3099174474996,0.17010772490050538,0.17011501078820723
132.8,622.9256077195475,619.2013983859499,622.9282037959395,622.9282043643818,53.303509062311335,0.17010772490050538,0.17011474320455947
132.9,622.9338761919797,622.2915436783322,622.909056668979,622.9090553328912,53.64063418659109,0.17010772490050538,0.1701157167225693
133.0,622.9431669290202,622.598341790233,622.9049425646053,622.9049398795303,53.68134169624349,0.17010772490050538,0.17011673487297804
133.1,622.9526747732905,623.1459319823562,622.9245918838525,622.9245891894459,53.692023204169985,0.17010772490050538,0.1701176842254139
133.20000000000002,622.9611300446085,622.1005087721088,622.8978654235531,622.8978600328919,53.654978692444274,0.17010772490050538,0.17011839896232903
133.3,622.971012028027,626.2198590872441,623.0490727282794,623.0490763763797,53.71095840522332,0.17010772490050538,0.17011923827536496
133.4,622.9728139863643,628.1583689209101,623.2675483745505,623.2675659896379,53.40953495448389,0.17010772490050538,0.1701188986849236
133.5,622.9629608760437,626.938306533457,623.4121516926062,623.412176815858,52.9713800680712,0.17010772490050538,0.17011700505983107
133.6,622.9454240008315,622.3783280695861,623.3482336354992,623.3482550441478,52.6795366474725,0.17010772490050538,0.17011424362463798
133.70000000000002,622.931357274099,623.7141354098619,623.3474964910105,623.3475168011564,52.80539764045136,0.17010772490050538,0.1701122134879198
133.8,622.917378294447,620.4066805735935,623.2061271476709,623.206144043113,52.80489895842252,0.17010772490050538,0.1701103848887456
133.9,622.910997541606,622.0370819517269,623.1482867676925,623.1483021998376,53.08708303407823,0.17010772490050538,0.17010975992268174
134.0,622.9077368610373,622.5378601929904,623.117556226816,623.1175706099443,53.20278369863056,0.17010772490050538,0.17010961535627772
134.1,622.9061413342216,626.2088117137719,623.246036641309,623.2460518348794,53.26457117231776,0.17010772490050538,0.17010970785582857
134.20000000000002,622.8977040349291,622.8785088870641,623.2199530690519,623.2199673002352,53.00664820409885,0.17010772490050538,0.17010885838084705
134.3,622.8906948921564,624.3742399436201,623.2600818469547,623.2600954777658,53.05811760038481,0.17010772490050538,0.1701082804588341
134.4,622.88157433549,625.2400735557643,623.3329709807715,623.3329836644501,52.97676029054592,0.17010772490050538,0.1701074669598678
134.5,622.8685972313029,624.0286165344153,623.3469687733955,623.3469801588747,52.82915408053285,0.17010772490050538,0.17010620266446927
134.6,622.854917144432,622.1578349132377,623.2799510043969,623.2799621735787,52.799191290095045,0.17010772490050538,0.17010495897386094
134.70000000000002,622.8448621704296,621.4227672266728,623.1883749573981,623.1883869411151,52.93192763895112,0.17010772490050538,0.1701043224541279
134.8,622.8397356322697,622.1260296559553,623.1358997538646,623.1359120009816,53.11469423446713,0.17010772490050538,0.17010441265079604
134.9,622.8374382413647,621.228610049687,623.0505372184099,623.0505502133828,53.2197849947243,0.17010772490050538,0.1701048752524857
135.0,622.8397200354492,620.2775425782187,622.9333327116409,622.9333462025528,53.391503067788065,0.17010772490050538,0.17010591291230975
135.1,622.8482714386088,622.5986096177061,622.926670024977,622.9266822901355,53.62807762742264,0.17010772490050538,0.17010770092184502
135.20000000000002,622.8571749302633,621.9746919818798,622.8942006955931,622.8942113648604,53.643638629355785,0.17010772490050538,0.17010936445674732
135.3,622.8678080371074,623.3932164915838,622.9253853129311,622.925395085559,53.71113836625739,0.17010772490050538,0.17011110275165278
135.4,622.8767673403963,625.0170709171978,623.022550916968,623.0225620626422,53.651016974004705,0.17010772490050538,0.1701124466650075
135.5,622.8805325746308,621.905484222602,622.9776579302741,622.9776668666258,53.457957399211786,0.17010772490050538,0.17011295537545087
135.6,622.8867023757631,622.8099973994514,622.9757868255904,622.9757947048579,53.54947112257844,0.17010772490050538,0.17011374061959839
135.70000000000002,622.8929736628594,622.4244043262863,622.9577502038537,622.9577563925551,53.554957499065644,0.17010772490050538,0.17011446338641703
135.8,622.9002095954297,620.7095390560735,622.868647417368,622.8686486178715,53.59295655974568,0.17010772490050538,0.17011524701678968
135.9,622.9122036725472,622.2563465545057,622.8543522367679,622.8543510460565,53.77398562293419,0.17010772490050538,0.1701166012733286
136.0,622.9249499921538,620.1478851136849,622.7519028894083,622.7518937757363,53.80553725610353,0.17010772490050538,0.1701179281136287
136.1,622.9431553238667,623.0911821130152,622.7850208070513,622.7850112211528,54.01443285898657,0.17010772490050538,0.17011986963132308
136.20000000000002,622.9595670037365,620.6247573942399,622.7100142231682,622.7099960830525,53.951847855942134,0.17010772490050538,0.1701213829436577
136.3,622.9799641762173,621.2018575025663,622.667200633654,622.6671751205332,54.106278171312205,0.17010772490050538,0.17012329367411708
136.4,623.0026187396277,627.5254388575197,622.8977358335948,622.8977300689148,54.19674834514542,0.17010772490050538,0.170125329808719
136.5,623.0129255805671,621.7534386614541,622.859700947032,622.8596895735997,53.738161147693056,0.17010772490050538,0.17012549627346324
136.6,623.0252570685899,623.2793740154281,622.8904562003103,622.8904462299471,53.81714524258737,0.17010772490050538,0.17012592218209271
136.70000000000002,623.0359344976683,621.6584780835104,622.8492551205956,622.8492391301814,53.75822746759306,0.17010772490050538,0.17012608326658385
136.8,623.0488049606864,621.3935311051397,622.8010043322755,622.8009811416729,53.84364927582252,0.17010772490050538,0.17012652726813365
136.9,623.0642402194411,624.7695784395505,622.9012650045348,622.9012510433352,53.943655441422926,0.17010772490050538,0.17012727793757357
137.0,623.074302200926,627.1859762881115,623.0942748329967,623.0942816589322,53.74560312766503,0.17010772490050538,0.17012722802822472
137.1,623.0740487629524,621.2354933489324,623.0148451909441,623.0148432533902,53.36009907988155,0.17010772490050538,0.17012578131987485
137.20000000000002,623.0780545372833,618.4887226136224,622.8266211946072,622.8265995105996,53.52032745843181,0.17010772490050538,0.17012505068640296
137.3,623.0921210281947,621.4189559773885,622.7820105081381,622.7819822290601,53.90004894890684,0.17010772490050538,0.170125756248366
137.4,623.1085552828928,623.514897766988,622.8311113234686,622.831086214961,53.99296368969536,0.17010772490050538,0.17012671678084337
137.5,623.1223467469665,622.3511019140116,622.8258662663329,622.8258387661978,53.89794485574384,0.17010772490050538,0.1701272277330421
137.6,623.1364041140844,625.1696838579098,622.9410968497389,622.9410810925077,53.9116813656084,0.17010772490050538,0.17012772683394908
137.70000000000002,623.14429184085,624.2669812984678,623.00641070944,623.0064016660186,53.68328590206342,0.17010772490050538,0.17012734094873874
137.8,623.1486898151859,618.8034710944388,622.8328507386789,622.8328221241818,53.554080738381394,0.17010772490050538,0.17012651774815524
137.9,623.1623647412308,624.3841334136865,622.9141434033189,622.9141224122674,53.90441160081323,0.17010772490050538,0.17012703324554881
138.0,623.1716836612652,620.7743833519597,622.8338146647836,622.8337837310672,53.744169800519416,0.17010772490050538,0.17012690849290882
138.1,623.1852889540987,622.1639514338293,622.8207340140686,622.8207000444822,53.90800932560904,0.17010772490050538,0.17012737820105495
138.20000000000002,623.1995792605884,622.7130856852634,622.8324051544411,622.8323709400339,53.93746969833419,0.17010772490050538,0.17012789689000807
138.3,623.2132310573244,622.2581006279233,622.8236353766339,622.8235986128998,53.917304197830504,0.17010772490050538,0.1701282802214688
138.4,623.2273376417515,622.3523362335993,622.8198379529344,622.8197991745936,53.93811286596976,0.17010772490050538,0.1701286895812596
138.5,623.2416324834151,625.7052600981804,622.9590961322743,622.95907328511,53.94901375083611,0.17010772490050538,0.1701290863639436
138.6,623.2484740851083,623.8325707011774,623.0047675218012,623.0047498445276,53.67237479695233,0.17010772490050538,0.17012843361094432
138.70000000000002,623.2528777875692,625.6138871525332,623.1216398303964,623.1216356509735,53.58247417967178,0.17010772490050538,0.17012751187580172
138.8,623.2510458950135,624.4081212104494,623.1754958817255,623.1754977263513,53.348986210270226,0.17010772490050538,0.1701258301408053
138.9,623.2463580871405,623.0672195883873,623.1669083270785,623.1669096512148,53.24100708225118,0.17010772490050538,0.1701239193834535
139.0,623.2421558633869,624.8389925609632,623.234527570048,623.2345349125573,53.25801413601195,0.17010772490050538,0.17012225529580563
139.1,623.2343676784119,626.0341279273151,623.3461548484277,623.3461705405749,53.12191826420155,0.17010772490050538,0.17012026056795407
139.20000000000002,623.2206508678051,621.4110560890939,623.2499083783727,623.2499180706131,52.89668530276047,0.17010772490050538,0.1701176473876304
139.3,623.2121210878136,624.466497552545,623.2932477075186,623.2932593319468,53.08819106197788,0.17010772490050538,0.1701159858366229
139.4,623.2013113271335,622.4488308902854,623.2463897278944,623.2463991901988,53.00007594599103,0.17010772490050538,0.1701141698833221
139.5,623.1930438542222,621.2831607374048,623.1546439447578,623.1546503142025,53.09283223758521,0.17010772490050538,0.1701128697173322
139.6,623.189710228853,624.0844847913605,623.191248998807,623.1912561344989,53.27628348643567,0.17010772490050538,0.17011236142335256
139.70000000000002,623.1844443106902,622.227277558498,623.1451834674548,623.1451892926178,53.20265928449797,0.17010772490050538,0.17011163633116017
139.8,623.1816655723543,624.8571793921127,623.2155903210064,623.2155973970722,53.29484107533388,0.17010772490050538,0.170111315754382
139.9,623.1751477819639,623.1763497000253,623.2074241746685,623.2074308268749,53.15336889245441,0.17010772490050538,0.17011051479113645
140.0,623.1690955517698,624.2916866254033,623.2474959141066,623.2475027775831,53.16912772458031,0.17010772490050538,0.1701098505036105
140.1,623.1609314213445,623.7068346289109,623.2586437083291,623.2586502633463,53.08800879538799,0.17010772490050538,0.17010895935566597
140.20000000000002,623.1522046916707,623.9148605323219,623.277490163469,623.277496311333,53.064627321228095,0.17010772490050538,0.17010807337001052
140.3,623.1425052827256,621.3489337254857,623.1852890862975,623.1852950182315,53.02566026214137,0.17010772490050538,0.1701071361500434
140.4,623.1377659023182,620.5243571483641,623.0672782038013,623.0672843360251,53.209709898162124,0.17010772490050538,0.1701069591935703
140.5,623.1393538176428,620.6828277684466,622.9678874075277,622.9678931958543,53.44655841921474,0.17010772490050538,0.17010765617933304
140.6,623.1462605051718,623.394734301602,622.9938606381049,622.993865878201,53.647161767597645,0.17010772490050538,0.17010900718553246
140.70000000000002,623.1517788255479,623.5684511331641,623.0246511808054,623.0246561991171,53.59677774412242,0.17010772490050538,0.17011003906923028
140.8,623.1556545560815,622.9464083557178,623.0259258191041,623.0259303388203,53.536450540298965,0.17010772490050538,0.17011074766625311
140.9,623.1594676943294,620.7632755501588,622.9342621254344,622.9342641667397,53.53514295750428,0.17010772490050538,0.170111378436919
141.0,623.1681820323431,624.0127040465676,622.9900537650034,622.9900564545303,53.72063265999815,0.17010772490050538,0.17011261339804923
141.1,623.1739113647322,624.4095133409626,623.0571544134647,623.0571586413739,53.61064751987163,0.17010772490050538,0.17011332395779918
141.20000000000002,623.1760582860313,623.3073702358392,623.0706645283997,623.0706687998995,53.47737155977066,0.17010772490050538,0.17011347862022094
141.3,623.1774929087738,624.1629445350848,623.1192221234454,623.1192276878825,53.45114455472046,0.17010772490050538,0.1701135201041836
141.4,623.1763449077566,625.0815000595858,623.2019709775324,623.2019789449017,53.35433450187573,0.17010772490050538,0.17011320488675302
141.5,623.1707938208448,622.3159953474083,623.1587820193694,623.158788549616,53.1883121983882,0.17010772490050538,0.17011231910826322
141.6,623.167575489511,623.1885875257725,623.1570399072791,623.157046147631,53.27460510346346,0.17010772490050538,0.17011183248711786
141.70000000000002,623.164471005877,622.3007105106673,623.1177124027375,623.1177175488752,53.27801944595711,0.17010772490050538,0.17011140545699566
141.8,623.1634873878884,624.5284517878137,623.1770844823195,623.1770906249052,53.35699946797994,0.17010772490050538,0.17011130517495784
141.9,623.1593484660814,618.5027767525655,622.9742294264016,622.9742316857502,53.237982409671,0.17010772490050538,0.17011078338441937
142.0,623.1660662135116,621.8048579760558,622.9322330979412,622.9322336813659,53.64545797112354,0.17010772490050538,0.17011178461369414
142.1,623.1750253874949,623.6637388615992,622.9735654497636,622.973566387121,53.731631643078394,0.17010772490050538,0.17011299372312005
142.20000000000002,623.1817705803168,620.1367631739186,622.8607976129159,622.8607938210284,53.65073056769708,0.17010772490050538,0.1701137858615585
142.3,623.1945370456841,622.727849503053,622.8696276084595,622.8696227234299,53.87916776167185,0.17010772490050538,0.17011531956210862
142.4,623.2068170835782,624.37310455449,622.9476095102162,622.9476072458106,53.86431372963469,0.17010772490050538,0.17011664074644095
142.5,623.2149184348054,624.6863698033619,623.0311282378673,623.0311297203582,53.7103686124152,0.17010772490050538,0.17011726810979658
142.6,623.2185546416823,623.9158436513716,623.0735156531625,623.0735189836396,53.54451236611635,0.17010772490050538,0.17011722837162127
142.70000000000002,623.2199324098455,624.1991990214275,623.12371293939,623.12371860746,53.460498649717174,0.17010772490050538,0.1701168845058507
142.8,623.2186395783654,626.7252000561826,623.2762952257244,623.2763082456289,53.360362216001796,0.17010772490050538,0.17011620917724216
142.9,623.2092136425387,623.6824068141516,623.2841102070408,623.2841230962351,53.053919857207646,0.17010772490050538,0.1701144907456488
143.0,623.1994045186899,626.3962743633022,623.4065180284462,623.4065340908803,53.036948925032846,0.17010772490050538,0.17011288151140908
143.1,623.1830926254269,619.8737501430074,623.2391756632163,623.2391876725447,52.789561594833685,0.17010772490050538,0.17011053836422715
143.20000000000002,623.1757672896608,625.7839676119511,623.339971505368,623.3399840464247,53.123362554779376,0.17010772490050538,0.17010963743909482
143.3,623.163087644434,620.6559775357188,623.212511478624,623.2125227236056,52.9198699665553,0.17010772490050538,0.17010809137785982
143.4,623.1572559823137,622.1156634594981,623.1599208331858,623.1599315040121,53.17416738495732,0.17010772490050538,0.17010762063316348
143.5,623.154258360504,619.5960623545208,623.0054619662926,623.0054722398501,53.27925050910425,0.17010772490050538,0.17010757731180765
143.6,623.1595288756314,621.3478655703916,622.9410614473547,622.9410705746543,53.589614315029806,0.17010772490050538,0.17010865948770862
143.70000000000002,623.1682394335356,624.3692875800213,623.0116781796778,623.0116871776252,53.720506939674785,0.17010772490050538,0.17011010440491714
143.8,623.1731714794678,624.9320418708887,623.0991656958166,623.0991755384639,53.58065686195681,0.17010772490050538,0.1701108970965405
143.9,623.1734323279172,620.1085668262814,622.9727463448429,622.972753237251,53.406188384894705,0.17010772490050538,0.17011097799206998
144.0,623.1804566656351,623.6909023102138,623.011422866413,623.0114297955638,53.660805454947926,0.17010772490050538,0.17011196863788097
144.1,623.1854120159396,626.5177855445327,623.1664665716385,623.1664771795616,53.58483804036675,0.17010772490050538,0.17011258270178212
144.20000000000002,623.1820879320114,623.2312634884197,623.166158799091,623.1661689522631,53.274578500575444,0.17010772490050538,0.17011201165318612
144.3,623.1787998187178,622.3945001789043,623.1302928758283,623.1303017991095,53.27503326564991,0.17010772490050538,0.17011149793842004
144.4,623.1774466013082,624.6433695006336,623.1936739638286,623.1936837924377,53.346964553966046,0.17010772490050538,0.17011129422486948
144.5,623.1727232881752,621.8405931823527,623.131480784157,623.1314891182266,53.21976372938523,0.17010772490050538,0.17011064987224445
144.6,623.1713439517281,619.9076749096167,622.9933415358649,622.9933472024296,53.344338186625215,0.17010772490050538,0.17011051935801114
144.70000000000002,623.177357216598,625.5060743597429,623.107207712495,623.1072151102046,53.62218854619482,0.17010772490050538,0.17011140418973078
144.8,623.17728752989,625.3660513147969,623.203686795993,623.2036958680193,53.39488057954279,0.17010772490050538,0.17011137682355967
144.9,623.1720769464838,623.1533415307165,623.196356494801,623.1963650510423,53.20138210523325,0.17010772490050538,0.17011065143780238
145.0,623.16728105649,624.5235389805955,623.2480213457544,623.2480302274852,53.21558008867672,0.17010772490050538,0.1701100493442567
145.1,623.1597480168449,626.2152715780826,623.3664131976445,623.3664225707672,53.111269433516185,0.17010772490050538,0.17010913017672538
145.20000000000002,623.1459200551825,621.9427377491888,623.2911540198057,623.2911624699885,52.87232052124443,0.17010772490050538,0.17010743978924334
145.3,623.1361533771413,623.3700613924865,623.2841218423305,623.2841296081963,53.02142909810191,0.17010772490050538,0.17010645960026155
145.4,623.1267949699169,622.022478622168,623.2204536040522,623.2204614277146,53.03415352560445,0.17010772490050538,0.17010562530275725
145.5,623.1208685016466,622.9596046756237,623.2030189171653,623.203026446695,53.16078527229077,0.17010772490050538,0.17010533415639295
145.6,623.1158970443678,621.3706303504682,623.1197486334393,623.119756911277,53.195124969862825,0.17010772490050538,0.17010519784454312
145.70000000000002,623.1153944097084,624.4470364787072,623.1756845364242,623.1756917151388,53.36196647158611,0.17010772490050538,0.1701056794154652
145.8,623.1119160992848,622.9959767571518,623.1642834434375,623.1642903480291,53.249839946711205,0.17010772490050538,0.17010570835831237
145.9,623.1090648672314,623.0712125383127,623.1572240352061,623.1572306388953,53.27249977745026,0.17010772490050538,0.17010581735252228
146.0,623.1066073617098,623.2094081060745,623.1567492770192,623.1567555294878,53.28654688932899,0.17010772490050538,0.17010596712854367
146.1,623.1041909645072,621.5535044668956,623.0859000233708,623.0859066140019,53.28742955284909,0.17010772490050538,0.17010610592802472
146.20000000000002,623.1055739766599,623.565948928602,623.1077703227165,623.1077764213264,53.429768317680754,0.17010772490050538,0.17010674574243986
146.3,623.1057960772099,620.2750652791801,622.9875023517701,622.9875085241695,53.3864509388185,0.17010772490050538,0.1701071649659356
146.4,623.1124509765602,620.5477852233353,622.8909603455133,622.8909654740173,53.62861164789073,0.17010772490050538,0.1701084166762632
146.5,623.1242573361063,623.6185710055166,622.9347777825719,622.9347823062159,53.82428809345486,0.17010772490050538,0.17011024793150414
146.6,623.1337075633841,619.6270836299991,622.8045009829696,622.80450152769,53.738806605995585,0.17010772490050538,0.1701115841683733
146.70000000000002,623.1501050092835,623.8714814707033,622.8679062087895,622.8679068755091,54.00282314777037,0.17010772490050538,0.17011373633087515
146.8,623.163090134232,626.4850691775736,623.0361593009208,623.0361657336002,53.87883338337714,0.17010772490050538,0.17011522032482704
146.9,623.1670706743593,622.3707219741265,623.0125617173178,623.0125664010119,53.5434540098589,0.17010772490050538,0.17011533960745723
147.0,623.1723132320449,621.2667267147687,622.9444212629437,622.9444220315803,53.59202701102545,0.17010772490050538,0.1701156184519949
147.1,623.1811940335032,625.9315330371348,623.0815612884321,623.081567943227,53.730371529572835,0.17010772490050538,0.17011636469234875
147.20000000000002,623.1827410641297,623.4946722142749,623.1013041490785,623.1013112732943,53.45676402684715,0.17010772490050538,0.1701160431042638
147.3,623.1832407249331,624.6294800088268,623.1673352173522,623.1673449710032,53.41776425397964,0.17010772490050538,0.170115609045181
147.4,623.1802230584259,622.6168747145347,623.1411358893429,623.1411441973434,53.28552340885177,0.17010772490050538,0.1701147372701992
147.5,623.1786217778612,620.5909547456423,623.0314156838872,623.0314194925687,53.33801351419807,0.17010772490050538,0.17011413984348098
147.6,623.1828944445359,622.5619623849819,623.0165734131006,623.0165760735186,53.55864872882165,0.17010772490050538,0.170114396590149
147.70000000000002,623.1879606601706,620.171129813289,622.9015820949033,622.9015794125593,53.589669806186606,0.17010772490050538,0.17011473607899513
147.8,623.1991675670977,622.4248294239359,622.8940536576304,622.8940493716487,53.822147333979764,0.17010772490050538,0.17011587710828593
147.9,623.2107621006536,623.0019417049896,622.9118900507514,622.9118854110033,53.83976692208432,0.17010772490050538,0.17011696225284187
148.0,623.2213887423055,624.1826247574791,622.9782055866041,622.97820367111,53.80647598926528,0.17010772490050538,0.17011781282907507
148.1,623.228460408958,623.1099512919674,622.9922828422294,622.9922809874606,53.67555743234067,0.17010772490050538,0.17011809963728797
148.20000000000002,623.2347750680105,624.7510446587736,623.0747763111261,623.0747788601338,53.648979989764854,0.17010772490050538,0.17011825626720964
148.3,623.2366802723544,624.2410634550407,623.1273105016044,623.1273157864701,53.48473645581706,0.17010772490050538,0.17011779862653026
148.4,623.2357859227159,622.8195351450204,623.1141175932078,623.1141218969916,53.379889445279744,0.17010772490050538,0.1701170035211985
148.5,623.2356086764863,620.5708998804763,623.0066321824381,623.0066307530906,53.40663600526691,0.17010772490050538,0.1701163808325548
148.6,623.2411830322984,626.5418063002566,623.1639099293404,623.163916151294,53.62305198553807,0.17010772490050538,0.17011659843240978
148.70000000000002,623.2383552528566,625.7019486028794,623.2696612625407,623.2696722095016,53.30834202761836,0.17010772490050538,0.1701156528722156
148.8,623.2298959711826,622.2236345532572,623.2168321134458,623.2168407128582,53.09563318910816,0.17010772490050538,0.1701140304355057
148.9,623.2242872707799,625.7902955711523,623.3209743226008,623.3209858113767,53.2006277752662,0.17010772490050538,0.17011294842117566
149.0,623.2131390272547,620.28656979556,623.1805502080259,623.1805581425969,52.9906277201156,0.17010772490050538,0.17011121439208096
149.1,623.2095253159958,623.9292260770102,623.209141630166,623.2091497146836,53.27117747624924,0.17010772490050538,0.17011066789342505
149.20000000000002,623.2044024613542,622.081534748944,623.1562679557097,623.1562749697341,53.21340283492896,0.17010772490050538,0.1701099665181109
149.3,623.2021245967485,626.1706951726125,623.2826058092559,623.2826139782112,53.31908957513055,0.17010772490050538,0.17010971685851775
149.4,623.1931140259899,622.5931800569335,623.2440724635476,623.2440798741957,53.06508541839426,0.17010772490050538,0.1701085737384897
149.5,623.1861909697517,622.59456474962,623.2094464974875,623.2094534205787,53.141212827683354,0.17010772490050538,0.17010782100890492
149.6,623.1811419675361,622.4707431953836,623.1730194219589,623.1730260215237,53.2098712007115,0.17010772490050538,0.1701073925338741
149.70000000000002,623.1780589353986,622.195996956476,623.12856317138,623.1285695491418,53.28249573860629,0.17010772490050538,0.1701072700266936
149.8,623.1773662347665,620.4279455096907,623.0133903094215,623.0133965302871,53.37162298787859,0.17010772490050538,0.1701074821772031
149.9,623.1828352726119,623.9684016289342,623.0603915638345,623.0603974402871,53.60333506028524,0.17010772490050538,0.17010850990145718
150.0,623.185791119864,622.6837921958064,623.048061744315,623.0480671038141,53.51022926588223,0.17010772490050538,0.17010909709681127
150.1,623.189408062362,623.7356214537699,623.0817281543873,623.0817334648926,53.535909267790174,0.17010772490050538,0.1701097169979308
150.20000000000002,623.1912280715829,622.3165459058856,623.0516797048358,623.0516842541904,53.469259210984184,0.17010772490050538,0.17011003252833026
150.3,623.194657983967,623.8691715193011,623.0907045703408,623.0907093505966,53.530340789846804,0.17010772490050538,0.1701105356312379
150.4,623.1960051507884,624.6576030222409,623.1593522634303,623.1593579318579,53.45288350352834,0.17010772490050538,0.17011070672492845
150.5,623.1936920636427,620.2683201104759,623.034435920634,623.0344394026263,53.31549276168715,0.17010772490050538,0.1701103627717006
150.6,623.1980646582513,623.4762920703204,623.058528082037,623.0585315850672,53.56648542612419,0.17010772490050538,0.17011095890492958
150.70000000000002,623.2011498392783,627.7103631379899,623.2602844622971,623.2602918722703,53.519215745391755,0.17010772490050538,0.17011132244054689
150.8,623.1934617064196,623.6367122671267,623.2684967557191,623.2685038905705,53.114592252262824,0.17010772490050538,0.17011018568633268
150.9,623.1853609373261,623.7026802936475,623.2786589151385,623.2786656815666,53.09698317675664,0.17010772490050538,0.17010909912273342
151.0,623.1767441818222,621.7696644094731,623.2055617443016,623.2055678587991,53.07537293794875,0.17010772490050538,0.17010804376303115
151.1,623.1720591077332,624.3610722410986,623.2500010681147,623.2500068134096,53.22101290489581,0.17010772490050538,0.17010762134053103
151.20000000000002,623.1650195753776,622.6988455649376,623.2192594701539,623.2192649216689,53.13113492754062,0.17010772490050538,0.17010691701800337
151.3,623.1596458924693,623.7494576257965,623.2362689389813,623.2362739000872,53.19192606180536,0.17010772490050538,0.17010650408651196
151.4,623.153384016286,621.6373031947867,623.161723562645,623.1617288730886,53.15704536596791,0.17010772490050538,0.1701060075836604
151.5,623.1511254518027,621.877135775269,623.1048660840092,623.1048716510411,53.306018131234296,0.17010772490050538,0.1701061004771948
151.6,623.1519165845465,624.745333335748,623.1757097458025,623.1757145511581,53.42018385881885,0.17010772490050538,0.17010659725395488
151.70000000000002,623.1489305026103,623.5332146139258,623.1878796350094,623.1878840873347,53.2782409130733,0.17010772490050538,0.1701065316680966
151.8,623.1453091030378,625.2470745482517,623.2717020389302,623.2717055624554,53.25352299984664,0.17010772490050538,0.17010638408836318
151.9,623.1372269868355,625.0923279289557,623.3404886393214,623.3404908588797,53.084662993980764,0.17010772490050538,0.17010564204962852
152.0,623.1254969712959,625.341927687423,623.4129285523445,623.4129285900458,52.945187492543425,0.17010772490050538,0.17010447213663693
152.1,623.1099319192784,623.7265440977535,623.409324163026,623.4093229717645,52.797682744310706,0.17010772490050538,0.1701028891120193
152.20000000000002,623.094601395379,621.0481104597138,623.2921102907532,623.2921120101146,52.802300751155684,0.17010772490050538,0.17010148547782705
152.3,623.085572015288,626.2054119115022,623.4059637999788,623.4059603280034,53.03530155435434,0.17010772490050538,0.17010106927289326
152.4,623.0704894136887,624.9758643082964,623.4560214291794,623.4560142269448,52.80504531529667,0.17010772490050538,0.1700998663827979
152.5,623.052773903042,621.1746173446056,623.3393151191816,623.3393124145751,52.701877375144356,0.17010772490050538,0.17009841628286718
152.6,623.0413370562613,619.9275097982252,623.1812531887923,623.1812584899099,52.93338787573797,0.17010772490050538,0.17009795459444899
152.70000000000002,623.0383732839798,626.1601707904364,623.3041235210146,623.3041218077038,53.249183140169464,0.17010772490050538,0.17009868575547504
152.8,623.0288606979107,624.5143982251105,623.3446171367798,623.3446123925834,53.00191528650446,0.17010772490050538,0.17009845417476502
152.9,623.0172129903859,623.4146613436924,623.334223306985,623.3342181392096,52.91898799281955,0.17010772490050538,0.17009795110254322
153.0,623.0061523557372,624.530698962633,623.3722886640857,623.3722802752594,52.937934318174975,0.17010772490050538,0.17009757245039667
153.1,622.993089411377,623.8568854035898,623.3778167648969,623.3778068527216,52.85958724332278,0.17010772490050538,0.1700969541688944
153.20000000000002,622.9797660561211,619.97171343369,623.217506781234,623.2175063737219,52.84625601987115,0.17010772490050538,0.17009635581010382
153.3,622.9750390658215,626.6014186710387,623.3552307239158,623.3552211747688,53.16618191413336,0.17010772490050538,0.17009697999356985
153.4,622.9629731040756,623.5072231883154,623.3474752906864,623.3474652436481,52.88870010029197,0.17010772490050538,0.1700965438437769
153.5,622.9513534786472,622.7460948851142,623.3080804095181,623.3080720830815,52.90223731009677,0.17010772490050538,0.17009620651795995
153.60000000000002,622.9418687023114,623.4997105034207,623.3046530968635,623.3046442957096,52.97944291039925,0.17010772490050538,0.17009618829096143
153.70000000000002,622.932593096019,622.0258010988888,623.238849913554,623.2388449127644,52.98475204218582,0.17010772490050538,0.17009619704650725
153.8,622.9268571682398,622.2286818524403,623.1882647523597,623.1882626709046,53.1154623589486,0.17010772490050538,0.17009668318701623
153.9,622.9238402799384,623.6219555136003,623.2020049690902,623.2020018507501,53.21624421595923,0.17010772490050538,0.17009748996147023
154.0,622.9201011120282,622.6153538966189,623.1715434367471,623.1715418351812,53.188245837760704,0.17010772490050538,0.1700981192609262
154.10000000000002,622.9180017614669,623.2779715683985,623.1723167073089,623.1723149361618,53.24895045054671,0.17010772490050538,0.17009890917418066
154.20000000000002,622.9158704701808,623.762156673067,623.1935974844271,623.1935945912852,53.24718109922387,0.17010772490050538,0.17009961735774518
154.3,622.9126120610472,620.9815950583221,623.0944797869273,623.0944812190614,53.20418584306421,0.17010772490050538,0.17010010278734738
154.4,622.9146588455835,623.0052274851466,623.0913959254955,623.0913973954263,53.40296777532112,0.17010772490050538,0.1701012611195034
154.5,622.9168703859625,627.0003053577527,623.2585353448286,623.2585314303277,53.409721448637185,0.17010772490050538,0.1701023300444895
154.60000000000002,622.9101554323809,625.1057939773568,623.3282826078997,623.3282761272078,53.07436806453103,0.17010772490050538,0.17010208217906897
154.70000000000002,622.899734969614,623.0606216694265,623.3040002094957,623.3039940741658,52.93309590949877,0.17010772490050538,0.17010135182280778
154.8,622.8906387876243,623.6305037548306,623.3063541126344,623.3063474167784,52.980120074841196,0.17010772490050538,0.17010086865010607
154.9,622.8814413026213,624.6763352605675,623.3529075697612,623.3528983867916,52.97384991544811,0.17010772490050538,0.17010041528902659
155.0,622.8697821346876,622.8967082926108,623.3190488047361,623.3190404719847,52.878718991553825,0.17010772490050538,0.17009966779278737
155.10000000000002,622.8599610116258,623.5840631079111,623.3177806219718,623.3177717694673,52.94474441644766,0.17010772490050538,0.17009923875785113
155.20000000000002,622.8502332283438,620.3839214207212,623.1805048720079,623.1805025932312,52.94560410378788,0.17010772490050538,0.17009886065638818
155.3,622.8478618819358,623.6162810023138,623.1944790958712,623.1944760145656,53.21983743032786,0.17010772490050538,0.17009951631021747
155.4,622.8447531676492,623.768461469257,623.2135094092727,623.2135053383537,53.19144582751338,0.17010772490050538,0.17010000734351244
155.5,622.8406386424027,622.9989335056767,623.1978854115811,623.1978818787074,53.152752126553594,0.17010772490050538,0.1701003129366082
155.60000000000002,622.8373711843324,620.0876591614257,623.0600117577833,623.0600138220512,53.18352022705899,0.17010772490050538,0.17010070265131333
155.70000000000002,622.8414776318814,623.255494102313,623.0707349440393,623.0707365360067,53.460156202150884,0.17010772490050538,0.1701020558432301
155.8,622.8450058425074,621.5729833344113,623.0088487275807,623.0088518619908,53.439503408879844,0.17010772490050538,0.17010320054889083
155.9,622.8518348892464,623.401799414505,623.0309917692267,623.030994216172,53.56468423829176,0.17010772490050538,0.17010468390973477
156.0,622.8574698564005,626.3140901794826,623.1747907170553,623.1747913478239,53.52158958776776,0.17010772490050538,0.17010586325543778
156.10000000000002,622.8554161658876,622.5408946528213,623.1436696770261,623.1436705588918,53.23374741098567,0.17010772490050538,0.17010588470149735
156.20000000000002,622.8550327098955,625.3449581232566,623.2349260173673,623.2349259765277,53.2960522832609,0.17010772490050538,0.17010613010171569
156.3,622.8497799735372,624.9432945082796,623.2999082362616,623.2999072376946,53.112692188223775,0.17010772490050538,0.17010568915392116
156.4,622.8410718944941,623.7598378635772,623.3079929489681,623.3079913882632,52.98123059351314,0.17010772490050538,0.17010481891251145
156.5,622.8319547337878,623.1788203687915,623.2905159728144,623.2905143002295,52.963482378493296,0.17010772490050538,0.17010397416804093
156.60000000000002,622.823794437278,620.7756477572013,623.1725599479802,623.1725608674458,52.99703141155845,0.17010772490050538,0.17010333815734513
156.70000000000002,622.821954961897,618.7107601511724,622.9786388919947,622.9786443338123,53.23271266845136,0.17010772490050538,0.17010362040481034
156.8,622.8304792757614,625.7005153655342,623.1015026279788,623.1015057928992,53.62225929238015,0.17010772490050538,0.17010528316308246
156.9,622.8324262253356,625.073953449796,623.1853857028491,623.1853877801145,53.37702131627749,0.17010772490050538,0.17010589347008567
157.0,622.8298921661162,616.7819268618648,622.9081953786712,622.9082003600978,53.20890346404562,0.17010772490050538,0.17010583578737995
157.10000000000002,622.8421707550648,623.8403887144477,622.959098086941,622.9591021397537,53.765696300478105,0.17010772490050538,0.17010779574963864
157.20000000000002,622.8517069286726,625.3275742539154,623.0681794652643,623.0681837506203,53.66580171976882,0.17010772490050538,0.17010919689592563
157.3,622.8553996106333,624.8109001036964,623.1443468336433,623.1443516739225,53.448456660529395,0.17010772490050538,0.17010967083774545
157.4,622.8550195952004,623.6653770743544,623.1641454652961,623.1641503042539,53.29617729718567,0.17010772490050538,0.17010954592827324
157.5,622.8535864149696,625.2314497254347,623.2485510502564,623.2485564575735,53.256438533480406,0.17010772490050538,0.17010928929053967
157.60000000000002,622.8476518488797,621.7914288869744,623.1781554272445,623.1781601906183,53.08664066226545,0.17010772490050538,0.17010844444937348
157.70000000000002,622.8454933746713,623.5791443589706,623.1908532299421,623.1908577957846,53.22715159426964,0.17010772490050538,0.17010819251709855
157.8,622.8426647649079,622.4486263435692,623.1541870611217,623.1541913540792,53.20134780597921,0.17010772490050538,0.17010787272785846
157.9,622.8418038613642,624.0491528073013,623.1892701449957,623.1892742536475,53.274638775849205,0.17010772490050538,0.17010785010901838
158.0,622.839074336675,619.6165299429744,623.0323116276251,623.0323156484993,53.20408023417625,0.17010772490050538,0.17010757492745798
158.10000000000002,622.8447367202992,621.2633721366494,622.9611921251085,622.9611954532108,53.51917428798753,0.17010772490050538,0.170108465897303
158.20000000000002,622.8541880754256,623.9585591997388,623.0118861770328,623.011889424298,53.66330272403236,0.17010772490050538,0.17010978689024125
158.3,622.8609143229687,625.9882425987755,623.1438371161884,623.1438421193407,53.563295887615006,0.17010772490050538,0.17011061222107693
158.4,622.8605817362103,624.1501624188343,623.184360990619,623.1843664205377,53.299452076336344,0.17010772490050538,0.17011039977908635
158.5,622.858088875613,625.9360379641466,623.2967513582282,623.2967580138745,53.21805980973692,0.17010772490050538,0.17010991354597932
158.60000000000002,622.849602234801,625.9021056405917,623.3963662900476,623.3963729696766,52.9918090429245,0.17010772490050538,0.1701086579666472
158.70000000000002,622.8358173385299,624.7825506058684,623.4382961002905,623.438301399382,52.79011540162364,0.17010772490050538,0.17010680003391102
158.8,622.819826631019,620.8545819509092,623.3088941084735,623.3089000152272,52.70337552821897,0.17010772490050538,0.17010481708735964
158.9,622.8107850816865,618.1605553976991,623.0778873094065,623.0778974483352,52.96058929637627,0.17010772490050538,0.1701039661383965
159.0,622.8141034548358,623.9862702511739,623.1178639067565,623.1178728361865,53.42331545567695,0.17010772490050538,0.170104875051818
159.10000000000002,622.8152821878243,624.880762926867,623.191871279958,623.1918787330691,53.34368595161246,0.17010772490050538,0.17010540597321427
159.20000000000002,622.8125085330665,620.8424171128418,623.0866920821,623.0867005385039,53.19525537051663,0.17010772490050538,0.17010534828351276
159.3,622.8153609538808,619.6647792921183,622.9420178378742,622.9420272531165,53.40624475426189,0.17010772490050538,0.17010605990330144
159.4,622.825936349285,627.5695199521698,623.1481002964551,623.1481087616296,53.69767105250552,0.17010772490050538,0.17010775281592141
159.5,622.8254848214858,623.7096442819497,623.1693240060338,623.1693320613673,53.28552694786306,0.17010772490050538,0.17010778620039457
159.60000000000002,622.8239035552783,625.6006886545858,623.268830201124,623.2688378156619,53.24288702777399,0.17010772490050538,0.1701076622564291
159.70000000000002,622.8170141557259,622.1196058880985,623.2102662616826,623.2102735865127,53.04268714102823,0.17010772490050538,0.17010682764753987
159.8,622.8132703902869,622.347490827388,623.1672636791731,623.1672708608779,53.15921286346144,0.17010772490050538,0.17010649910356296
159.9,622.8118341434524,621.4702821291525,623.0912733192215,623.0912806546011,53.24504560612221,0.17010772490050538,0.17010651463751514
160.0,622.8144620568513,621.1846865737022,623.0107892241627,623.0107964630171,53.39761321212991,0.17010772490050538,0.17010708043371453
160.10000000000002,622.8213851652979,623.9144311832788,623.0545167259951,623.0545234766681,53.55997363066772,0.17010772490050538,0.1701081757756555
160.20000000000002,622.8259602261322,622.8914264828642,623.0503689089192,623.0503751703422,53.473474368598936,0.17010772490050538,0.17010884783411462
160.3,622.830749369753,623.0444371756115,623.0531704709119,623.0531763001849,53.48276722954726,0.17010772490050538,0.17010948501077075
160.4,622.8353810098804,626.5790852639184,623.206032964932,623.2060404331432,53.478133206860164,0.17010772490050538,0.17011004021483453
160.5,622.8318410555867,622.3411041042413,623.1632905525437,623.163297247615,53.17184453661199,0.17010772490050538,0.1701094318007465
160.60000000000002,622.8305944216684,622.8321049038908,623.1457210144241,623.1457272562508,53.25719793519235,0.17010772490050538,0.1701091925585395
160.70000000000002,622.8302915699612,622.8513666122154,623.13073741287,623.1307432453359,53.292380645358264,0.17010772490050538,0.17010910398942425
160.8,622.8307922845332,623.1248892533828,623.1288966304849,623.1289021687359,53.32254123473465,0.17010772490050538,0.17010913274669906
160.9,622.8313928491052,621.6075830935036,623.062719867854,623.0627245771824,53.32643436624738,0.17010772490050538,0.17010917205881346
161.0,622.835529083049,622.4949973682578,623.0409549853392,623.0409590909987,53.459662303582505,0.17010772490050538,0.17010968797661316
161.10000000000002,622.8408212571902,623.0814983754858,623.0463473621701,623.0463511465184,53.50428368503982,0.17010772490050538,0.17011031196550291
161.20000000000002,622.8458164433995,625.2293359810167,623.1425652455654,623.142570409806,53.49453606253528,0.17010772490050538,0.17011083642736552
161.3,622.8456644946598,625.0847227614659,623.2229654163564,623.2229717279014,53.30217183186203,0.17010772490050538,0.17011061156738097
161.4,622.8412215848341,621.437140761687,623.1401464738565,623.1401514761375,53.14063947839228,0.17010772490050538,0.17010982451601364
161.5,622.8412143905164,623.1025216895752,623.1364766859024,623.1364814221082,53.30637846715872,0.17010772490050538,0.17010971492342125
161.60000000000002,622.8414058727461,622.4278308194387,623.1044866326392,623.1044907937396,53.31385376099618,0.17010772490050538,0.17010964252493146
161.70000000000002,622.8433081091057,621.2151634961344,623.0241521043288,623.0241550504292,53.378290109795955,0.17010772490050538,0.1701098093441399
161.8,622.849499307523,621.6764071515286,622.971538404196,622.9715400623573,53.54022004591258,0.17010772490050538,0.170110543158459
161.9,622.8584895341421,623.6909473066962,623.0099300507767,623.0099319332567,53.647234621432624,0.17010772490050538,0.17011158783135127
162.0,622.8654122367768,618.6742555357876,622.831154708076,622.8311513485465,53.57185156030141,0.17010772490050538,0.1701122527793773
162.10000000000002,622.8818706676041,623.6842007964618,622.8834849783799,622.8834819135614,53.9326012162362,0.17010772490050538,0.17011415059546245
162.20000000000002,622.8955008316588,620.233946134015,622.7838955188776,622.7838865899835,53.83060526707095,0.17010772490050538,0.17011548513389477
162.3,622.9144230846563,621.5555839507188,622.7506134527298,622.7506003407472,54.03345704832689,0.17010772490050538,0.17011741296825625
162.4,622.9350844957399,623.3182213799499,622.7957378769196,622.795725099341,54.104023543392046,0.17010772490050538,0.17011939561723824
162.5,622.9532936889491,622.9652404590482,622.8214066872507,622.8213935349279,54.01731677521098,0.17010772490050538,0.1701208589957559
162.60000000000002,622.9700953835852,621.6805865443672,622.7899473983585,622.7899294726964,53.96926596868788,0.17010772490050538,0.1701219943567096
162.70000000000002,622.9885441523293,621.5015107864358,622.7541263018661,622.7541026362782,54.03579479842396,0.17010772490050538,0.17012324782211524
162.8,623.0088695231847,624.7115475707435,622.8585194980601,622.8585033136164,54.111407444897594,0.17010772490050538,0.17012463956537374
162.9,623.0235783571617,623.5041108966875,622.9011469876878,622.9011333296096,53.90552105708487,0.17010772490050538,0.17012513896615863
163.0,623.0359822495509,624.618694558954,622.9869537899016,622.9869475464639,53.822749691802464,0.17010772490050538,0.17012528029957022
163.10000000000002,623.0437800737215,626.1989245270597,623.1313808731642,623.1313882846713,53.6527517826293,0.17010772490050538,0.17012478471886783
163.20000000000002,623.043851027298,624.8516531048888,623.2040022424617,623.2040159788055,53.364056423367714,0.17010772490050538,0.17012328798941326
163.3,623.0400475693583,622.1218647150675,623.1532217638191,623.1532311014563,53.21826087531123,0.17010772490050538,0.17012140812364807
163.4,623.0389693595782,625.335661651048,623.2442168781414,623.2442325001323,53.319798318995076,0.17010772490050538,0.17012007844772606
163.5,623.0330378985722,625.8327492857841,623.3471825117334,623.3472040640072,53.13685319664178,0.17010772490050538,0.17011821609265576
163.60000000000002,623.0216245698186,622.2385961728162,623.2869014793945,623.2869192950071,52.92893802825188,0.17010772490050538,0.17011578547385892
163.70000000000002,623.0134604605653,625.919161915351,623.3891668916368,623.3891877659737,53.04813837330196,0.17010772490050538,0.17011402761242048
163.8,622.9998567220074,624.0034356240502,623.3996237770154,623.3996435616235,52.841209553709064,0.17010772490050538,0.17011169653032385
163.9,622.9857287097974,622.5724262744421,623.3481096585297,623.3481273575057,52.81780152679319,0.17010772490050538,0.17010951475426514
164.0,622.974387164077,626.4284191792285,623.4657056049839,623.4657221092901,52.918852661453684,0.17010772490050538,0.1701079181935642
164.10000000000002,622.956793996172,627.7764553786129,623.628730834972,623.6287430535996,52.680505936792,0.17010772490050538,0.17010562148851935
164.20000000000002,622.9305367511948,624.6527545153543,623.6424091338569,623.6424165927313,52.34967661763713,0.17010772490050538,0.17010236183506564
164.3,622.9036105560627,624.7472783815879,623.6586071346122,623.6586089352784,52.31740537344647,0.17010772490050538,0.17009931809654696
164.4,622.8758820396349,624.9167806042925,623.6802561263991,623.6802511044671,52.279934598999425,0.17010772490050538,0.17009645115859323
164.5,622.8470615790403,622.8599979608446,623.6121257727003,623.6121203896876,52.231347749577395,0.17010772490050538,0.17009370436857482
164.60000000000002,622.8219457790464,622.797305666976,623.5480582129228,623.548053679633,52.36298797523952,0.17010772490050538,0.17009171894592623
164.70000000000002,622.8003090885826,623.7969646876434,623.5328399869286,623.5328325876047,52.48714085855237,0.17010772490050538,0.17009039167374299
164.8,622.7795348301495,623.5667019320119,623.509261173697,623.5092521112488,52.51375471673281,0.17010772490050538,0.17008930384675672
164.9,622.760067301718,621.3410688521138,623.3933109676443,623.3933111151752,52.557323148332245,0.17010772490050538,0.17008849309400884
165.0,622.7468361240435,623.7777844748089,623.3925768218651,623.3925743311045,52.78677202932772,0.17010772490050538,0.17008860376799675
165.10000000000002,622.7336745841,622.7220279427789,623.3469565690624,623.3469566006302,52.785819854158035,0.17010772490050538,0.1700887096257051
165.20000000000002,622.7229793521554,622.8544255348378,623.3115010488143,623.3115028333773,52.87508574910035,0.17010772490050538,0.1700891371872803
165.3,622.714202019181,623.7379998277586,623.3171430701913,623.3171424829642,52.94437825527232,0.17010772490050538,0.17008978146927328
165.4,622.7051435469316,625.4845880558127,623.3964525695903,623.3964421895278,52.93142753126888,0.17010772490050538,0.17009032299877244
165.5,622.6918704521144,623.291899605698,623.3744809896489,623.3744707735855,52.770363696246456,0.17010772490050538,0.17009023656890976
165.60000000000002,622.6798005346412,623.5118879428622,623.3640155888999,623.3640046033038,52.812061820395186,0.17010772490050538,0.1700903186109445
165.70000000000002,622.6683165308849,620.0919604935112,623.2091083055974,623.20911135981,52.83085411492553,0.17010772490050538,0.17009046924210397
165.8,622.6651305081476,622.218435657089,623.1601853511594,623.1601921455004,53.14004948831503,0.17010772490050538,0.17009173081358223
165.9,622.6645642874639,621.7784570601332,623.0974652608284,623.0974767114665,53.23778599547909,0.17010772490050538,0.17009322607871144
166.0,622.6673488964035,626.1123705909006,623.2253695499451,623.225370834007,53.363742096432375,0.17010772490050538,0.17009503251066102
166.10000000000002,622.663296977883,624.2774345587472,623.262366952801,623.2623649279889,53.10720014301128,0.17010772490050538,0.17009573607308928
166.20000000000002,622.657278334927,624.8971583129234,623.3219726663808,623.321965810895,53.032088305767616,0.17010772490050538,0.1700961032858752
166.3,622.6480898717379,623.1887162758392,623.3028897429432,623.3028832222313,52.91116688184642,0.17010772490050538,0.1700960024098878
166.4,622.639940777438,625.8703433408898,623.3997269085002,623.399712899484,52.94780322695141,0.17010772490050538,0.1700960502308366
166.5,622.6266380759162,621.7724370631023,623.3124975012744,623.3124883990876,52.7516467434512,0.17010772490050538,0.17009539030548107
166.60000000000002,622.6180228822169,621.237958233388,623.2112628817121,623.2112602495068,52.92447086025327,0.17010772490050538,0.17009542820537568
166.70000000000002,622.6148326514805,621.1113537683824,623.1148019392859,623.1148054221467,53.12631455691964,0.17010772490050538,0.17009619799307452
166.8,622.6168004406803,622.2708604675033,623.0773539416415,623.0773593708891,53.31957615741849,0.17010772490050538,0.17009759402309696
166.9,622.6207633703084,620.3480988893327,622.9619186435746,622.9619296091242,53.39519466622475,0.17010772490050538,0.17009912721984935
167.0,622.6308819992655,623.6972728802259,623.0005620440593,623.0005708852384,53.62793489366322,0.17010772490050538,0.17010135021328052
167.10000000000002,622.6389142893006,621.4401052669818,622.9393697589425,622.9393797153034,53.55214663258252,0.17010772490050538,0.17010307808110534
167.20000000000002,622.650196741019,623.2347184252825,622.9607002086708,622.9607089537398,53.67663517529948,0.17010772490050538,0.17010508311248812
167.3,622.6603150863695,620.2751216966192,622.8540728442234,622.8540813922655,53.63586960888938,0.17010772490050538,0.17010673962939568
167.4,622.6761058613265,620.9749266624955,622.7879973047263,622.7880037756278,53.8520839179153,0.17010772490050538,0.17010900970520182
167.5,622.6953910293745,619.3854521973694,622.6610592028038,622.6610605254541,53.987859113434425,0.17010772490050538,0.17011153963964007
167.60000000000002,622.7214137514699,620.0078931768767,622.5734735717183,622.5734672699842,54.246635008527214,0.17010772490050538,0.17011474551126907
167.70000000000002,622.752057818897,622.1441257828213,622.5856850205058,622.5856738431801,54.42758684676711,0.17010772490050538,0.17011827635176818
167.8,622.7819832693493,619.5452572078292,622.4862916896668,622.4862667768207,54.40881696194363,0.17010772490050538,0.1701213771443116
167.9,622.8171529918287,623.4365777112539,622.5625431528603,622.5625181287802,54.614268426894206,0.17010772490050538,0.17012489838065656
168.0,622.8481742716858,626.4350788678274,622.7587986509608,622.7587897482078,54.46764054168738,0.17010772490050538,0.17012752612202153
168.10000000000002,622.8686466298568,626.2048340678411,622.9256385714167,622.925646047628,54.07900940535001,0.17010772490050538,0.17012847612323578
168.20000000000002,622.880164620286,621.1049791393826,622.8588868926379,622.8588840563187,53.74754034603343,0.17010772490050538,0.17012812315832515
168.3,622.8952251229903,624.1988875857247,622.9304928271503,622.930495928583,53.883975488088744,0.17010772490050538,0.17012828820352172
168.4,622.9064302569469,621.484215042434,622.8795116487524,622.8795066647075,53.74294678427438,0.17010772490050538,0.17012791710002295
168.5,622.9203364722306,622.6883954818219,622.884933487722,622.8849268378092,53.84763024537835,0.17010772490050538,0.17012795132892536
168.60000000000002,622.9339252415242,622.8444852898137,622.8965162353114,622.8965087998606,53.83944063079686,0.17010772490050538,0.17012794237151152
168.70000000000002,622.9468683144837,622.711292475312,622.9013354360259,622.9013266016833,53.818811618695406,0.17010772490050538,0.1701278496907659
168.8,622.9595285014408,622.4703536832436,622.8954874996431,622.8954761423831,53.81166274903318,0.17010772490050538,0.17012773046414575
168.9,622.9724763127972,625.8623083749967,623.0345418010705,623.0345449534949,53.825908906209705,0.17010772490050538,0.17012766467376023
169.0,622.9779714842007,623.79402443543,623.0716925687871,623.0716989650965,53.54892583445121,0.17010772490050538,0.17012659537139893
169.10000000000002,622.9814735758982,622.472564553973,623.0489319989811,623.0489353519856,53.47540082159702,0.17010772490050538,0.17012535921192673
169.20000000000002,622.9861870672562,620.9822329798059,622.965105523515,622.965099951587,53.52193869429896,0.17010772490050538,0.17012440734471396
169.3,622.9953709866647,620.5165735005976,622.869947931661,622.8699321303719,53.69145849558026,0.17010772490050538,0.1701241555751709
169.4,623.0096207378494,625.4607094227472,622.9946843259853,622.9946792460277,53.884594816706766,0.17010772490050538,0.17012461829702516
169.5,623.0171801605795,621.5842716507705,622.9420712279812,622.9420602946014,53.636653792935014,0.17010772490050538,0.1701241305433237
169.60000000000002,623.0275367968471,627.5643378733915,623.1491128306133,623.1491207657831,53.74397109284143,0.17010772490050538,0.17012407139259078
169.70000000000002,623.0268157632581,623.0669391836653,623.144086125364,623.1440933703379,53.329858942820294,0.17010772490050538,0.17012251438530127
169.8,623.0263686414714,626.14508509078,623.2704702302105,623.2704871886451,53.33997280000722,0.17010772490050538,0.17012114401870468
169.9,623.0191759495945,626.3911218231586,623.3945850734194,623.3946098321662,53.08598029150641,0.17010772490050538,0.17011898781076332
170.0,623.0053738471177,621.8844462884005,623.3145088465863,623.3145285246363,52.83528890614254,0.17010772490050538,0.17011613797664066
170.10000000000002,622.9958827993947,618.3145699558158,623.090622384449,623.0906327595785,52.99380623595596,0.17010772490050538,0.17011414531505806
170.20000000000002,622.998373864698,622.3226209858765,623.0597015232556,623.0597101412643,53.44219143847582,0.17010772490050538,0.17011397115804908
170.3,623.0025143082679,626.1577097198495,623.1950058054285,623.1950187837574,53.50493957369159,0.17010772490050538,0.1701140381573501
170.4,622.9994225380483,623.2510239209562,623.1930883054673,623.1931006995676,53.233872100867806,0.17010772490050538,0.17011311606845175
170.5,622.9964434494494,621.1468396761404,623.1018680344159,623.1018774597821,53.23727726225175,0.17010772490050538,0.1701122969130341
170.60000000000002,622.9983462903493,621.2827118893786,623.0256057691415,623.0256126556516,53.42020496722483,0.17010772490050538,0.17011221921447484
170.70000000000002,623.0043213498593,620.9208364534047,622.941650049375,622.9416537841385,53.57397844892945,0.17010772490050538,0.17011270253797003
170.8,623.0147705653278,622.8679623255717,622.9489902501595,622.948993154124,53.7439796541143,0.17010772490050538,0.17011374834463205
170.9,623.0248081184401,621.8650046090678,622.9129914356643,622.9129918211319,53.73131098260203,0.17010772490050538,0.17011463963153972
171.0,623.0367497222547,622.7592666036333,622.9187012456501,622.9187006085608,53.805683730374916,0.17010772490050538,0.17011570581672972
171.10000000000002,623.0483636397229,622.2559583113956,622.9024921902741,622.9024894425224,53.79657914943142,0.17010772490050538,0.17011662729469856
171.20000000000002,623.0608213890332,625.3453790825096,623.0193589803209,623.0193616198937,53.831476587082946,0.17010772490050538,0.170117577083994
171.3,623.0670135961687,623.3303437685443,623.0388208521779,623.038823907952,53.59903861614139,0.17010772490050538,0.17011758661309337
171.4,623.0721566074068,622.4324824831041,623.0181719493246,623.0181732185349,53.56122580094546,0.17010772490050538,0.17011745368172318
171.5,623.0783951113948,622.5173463634956,623.003240944151,623.0032407048955,53.60384544759418,0.17010772490050538,0.17011748323679443
171.60000000000002,623.0854213327591,622.0097069807991,622.9682596595767,622.9682566986642,53.63517806782412,0.17010772490050538,0.17011761805638959
171.70000000000002,623.0943044742048,624.7700998911985,623.0542314619744,623.0542328532242,53.706963513300074,0.17010772490050538,0.17011799348314274
171.8,623.0985803416146,622.766282234606,623.0463713932864,623.0463718760386,53.53596887564771,0.17010772490050538,0.1701177082874786
171.9,623.1032707701919,620.8454698228832,622.9576414838338,622.9576364193304,53.55272711125853,0.17010772490050538,0.17011750745775808
172.0,623.1126941518246,624.4150064297048,623.0296794766589,623.0296779260406,53.732121660481745,0.17010772490050538,0.1701179698378073
172.10000000000002,623.1182534079074,622.0918459582456,622.9957115430964,622.9957075031635,53.58924186780092,0.17010772490050538,0.17011786436066384
172.20000000000002,623.125618959791,622.0367060647586,622.9628518673567,622.9628452541793,53.65872563852332,0.17010772490050538,0.17011801537793572
172.3,623.1347276702913,618.4396814902483,622.7803719817928,622.7803531893959,53.72632168394994,0.17010772490050538,0.17011839002182766
172.4,623.1535670552036,625.5650079234006,622.9193439976635,622.9193330172917,54.095002281622875,0.17010772490050538,0.17012005221588408
172.5,623.1649467671474,620.3056365380753,622.8207433515515,622.8207238590853,53.819349295658334,0.17010772490050538,0.17012054509460023
172.60000000000002,623.1815724358194,624.2825537767995,622.9012623413488,622.9012475592011,54.019860373480256,0.17010772490050538,0.1701217054335967
172.70000000000002,623.1938655787776,620.8744697776582,622.8288173545828,622.8287951931175,53.861300497656636,0.17010772490050538,0.1701221689971467
172.8,623.2100059493789,623.6441400361387,622.8815208175174,622.8815015829441,54.009417277892794,0.17010772490050538,0.17012311302714556
172.9,623.2233007706022,625.4443533911194,623.0055537095009,623.0055446624489,53.90668948241005,0.17010772490050538,0.17012358297962163
173.0,623.2299465950726,625.3943449714916,623.1150313597799,623.1150316649712,53.66004787677604,0.17010772490050538,0.1701231068639433
173.10000000000002,623.2307356484384,625.3789608168121,623.2128610740458,623.2128693561938,53.441423555081705,0.17010772490050538,0.1701218815163206
173.20000000000002,623.2263030897744,624.1262082383807,623.2475670396325,623.2475776958495,53.245119479074575,0.17010772490050538,0.17012006376499966
173.3,623.2200320102837,621.7438456591565,623.1774455642297,623.177451670301,53.17472702280466,0.17010772490050538,0.17011816933006482
173.4,623.2175253058901,623.1903590168109,623.1758800651228,623.17588589528,53.314704557198574,0.17010772490050538,0.17011696708282784
173.5,623.2151129466079,623.8040612800661,623.2005641722429,623.2005709931497,53.31757724828787,0.17010772490050538,0.17011589218920461
173.60000000000002,623.2113926856963,622.9572921256187,623.1867441510253,623.186750183798,53.267701342617016,0.17010772490050538,0.17011474172758045
173.70000000000002,623.208423854783,619.3957262753898,623.0228411877479,623.0228411501795,53.29497545948226,0.17010772490050538,0.17011380267312037
173.8,623.2142205117884,626.3398986413262,623.1707570539319,623.1707621368422,53.624065115217576,0.17010772490050538,0.17011414426719873
173.9,623.2121092562271,623.9569581516384,623.2024631503087,623.2024690906189,53.328015520523735,0.17010772490050538,0.1701133787391488
174.0,623.2083142788446,624.9979073210288,623.2752378208942,623.2752455630441,53.26407692206408,0.17010772490050538,0.17011245681154583
174.10000000000002,623.2006458484307,624.6199407679165,623.324593046957,623.3246013588081,53.117271521583284,0.17010772490050538,0.1701110953038032
174.20000000000002,623.1903632954618,622.1673023709228,623.2646404403691,623.2646474663371,53.01681391646726,0.17010772490050538,0.1701095068000887
174.3,623.1833102114589,626.8200239312592,623.408549637683,623.4085568561807,53.1355752267458,0.17010772490050538,0.17010850734908
174.4,623.1685915537181,624.1642548534298,623.4249886961422,623.4249945334707,52.8451708784969,0.17010772490050538,0.17010655899480667
174.5,623.1530320700193,621.8414170293204,623.3409223758197,623.340928212741,52.80954557858217,0.17010772490050538,0.17010467960501474
174.60000000000002,623.1420010663143,623.3621984473318,623.3299298636354,623.3299349414001,52.97576893791411,0.17010772490050538,0.17010359282956716
174.70000000000002,623.1315857104341,623.9024260211567,623.3429703805303,623.3429740849097,52.99595613118193,0.17010772490050538,0.17010269110518456
174.8,623.1205009928065,622.7139955971113,623.3041108680101,623.3041148597651,52.96794810331372,0.17010772490050538,0.1701017819732137
174.9,623.1115200028814,623.683308655587,623.3103391549789,623.3103420342605,53.044125405005076,0.17010772490050538,0.17010124319550138
175.0,623.1022300098703,625.4539495176696,623.3912005589332,623.391199211145,53.03006763567168,0.17010772490050538,0.170100711451087
175.10000000000002,623.0886457945616,624.5918142375299,623.4272103198167,623.4272058857771,52.86594128979127,0.17010772490050538,0.17009964387771412
175.20000000000002,623.0731720593341,620.8543590897647,623.3005880991388,623.3005889099223,52.791155881669376,0.17010772490050538,0.170098418109156
175.3,623.0644980879731,620.1948714900068,623.158606296694,623.1586141430749,53.042883944279644,0.17010772490050538,0.17009823101289423
175.4,623.0634288941992,621.8717095780994,623.1022014204977,623.1022116513531,53.32674733654369,0.17010772490050538,0.17009909333689996
175.5,623.0653773943018,621.6463791442727,623.0418945179147,623.0419069277582,53.44003020347393,0.17010772490050538,0.17010028203252195
175.60000000000002,623.0705453055497,622.5220963952756,623.0249173168723,623.024929752341,53.56172058138609,0.17010772490050538,0.17010179377632684
175.70000000000002,623.076611519438,622.3136816487407,623.0008149618267,623.0008273926306,53.59692563469707,0.17010772490050538,0.17010328277124928
175.8,623.0839546296227,624.763268478475,623.0833463131969,623.0833565818973,53.646622080191484,0.17010772490050538,0.17010480288280544
175.9,623.0868769691107,620.5892138689724,622.9800909265244,622.9801019753596,53.48223013583918,0.17010772490050538,0.17010557708648527
176.0,623.095310566704,621.9702864129442,622.9459884852516,622.9459988210227,53.69043832916097,0.17010772490050538,0.17010702596764088
176.10000000000002,623.1055500761581,623.3626419118491,622.9745779576097,622.9745873720071,53.760684649624515,0.17010772490050538,0.17010858229375542
176.20000000000002,623.1142433923366,622.2897588336705,622.9547126910812,622.9547209154558,53.70526167393562,0.17010772490050538,0.1701097806860376
176.3,623.1239818728434,625.8475599540184,623.0881961030667,623.0882058301122,53.746947377883686,0.17010772490050538,0.17011100734876403
176.4,623.1265732150249,622.5322579697965,623.0672909500739,623.0672996726596,53.4805954902698,0.17010772490050538,0.1701111464603006
176.5,623.1302788979934,621.5195334865185,623.0054397989998,623.0054465735785,53.5232348084484,0.17010772490050538,0.17011142380160008
176.60000000000002,623.1372833320737,623.8889206477088,623.0506042589617,623.0506114116625,53.64838654087477,0.17010772490050538,0.17011212320530608
176.70000000000002,623.141863720401,623.8539052262089,623.0897660971519,623.0897737163863,53.5590507505901,0.17010772490050538,0.17011242704626475
176.8,623.1443460571838,624.4975748025979,623.1523809439846,623.1523897912895,53.48132840397878,0.17010772490050538,0.17011241708896452
176.9,623.1434824109466,621.9406088646823,623.099962615975,623.0999697458683,53.356072356259496,0.17010772490050538,0.17011195333902746
177.0,623.1454239433375,621.502630893428,623.0341991612027,623.0342042331499,53.46141274964316,0.17010772490050538,0.1701119149138327
177.10000000000002,623.1508771710108,620.8578509583004,622.9476538774209,622.9476560105853,53.594101732748406,0.17010772490050538,0.1701123575079284
177.20000000000002,623.160944281375,622.2442834113532,622.9288186430329,622.9288191697444,53.76922161777176,0.17010772490050538,0.1701133853366773
177.3,623.171998840829,624.936194653743,623.0264115676665,623.0264148373824,53.8091071077561,0.17010772490050538,0.1701144503444809
177.4,623.1778204235029,624.9872781236646,623.1164005601494,623.1164068948954,53.61515162410635,0.17010772490050538,0.17011470390860703
177.5,623.1788267875897,622.8287060993897,623.1055569297963,623.1055624640989,53.43550344013145,0.17010772490050538,0.1701142794639659
177.60000000000002,623.1804140163601,624.4020118583413,623.1627223015839,623.1627295610091,53.45763667708348,0.17010772490050538,0.17011397461073938
177.70000000000002,623.1789485130371,623.4606899717237,623.1741078710107,623.1741151856176,53.34317518765292,0.17010772490050538,0.17011328397427183
177.8,623.1768820843632,619.436103398129,623.0131897514586,623.0131921654539,53.32016278657981,0.17010772490050538,0.1701125772787452
177.9,623.183418542676,624.5924729405972,623.0877631305212,623.0877673160805,53.64337690525254,0.17010772490050538,0.17011310707434757
178.0,623.185961531637,621.2923555470556,623.0145140625659,623.0145156030605,53.49484893083848,0.17010772490050538,0.17011304415979367
178.10000000000002,623.1924149490367,618.869219829554,622.845612488202,622.8456077175118,53.64270720084787,0.17010772490050538,0.17011351892436086
178.20000000000002,623.2078788811438,622.144276382488,622.8330411161617,622.8330341346448,53.9835668947702,0.17010772490050538,0.17011517331576395
178.3,623.223984076597,625.5162748183214,622.9652149140481,622.9652130945788,54.01188371915785,0.17010772490050538,0.17011675879620333
178.4,623.2329984407119,623.8642974208642,623.0138990655925,623.0138990389055,53.7493736683441,0.17010772490050538,0.17011723167994042
178.5,623.239396937332,624.4577469474384,623.0829628648828,623.0829660571061,53.653362789301575,0.17010772490050538,0.1701173052296197
178.60000000000002,623.2420969356693,621.8340262683042,623.0335241404393,623.0335242569535,53.51589909232931,0.17010772490050538,0.17011687003517736
178.70000000000002,623.2474358840477,626.6636705840403,623.194473694169,623.1944818954292,53.61594745006505,0.17010772490050538,0.17011683558250437
178.8,623.2441711193428,619.8614969136135,623.0499610019202,623.0499621883241,53.29358735415917,0.17010772490050538,0.17011563556145268
178.9,623.2486363855768,617.3730451438919,622.8141710459291,622.8141608649848,53.5836271464862,0.17010772490050538,0.17011560066361525
179.0,623.2656896097653,624.2216472854258,622.8934135707764,622.8934058592395,54.058588184514896,0.17010772490050538,0.17011728004944748
179.10000000000002,623.2784772404898,624.5812414901798,622.9800503080933,622.9800465795554,53.902664137413254,0.17010772490050538,0.17011822190982823
179.20000000000002,623.2866138956871,622.6762152878566,622.9770086084679,622.9770038772216,53.73108223098584,0.17010772490050538,0.1701184436949615
179.3,623.2948997187474,621.6279283892214,622.9297363865045,622.9297278125842,53.73889759688123,0.17010772490050538,0.1701186658291195
179.4,623.3056968197703,623.2388433731165,622.9557785764835,622.9557706953918,53.83565244803007,0.17010772490050538,0.1701192092821792
179.5,623.3150839518347,627.4592650123617,623.1587347487574,623.1587400407462,53.78550897546097,0.17010772490050538,0.17011951089033503
179.60000000000002,623.313615201921,622.9216678337332,623.1483215019572,623.148325905026,53.379482884344704,0.17010772490050538,0.17011830956256935
179.70000000000002,623.3127108778135,624.3677929259653,623.2004544875845,623.20046159133,53.40032789673489,0.17010772490050538,0.1701172997129427
179.8,623.3090290844581,623.7452916045104,623.2208621856619,623.2208700421012,53.29555190821351,0.17010772490050538,0.17011600862737167
179.9,623.3042703962831,623.739001202763,623.2389333319179,623.2389416498914,53.25402630625024,0.17010772490050538,0.1701146939194287
180.0,623.2985619360568,623.2386361598242,623.2338866645985,623.2338944838324,53.21699367417081,0.17010772490050538,0.17011337487448006
180.10000000000002,623.293140435983,620.2784241917738,623.1034370450784,623.1034410780692,53.2262490614506,0.17010772490050538,0.17011221986096214
180.20000000000002,623.2947027580414,622.5287678289898,623.0818094759221,623.0818126484503,53.48762146219632,0.17010772490050538,0.17011212369450013
180.3,623.2974213315844,621.9044928315559,623.0358243608202,623.035826000881,53.53156019494959,0.17010772490050538,0.17011219372611658
180.4,623.3025944928754,621.8516199394404,622.9922413074402,622.9922412614974,53.62467523007937,0.17010772490050538,0.1701125906930895
180.5,623.3100885351427,624.8552157641095,623.0808122875076,623.080814513383,53.71342229623163,0.17010772490050538,0.17011326550125316
180.60000000000002,623.3128401783482,623.1316941429437,623.087203637094,623.0872057597014,53.53696764732664,0.17010772490050538,0.17011323198618197
180.70000000000002,623.3152490842343,622.5164275882709,623.066803316775,623.0668045069699,53.52481309709272,0.17010772490050538,0.17011315516063938
180.8,623.3187469279615,622.8595049337308,623.0630644782169,623.0630652340569,53.56644755748605,0.17010772490050538,0.17011323371960618
180.9,623.3224414332867,622.0026363766302,623.0232836094115,623.0232827433817,53.57479545097144,0.17010772490050538,0.170113331677494
181.0,623.3282571427266,622.0186730549681,622.9882150156122,622.9882124856572,53.65562760488798,0.17010772490050538,0.17011370879053292
181.10000000000002,623.335937708565,622.2752895620637,622.9676252069225,622.9676212999299,53.72738599548052,0.17010772490050538,0.17011430382796563
181.20000000000002,623.3447057548585,621.6420610295256,622.9222219767985,622.9222154368402,53.77039215393585,0.17010772490050538,0.17011499060329874
181.3,623.3558842110581,622.0221116698345,622.8976023040931,622.8975935893982,53.86348172574671,0.17010772490050538,0.17011594029320462
181.4,623.368357793995,628.1738359768885,623.1371353415257,623.1371384632707,53.91524948473685,0.17010772490050538,0.17011697661128428
181.5,623.3680153629278,623.1504420299669,623.1389692424843,623.1389722332424,53.43628835235904,0.17010772490050538,0.1701161737466201
181.60000000000002,623.3675808753216,621.8479832970828,623.0852320918024,623.0852324425263,53.432731090083315,0.17010772490050538,0.1701154349546952
181.70000000000002,623.3700225262063,623.0248382662433,623.0869600510539,623.0869602137434,53.5408583470903,0.17010772490050538,0.1701151575555222
181.8,623.3723715537753,624.3438843293084,623.1446254425655,623.1446277946543,53.53803320251859,0.17010772490050538,0.17011489422618958
181.9,623.3716405844087,622.3538392578191,623.1118664007577,623.1118673472401,53.42275176275025,0.17010772490050538,0.17011423745665488
182.0,623.3726659377352,624.7183477502322,623.1829646336146,623.1829679842258,53.48865398410615,0.17010772490050538,0.17011388187128984
182.10000000000002,623.3698967744334,622.9615351327958,623.1721973368346,623.1722002162361,53.3461230302926,0.17010772490050538,0.1701130442150764
182.20000000000002,623.3677138384897,619.8193091655669,623.0288772463384,623.0288760884708,53.367436564109646,0.17010772490050538,0.1701123655902892
182.3,623.3731952204555,627.897616661562,623.2435371158705,623.2435419986491,53.65529605875544,0.17010772490050538,0.17011279300202917
182.4,623.367204696303,625.0011708286982,623.3134232254961,623.3134294789113,53.22502881841241,0.17010772490050538,0.17011162027691296
182.5,623.3574999084597,621.5039345069305,623.2275174832736,623.2275220604594,53.083619563098914,0.17010772490050538,0.1701100531646421
182.60000000000002,623.3524095413571,622.5663407469249,623.1954061565374,623.1954101832341,53.2546591793982,0.17010772490050538,0.17010926151018685
182.70000000000002,623.349050178748,624.4597438802642,623.2470309716765,623.2470351086289,53.31842883201636,0.17010772490050538,0.17010877955978
182.8,623.342945768853,623.1560302181514,623.2379999392208,623.2380037538885,53.21420863014052,0.17010772490050538,0.17010796924146437
182.9,623.3373418055537,623.5134387980115,623.2450535328898,623.2450570368367,53.2313913020824,0.17010772490050538,0.17010730285222816
183.0,623.3313780560057,624.6850373441193,623.3011984995724,623.3012013337903,53.216334165817706,0.17010772490050538,0.1701066496717286
183.10000000000002,623.3224334240746,622.9572671149482,623.2781857435236,623.2781883380376,53.10253355857245,0.17010772490050538,0.1701056518562597
183.20000000000002,623.3147419821942,622.3137565507473,623.2300864471093,623.2300893885678,53.14727766669761,0.17010772490050538,0.17010491773249
183.3,623.309640601725,622.8836804821143,623.2110376219093,623.2110406080479,53.24267467175157,0.17010772490050538,0.17010460401086136
183.4,623.3055719561918,621.7306605015679,623.1448531523968,623.1448571523106,53.280161826710746,0.17010772490050538,0.1701044590444175
183.5,623.3050510083145,622.4710287684347,623.1168068573602,623.1168111509423,53.412580166662366,0.17010772490050538,0.17010480877350062
183.60000000000002,623.3060330276722,627.1188441867066,623.2892449088932,623.2892465807569,53.469004057889414,0.17010772490050538,0.17010532840006262
183.70000000000002,623.2978075293646,621.2497926783127,623.1947253308192,623.1947283027768,53.1227407324528,0.17010772490050538,0.17010454561635877
183.8,623.2946521128431,620.6533090760073,623.0843265574525,623.0843313896731,53.31133000538526,0.17010772490050538,0.17010452507509882
183.9,623.2974034752989,626.5254005819978,623.2347612033672,623.2347636687269,53.53278051769575,0.17010772490050538,0.17010530816387343
184.0,623.2921183544374,622.1747538941362,623.1850364852646,623.1850394819005,53.23106832290087,0.17010772490050538,0.1701049233042002
184.10000000000002,623.2895043301813,624.7845765807228,623.251287715017,623.2512894326553,53.330166301734735,0.17010772490050538,0.17010493683600933
184.20000000000002,623.283361568778,621.2812967162713,623.1618713744222,623.1618744837305,53.19665350589857,0.17010772490050538,0.17010446800198287
184.3,623.2820114464533,622.374846507501,623.1279432975127,623.1279468474405,53.375364658910975,0.17010772490050538,0.17010469392556588
184.4,623.2824798516144,624.7151640844468,623.19695701428,623.1969593599956,53.443440463016465,0.17010772490050538,0.17010514443238764
184.5,623.2792649900989,623.1782306754186,623.1936620883316,623.1936643025131,53.3049458443063,0.17010772490050538,0.1701050503431879
184.60000000000002,623.2762367407277,626.3922100622378,623.3273678300882,623.3273677229279,53.31109931624626,0.17010772490050538,0.170104989351319
184.70000000000002,623.2660779430128,622.2784238170573,623.2726447091895,623.272645207739,53.041918798187375,0.17010772490050538,0.17010396320102733
184.8,623.258867613129,623.6055673853929,623.2798290808036,623.2798290099315,53.15013737648784,0.17010772490050538,0.17010343387411703
184.9,623.2512928571188,625.3355845218758,623.3598306466795,623.3598278906392,53.134471482003384,0.17010772490050538,0.17010290365908018
185.0,623.239465539178,624.2795555818025,623.3868292092401,623.3868246921688,52.97237544168169,0.17010772490050538,0.17010184368444303
185.10000000000002,623.2262256553562,622.9601433571669,623.3549435739993,623.354939334802,52.916013591700676,0.17010772490050538,0.17010069020290713
185.20000000000002,623.2147209093777,619.0730258139528,623.1609028198543,623.1609066612926,52.97773491308632,0.17010772490050538,0.170099880099152
185.3,623.2136071275206,622.515715917543,623.1327663748925,623.1327711797502,53.365691193492104,0.17010772490050538,0.17010055780017358
185.4,623.2140010884715,621.9438032604471,623.0831402101843,623.0831466631521,53.4221344447795,0.17010772490050538,0.17010137446463977
185.5,623.2170471003437,620.2139599177866,622.9649533691413,622.9649632224058,53.522052011344186,0.17010772490050538,0.1701024726217848
185.60000000000002,623.2264008253997,624.966934923693,623.0608204314561,623.060827695164,53.760269260612716,0.17010772490050538,0.17010432255119726
185.70000000000002,623.2306166408674,622.5280501551861,623.0433577829175,623.0433649190768,53.56943203814468,0.17010772490050538,0.17010529796810264
185.8,623.2357584867704,624.1426000156794,623.0963391575722,623.0963454174378,53.605423941128315,0.17010772490050538,0.17010630591585071
185.9,623.238062172644,622.8895101818841,623.0907197562991,623.0907257192399,53.499999490232,0.17010772490050538,0.17010683186443462
186.0,623.2406636892413,626.2384693831957,623.2281011935459,623.2281065233204,53.51183162943529,0.17010772490050538,0.17010734778984232
186.10000000000002,623.2359251407219,624.3783338814436,623.272550480704,623.2725552117579,53.236288956041044,0.17010772490050538,0.17010681629690347
186.20000000000002,623.2288260190576,619.9220440805433,623.1229891689849,623.1229949170801,53.14616602704855,0.17010772490050538,0.1701060133749734
186.3,623.2297329460876,621.5365583166257,623.0571254591036,623.0571314505976,53.445556667233404,0.17010772490050538,0.1701063742323652
186.4,623.2341581101394,623.4448365254282,623.0790577521875,623.079063292239,53.578212285692395,0.17010772490050538,0.17010717838909348
186.5,623.2374048276199,625.0586785542766,623.1674358055495,623.1674410218326,53.535057969487234,0.17010772490050538,0.17010774561264946
186.60000000000002,623.2359270556937,623.493857440284,623.1803806770189,623.1803856229313,53.35812810008167,0.17010772490050538,0.1701076163375824
186.70000000000002,623.2337639367466,622.4579405408385,623.1479625200576,623.147967267984,53.33193504165486,0.17010772490050538,0.1701074055654291
186.8,623.2333396631321,622.8313536565418,623.1346829248794,623.1346874597859,53.39679207886975,0.17010772490050538,0.17010745057889926
186.9,623.2336282157082,627.9122577689442,623.3388170659141,623.3388212099787,53.423504820667965,0.17010772490050538,0.17010758767048928
187.0,623.2230165613753,622.2908156607165,623.2833255202993,623.2833294209485,53.01334910818258,0.17010772490050538,0.17010622891014307
187.10000000000002,623.2153946617676,624.3132537153975,623.319384747572,623.319387640787,53.12299939203364,0.17010772490050538,0.17010540467687638
187.20000000000002,623.2058663463569,622.9770184110357,623.2949509558722,623.2949536392088,53.0491890759487,0.17010772490050538,0.17010439826028326
187.3,623.1976664512904,621.8700215999573,623.2258585033557,623.2258622395125,53.096607542713095,0.17010772490050538,0.17010366673232735
187.4,623.1931769457658,623.06604759427,623.2145535082246,623.2145571544228,53.234031719710515,0.17010772490050538,0.17010350786787343
187.5,623.1893033190103,623.8196291010854,623.236415658516,623.2364184231618,53.255996318345694,0.17010772490050538,0.1701034465794427
187.60000000000002,623.1842728272198,619.492522610668,623.0720401541996,623.0720468915657,53.211409596636024,0.17010772490050538,0.17010323256642645
187.70000000000002,623.1880341432566,625.3482914987178,623.1732314319609,623.173235780477,53.54093219091254,0.17010772490050538,0.1701042328589695
187.8,623.1863849294018,621.2406694075688,623.0895629442997,623.0895686756086,53.338322055285325,0.17010772490050538,0.17010440188619094
187.9,623.1892098171767,625.5198651513215,623.1962992882462,623.1963031377885,53.50626057826597,0.17010772490050538,0.17010516212850368
188.0,623.1863300753345,619.8098375606608,623.0494673016836,623.0494731776793,53.29232862252823,0.17010772490050538,0.17010507397200142
188.10000000000002,623.1913004986031,622.5149088719246,623.0324553949154,623.0324610845975,53.58699381096992,0.17010772490050538,0.1701060604462195
188.20000000000002,623.1971704812956,620.6408881626985,622.9374867996088,622.9374924325887,53.622193386287556,0.17010772490050538,0.17010707508686906
188.3,623.2081015171635,626.2164461598894,623.0892278707238,623.0892334661787,53.81425576597924,0.17010772490050538,0.17010868088921205
188.4,623.2109064015305,622.6120515594305,623.0724511362768,623.0724562541051,53.51138136413737,0.17010772490050538,0.17010903008129963
188.5,623.2146032970883,621.7570698487123,623.0210204837107,623.021024701664,53.54571122574359,0.17010772490050538,0.17010946727555012
188.60000000000002,623.2210410403563,623.6621073386797,623.0558068185948,623.0558110266845,53.64986408360903,0.17010772490050538,0.17011023549207838
188.70000000000002,623.2256089462543,623.182331330523,623.0667178886773,623.0667218718321,53.581233323301205,0.17010772490050538,0.17011067687055642
188.8,623.2295863313514,619.7013861781658,622.9285197913715,622.928520738207,53.56024441428773,0.17010772490050538,0.17011099629412374
188.9,623.2409381856154,622.9020217758701,622.9403800654004,622.9403803335388,53.83886147415586,0.17010772490050538,0.17011228779480872
189.0,623.25163390938,625.1152177887395,623.045222411338,623.0452251912658,53.81723848015694,0.17010772490050538,0.17011336826239354
189.10000000000002,623.2567089885491,625.3399402748587,623.1491118255198,623.1491176879575,53.60859651279025,0.17010772490050538,0.1701135831762084
189.20000000000002,623.256226827612,621.7547421657054,623.0900932877275,623.0900970131369,53.40082034252719,0.17010772490050538,0.17011302287984148
189.3,623.2589004917785,620.712069758252,622.9926796661684,622.9926800560078,53.51946072203714,0.17010772490050538,0.1701129451313056
189.4,623.2667736141506,621.5107235111415,622.9390604265005,622.9390583169534,53.71586783573525,0.17010772490050538,0.17011358189571962
189.5,623.2774957266727,624.6593465537273,623.02478500724,623.0247853814479,53.82522073067451,0.17010772490050538,0.170114546090823
189.60000000000002,623.283618377287,624.3192510309772,623.0874631727461,623.0874656148982,53.6550187478709,0.17010772490050538,0.17011479470949148
189.70000000000002,623.2863827147119,624.8080595438659,623.1646457746386,623.1646509840341,53.530283624821436,0.17010772490050538,0.17011456408468803
189.8,623.285021548414,624.4132686034663,623.2172786481541,623.2172854930684,53.375766376709265,0.17010772490050538,0.17011379514095426
189.9,623.2808552169826,619.5191117687637,623.0564713556026,623.0564731961945,53.26982450370997,0.17010772490050538,0.1701127181309523
190.0,623.2852894780605,622.4532370767569,623.0366281507067,623.0366290055229,53.59238436549588,0.17010772490050538,0.1701129127602468
190.10000000000002,623.2907765343654,624.4591322725485,623.1041126869741,623.104115294508,53.63320645678389,0.17010772490050538,0.17011323248024454
190.20000000000002,623.2926500213679,622.4697253255067,623.0802235016554,623.080225109281,53.4986927258685,0.17010772490050538,0.17011303122059834
190.3,623.2957981377244,626.4631169293019,623.2285796578524,623.2285856020904,53.547170845229815,0.17010772490050538,0.17011302271462705
190.4,623.2910186576865,620.3205777581796,623.1007828781617,623.1007853966515,53.24966400358991,0.17010772490050538,0.17011193758846638
190.5,623.2930780951416,623.0441580538148,623.1016675095883,623.1016698121612,53.505756560501226,0.17010772490050538,0.17011188528128235
190.60000000000002,623.2950885702023,619.866680987771,622.9673472407787,622.9673460769278,53.504471031360346,0.17010772490050538,0.17011183149508333
190.70000000000002,623.3042712754375,624.3378104122677,623.036715946653,623.036716151416,53.77494504105777,0.17010772490050538,0.17011275781275906
190.8,623.309731643197,621.7990536506921,622.9911766446536,622.9911750156372,53.63733773056714,0.17010772490050538,0.17011309095223764
190.9,623.3176150749231,622.2790214910659,622.9706660987522,622.9706631657197,53.73000825196853,0.17010772490050538,0.1701137222900208
191.0,623.3265795080991,623.9402687381145,623.0229103990448,623.0229088353971,53.77282532014635,0.17010772490050538,0.17011444129713973
191.10000000000002,623.3327368521601,624.5851265515986,623.0973605216415,623.0973615562407,53.669604892437576,0.17010772490050538,0.17011471141206091
191.20000000000002,623.3349073926044,620.909812168457,623.0080421156441,623.0080394009124,53.52122583518792,0.17010772490050538,0.17011441474042846
191.3,623.3418467487555,622.5126193745072,622.9958988269274,622.9958951133981,53.70128975183543,0.17010772490050538,0.17011479497391105
191.4,623.3494225212589,623.2455219057581,623.016183392573,623.0161800279976,53.727119375730005,0.17010772490050538,0.17011522639876242
191.5,623.3559014110223,625.0713370751018,623.1121098917536,623.1121104409008,53.687887746250965,0.17010772490050538,0.17011546867673896
191.60000000000002,623.3572459101421,624.0708454407537,623.1558577268437,623.1558599675857,53.49640581603565,0.17010772490050538,0.17011499091202803
191.70000000000002,623.3562542754472,625.2442457921434,623.245108581013,623.2451141121144,53.40884816298998,0.17010772490050538,0.17011424147106968
191.8,623.350501411947,620.7877551736068,623.1358446929893,623.1358466598218,53.22938873281145,0.17010772490050538,0.17011291610670798
191.9,623.3506002951327,621.1539294816488,623.0531375337815,623.053137026991,53.448065170798344,0.17010772490050538,0.17011251225161472
192.0,623.3551195069292,620.0010331981046,622.9297378906431,622.9297334557881,53.614453066190165,0.17010772490050538,0.17011274778273483
192.10000000000002,623.3662225832104,624.741138295704,623.0203780720278,623.0203760313169,53.863462874038,0.17010772490050538,0.17011385604682927
192.20000000000002,623.3724633943344,621.9131312468628,622.9816757244216,622.9816717774509,53.68347396266719,0.17010772490050538,0.17011419916531245
192.3,623.3807608509417,620.7814523164246,622.8987790800974,622.8987710838128,53.7625657526248,0.17010772490050538,0.17011478985328146
192.4,623.3934708472731,625.0191538040015,623.0044940692771,623.0044900275134,53.930879429062806,0.17010772490050538,0.17011592483719304
192.5,623.4005100594815,621.6828783166776,622.9577404400784,622.9577335297217,53.72089664138648,0.17010772490050538,0.17011618266333028
192.60000000000002,623.4100344378302,625.5393029303888,623.0797365392037,623.0797353276288,53.81633230167256,0.17010772490050538,0.1701167546774983
192.70000000000002,623.4130256524497,622.0959150735583,623.0430533601019,623.04305000761,53.57303135258218,0.17010772490050538,0.17011638558433986
192.8,623.4179732783862,620.5241272179346,622.9432408229724,622.9432320715949,53.64747149254372,0.17010772490050538,0.17011631825110615
192.9,623.4282447171346,624.9452465812955,623.041528827514,623.0415245990829,53.84917504385783,0.17010772490050538,0.17011698166960545
193.0,623.4332477108478,626.3927037823131,623.1915225874634,623.1915260690095,53.65367474289109,0.17010772490050538,0.17011686728880035
193.10000000000002,623.4302324135176,620.3511477075353,623.0695026289021,623.0695002752483,53.35325654234787,0.17010772490050538,0.1701156745978454
193.20000000000002,623.4337448026939,622.9988936439355,623.072366638193,623.0723641746046,53.59811312711773,0.17010772490050538,0.170115483020806
193.3,623.4371003665732,620.7072359045206,622.9775054809096,622.9774985832713,53.59316168665913,0.17010772490050538,0.17011528895871653
193.4,623.4455189116157,625.9110755176907,623.113525159639,623.1135241473205,53.78461788349291,0.17010772490050538,0.170115802045203
193.5,623.4466580221479,624.8962506165329,623.1927269293425,623.1927293107043,53.51293151392132,0.17010772490050538,0.17011527787972439
193.60000000000002,623.44356852074,624.205104165105,623.2345657593503,623.2345696493918,53.3540938940467,0.17010772490050538,0.17011422903755255
193.70000000000002,623.4382553200358,621.5719446173422,623.1601980588708,623.1601994928535,53.26956752017776,0.17010772490050538,0.17011297754401475
193.8,623.4369297513929,623.3881401671939,623.1705388135827,623.1705404403208,53.41820583832581,0.17010772490050538,0.17011238699808923
193.9,623.435058727616,625.2435487113281,623.2587399334545,623.2587435753874,53.39731853898803,0.17010772490050538,0.1701117783233131
194.0,623.4284850371006,622.0600264809543,623.2026638302511,623.2026662966558,53.21982483310101,0.17010772490050538,0.170110587795543
194.10000000000002,623.4249246523564,626.5176015854287,623.3417767949056,623.3417809261019,53.33145272759755,0.17010772490050538,0.17010991957333066
194.20000000000002,623.4139461823951,624.7109368606056,623.3900284032882,623.39003209076,53.0513056594443,0.17010772490050538,0.17010830539360788
194.3,623.4004187589586,621.7856839328105,623.3089675889147,623.3089708937612,52.952403009220625,0.17010772490050538,0.17010649668102704
194.4,623.3912540786714,621.3649589005234,623.2181204069311,623.2181243461657,53.112935694280615,0.17010772490050538,0.1701054518102881
194.5,623.3869649102111,625.001808016511,623.2910496755927,623.2910522224436,53.29394754600985,0.17010772490050538,0.17010516787515603
194.60000000000002,623.3787936222874,622.2535605633221,623.239739317569,623.2397423615176,53.14668127122973,0.17010772490050538,0.17010438176752582
194.70000000000002,623.3733839238365,621.9532078971805,623.1807894666188,623.1807934435143,53.248403569466404,0.17010772490050538,0.17010404443486396
194.8,623.3711375686454,625.9423653187229,623.2974025962333,623.2974039087217,53.36599347103797,0.17010772490050538,0.1701041679126876
194.9,623.3626713626627,622.4712172678744,623.2546417131804,623.2546435790434,53.13129850153601,0.17010772490050538,0.17010343262597966
195.0,623.3565105710221,627.4153724358878,623.4264111593499,623.4264079633596,53.215772725102035,0.17010772490050538,0.17010307913625472
195.10000000000002,623.3411928411272,623.6899123418132,623.4224156369345,623.422411251492,52.869479876836174,0.17010772490050538,0.1701015120824328
195.20000000000002,623.3261252555939,622.1420213133721,623.35292510317,623.3529224498658,52.87474918805637,0.17010772490050538,0.17010012574994024
195.3,623.3148048142173,625.0964186122465,623.416007691708,623.4160010151933,53.011697566810156,0.17010772490050538,0.17009937855655904
195.4,623.3001429988377,623.2372726853662,623.3936192038274,623.3936123983035,52.882880426003254,0.17010772490050538,0.17009824551474798
195.5,623.2867116205782,622.1371834158399,623.3266350710375,623.3266311036223,52.92522153579976,0.17010772490050538,0.17009738495604504
195.60000000000002,623.2768893446406,624.2751265786202,623.3572575429451,623.357250850975,53.057417814125984,0.17010772490050538,0.17009709450944285
195.70000000000002,623.2654554308882,623.384964687624,623.3468939256063,623.3468869403922,52.9941058109108,0.17010772490050538,0.17009660998744125
195.8,623.2546021446908,627.0809311006033,623.4946996719677,623.4946818217524,53.01286476267244,0.17010772490050538,0.17009624790544153
195.9,623.235881254687,623.6703002053914,623.4825203071434,623.4825012872249,52.713828181734634,0.17010772490050538,0.17009484720190304
196.0,623.2178538630244,621.7737902069113,623.3908273418435,623.3908138739226,52.734864237917364,0.17010772490050538,0.1700936708026065
196.10000000000002,623.2047644506691,619.072971844373,623.1934299333881,623.193431984218,52.915830925782586,0.17010772490050538,0.17009327478739847
196.20000000000002,623.2022467294915,619.1646165201338,623.0197558040621,623.0197711928931,53.31016038534964,0.17010772490050538,0.1700943511431746
196.3,623.2090102928028,624.4487664522028,623.0882866073072,623.0882970754353,53.65878425607049,0.17010772490050538,0.17009658451466603
196.4,623.212100077876,623.6029046726769,623.1139743888325,623.1139830659206,53.52234952023176,0.17010772490050538,0.17009810490309094
196.5,623.2138122362645,626.4307051972003,623.2573475982588,623.2573488437284,53.47133770860201,0.17010772490050538,0.1700992921094649
196.60000000000002,623.2078649003658,620.3778071041849,623.1288740585577,623.1288811393857,53.183532664549034,0.17010772490050538,0.170099323731234
196.70000000000002,623.2087928789215,626.9650548104008,623.2934522138902,623.2934518073693,53.44067926184061,0.17010772490050538,0.17010028541086356
196.8,623.2009305469583,621.074057959687,623.1909285401798,623.1909322000215,53.11010340779987,0.17010772490050538,0.17009995920406876
196.9,623.1985618841392,625.9538801038202,623.3062213624471,623.3062197639904,53.31473330049514,0.17010772490050538,0.1701004093174097
197.0,623.190042184923,621.1379780289518,623.2050824782633,623.2050848478567,53.08259597491748,0.17010772490050538,0.17009997879745098
197.10000000000002,623.1869435325424,620.4503698096594,623.0848515865509,623.084858893178,53.28431495870626,0.17010772490050538,0.17010032465495273
197.20000000000002,623.1902734402425,625.2879978859221,623.182449362932,623.1824528410352,53.525418279131976,0.17010772490050538,0.17010151019558947
197.3,623.1883845096119,624.7406713011127,623.246954671329,623.246955682482,53.3299058550071,0.17010772490050538,0.17010187272448013
197.4,623.1830556155898,620.4983690790667,623.1245406829739,623.1245456411706,53.199930615288636,0.17010772490050538,0.1701017319335245
197.5,623.1842768290849,620.0694359089902,622.9961939863597,622.9962026892671,53.445005241499864,0.17010772490050538,0.17010249380643064
197.60000000000002,623.192350464988,622.4412807513411,622.9816520728233,622.9816605723562,53.7032291184142,0.17010772490050538,0.17010411379810816
197.70000000000002,623.201183599293,624.5830263791103,623.0596964349054,623.0597033634016,53.73399674651242,0.17010772490050538,0.17010568282511898
197.8,623.205829938419,623.9169883860163,623.1015961771815,623.1016024121533,53.57881413078761,0.17010772490050538,0.17010653378500948
197.9,623.2082291688824,620.9247955348092,623.0120487453526,623.0120550400893,53.495500009162676,0.17010772490050538,0.17010699834735993
198.0,623.2154064872457,623.6481634188657,623.0473522342285,623.0473580442183,53.67597420288973,0.17010772490050538,0.1701080680424016
198.10000000000002,623.2206834426939,622.9249292635027,623.0483771406529,623.0483825035823,53.606394614189576,0.17010772490050538,0.17010877807419966
198.20000000000002,623.2258950316294,621.689527122768,622.996787153892,622.9967915524479,53.605361870425796,0.17010772490050538,0.170109411999737
198.3,623.2338514900355,626.1407857237276,623.1397193278683,623.1397252925714,53.71007585717004,0.17010772490050538,0.17011035906077232
198.4,623.2341577879779,622.8415933351566,623.1279853013408,623.1279907865794,53.42431112399742,0.17010772490050538,0.17011017688537292
198.5,623.2350913209782,621.2389983138336,623.0492827018693,623.0492867887298,53.44800022811555,0.17010772490050538,0.1701100974559272
198.60000000000002,623.2402273480806,625.8856737728455,623.1761240900976,623.1761298856545,53.60641535592752,0.17010772490050538,0.17011059701567713
198.70000000000002,623.2385788927726,622.3040837497795,623.1378975420715,623.1379025199541,53.35246786322148,0.17010772490050538,0.17011012727691024
198.8,623.2389769572507,624.3467784155498,623.1903853032511,623.1903907143598,53.42904356942282,0.17010772490050538,0.17010998046479633
198.9,623.2365721304857,622.3262072288555,623.1516591892371,623.1516639379672,53.32366327346788,0.17010772490050538,0.17010946664390658
199.0,623.2362421427637,624.4665133966092,623.2078451852286,623.2078502114649,53.401100186873286,0.17010772490050538,0.17010928366674263
199.10000000000002,623.2329133361853,624.4502283670563,623.2576773351662,623.2576823797834,53.288149137763234,0.17010772490050538,0.1701087103255542
199.20000000000002,623.2269316896582,622.4556702730331,623.217651587022,623.2176562226565,53.18740797732836,0.17010772490050538,0.17010783046246747
199.3,623.2231021056039,625.9310460246916,623.3294281077434,623.3294321887948,53.26678372935566,0.17010772490050538,0.17010732636859804
199.4,623.213312431909,623.063368911235,623.307972160831,623.3079757616275,53.04143747519103,0.17010772490050538,0.17010605911473548
199.5,623.204691365837,618.2221019390424,623.0827479280383,623.0827544215335,53.0827705719094,0.17010772490050538,0.17010507029990315
199.60000000000002,623.2081187148698,623.2046486308193,623.0920674365249,623.0920734987825,53.53388570788202,0.17010772490050538,0.17010581269397862
199.70000000000002,623.2110415945948,625.9052046273218,623.2153115361863,623.2153163391803,53.51582681839628,0.17010772490050538,0.1701064157179542
199.8,623.2073768092758,621.253042856026,623.1283112304565,623.1283165574919,53.268687974208916,0.17010772490050538,0.17010606560685793
199.9,623.2083674184139,623.3592952440056,623.1396321310133,623.1396371120356,53.4429043720108,0.17010772490050538,0.17010638113240648
